
/mnt/40645EBE645EB5FE/DOC/20262/ED3/Lab_4/Prac4/build/Prac4.elf:     file format elf32-littlearm

Sections:
Idx Name          Size      VMA       LMA       File off  Algn
  0 .text         00006074  10000000  10000000  00001000  2**3
                  CONTENTS, ALLOC, LOAD, READONLY, CODE
  1 .rodata       00000524  10006078  10006078  00007078  2**3
                  CONTENTS, ALLOC, LOAD, READONLY, DATA
  2 .ARM.exidx    00000008  1000659c  1000659c  0000759c  2**2
                  CONTENTS, ALLOC, LOAD, READONLY, DATA
  3 .binary_info  00000024  100065a4  100065a4  000075a4  2**2
                  CONTENTS, ALLOC, LOAD, READONLY, DATA
  4 .psram_load   00000000  11000000  11000000  00009a90  2**0
                  CONTENTS
  5 .psram_noload 00000000  11000000  11000000  00009a90  2**0
                  CONTENTS
  6 .xip_ram      00000000  13ffc000  13ffc000  00009a90  2**0
                  CONTENTS
  7 .ram_vector_table 00000110  20000000  20000000  0000a000  2**2
                  ALLOC
  8 .uninitialized_data 00000000  20000110  20000110  00009a90  2**0
                  CONTENTS
  9 .data         000014b4  20000110  100065c8  00008110  2**3
                  CONTENTS, ALLOC, LOAD, READONLY, CODE
 10 .tdata        00000000  200015c4  200015c4  00009a90  2**0
                  CONTENTS, ALLOC, LOAD, DATA, THREAD_LOCAL
 11 .tbss         00000000  200015c4  200015c4  00000000  2**0
                  ALLOC, THREAD_LOCAL
 12 .tbss_space   00000000  200015c4  200015c4  00009a90  2**0
                  CONTENTS
 13 .bss          00000a84  200015c8  10007a7c  0000a5c8  2**3
                  ALLOC
 14 .tls0         00000000  2000204c  2000204c  00009a90  2**0
                  CONTENTS
 15 .tls1         00000000  2000204c  2000204c  00009a90  2**0
                  CONTENTS
 16 .persistent_data 00000000  2000204c  2000204c  00009a90  2**0
                  CONTENTS
 17 .dummy_pre_heap 00000000  2000204c  2000204c  00009a90  2**0
                  CONTENTS
 18 .heap         00000800  2000204c  2000204c  0000a04c  2**2
                  ALLOC, READONLY
 19 .scratch_x    00000000  20080000  20080000  00009a90  2**0
                  CONTENTS
 20 .scratch_y    00000000  20081000  20081000  00009a90  2**0
                  CONTENTS
 21 .stack_dummy  00000800  20081000  20081000  0000a000  2**5
                  ALLOC, READONLY
 22 .flash_end    00000014  10007a7c  10007a7c  00009a7c  2**2
                  CONTENTS, ALLOC, LOAD, READONLY, DATA
 23 .debug_info   00032b5b  00000000  00000000  00009a90  2**0
                  CONTENTS, READONLY, DEBUGGING, OCTETS
 24 .debug_abbrev 00008c4d  00000000  00000000  0003c5eb  2**0
                  CONTENTS, READONLY, DEBUGGING, OCTETS
 25 .debug_loclists 00018a9a  00000000  00000000  00045238  2**0
                  CONTENTS, READONLY, DEBUGGING, OCTETS
 26 .debug_aranges 000012e0  00000000  00000000  0005dcd8  2**3
                  CONTENTS, READONLY, DEBUGGING, OCTETS
 27 .debug_rnglists 000044c0  00000000  00000000  0005efb8  2**0
                  CONTENTS, READONLY, DEBUGGING, OCTETS
 28 .debug_line   000208ad  00000000  00000000  00063478  2**0
                  CONTENTS, READONLY, DEBUGGING, OCTETS
 29 .debug_str    000096cf  00000000  00000000  00083d25  2**0
                  CONTENTS, READONLY, DEBUGGING, OCTETS
 30 .comment      00000045  00000000  00000000  0008d3f4  2**0
                  CONTENTS, READONLY
 31 .ARM.attributes 00000036  00000000  00000000  0008d439  2**0
                  CONTENTS, READONLY
 32 .debug_frame  00003124  00000000  00000000  0008d470  2**2
                  CONTENTS, READONLY, DEBUGGING, OCTETS
 33 .debug_line_str 000002d5  00000000  00000000  00090594  2**0
                  CONTENTS, READONLY, DEBUGGING, OCTETS

/mnt/40645EBE645EB5FE/DOC/20262/ED3/Lab_4/Prac4/build/Prac4.elf:     file format elf32-littlearm


Disassembly of section .text:

10000000 <__VECTOR_TABLE>:
10000000:	20082000 	.word	0x20082000
10000004:	1000015b 	.word	0x1000015b
10000008:	1000011b 	.word	0x1000011b
1000000c:	1000011d 	.word	0x1000011d
10000010:	10000111 	.word	0x10000111
10000014:	10000111 	.word	0x10000111
10000018:	10000111 	.word	0x10000111
1000001c:	10000111 	.word	0x10000111
10000020:	10000119 	.word	0x10000119
10000024:	10000119 	.word	0x10000119
10000028:	10000119 	.word	0x10000119
1000002c:	1000011f 	.word	0x1000011f
10000030:	10000111 	.word	0x10000111
10000034:	10000119 	.word	0x10000119
10000038:	10000121 	.word	0x10000121
1000003c:	10000123 	.word	0x10000123
10000040:	10000111 	.word	0x10000111
10000044:	10000111 	.word	0x10000111
10000048:	10000111 	.word	0x10000111
1000004c:	10000111 	.word	0x10000111
10000050:	10000111 	.word	0x10000111
10000054:	10000111 	.word	0x10000111
10000058:	10000111 	.word	0x10000111
1000005c:	10000111 	.word	0x10000111
10000060:	10000111 	.word	0x10000111
10000064:	10000111 	.word	0x10000111
10000068:	10000111 	.word	0x10000111
1000006c:	10000111 	.word	0x10000111
10000070:	10000111 	.word	0x10000111
10000074:	10000111 	.word	0x10000111
10000078:	10000111 	.word	0x10000111
1000007c:	10000111 	.word	0x10000111
10000080:	10000111 	.word	0x10000111
10000084:	10000111 	.word	0x10000111
10000088:	10000111 	.word	0x10000111
1000008c:	10000111 	.word	0x10000111
10000090:	10000111 	.word	0x10000111
10000094:	10000111 	.word	0x10000111
10000098:	10000111 	.word	0x10000111
1000009c:	10000111 	.word	0x10000111
100000a0:	10000111 	.word	0x10000111
100000a4:	10000111 	.word	0x10000111
100000a8:	10000111 	.word	0x10000111
100000ac:	10000111 	.word	0x10000111
100000b0:	10000111 	.word	0x10000111
100000b4:	10000111 	.word	0x10000111
100000b8:	10000111 	.word	0x10000111
100000bc:	10000111 	.word	0x10000111
100000c0:	10000111 	.word	0x10000111
100000c4:	10000111 	.word	0x10000111
100000c8:	10000111 	.word	0x10000111
100000cc:	10000111 	.word	0x10000111
100000d0:	10000111 	.word	0x10000111
100000d4:	10000111 	.word	0x10000111
100000d8:	10000111 	.word	0x10000111
100000dc:	10000111 	.word	0x10000111
100000e0:	10000111 	.word	0x10000111
100000e4:	10000111 	.word	0x10000111
100000e8:	10000111 	.word	0x10000111
100000ec:	10000111 	.word	0x10000111
100000f0:	10000111 	.word	0x10000111
100000f4:	10000111 	.word	0x10000111
100000f8:	10000111 	.word	0x10000111
100000fc:	10000111 	.word	0x10000111
10000100:	10000111 	.word	0x10000111
10000104:	10000111 	.word	0x10000111
10000108:	10000111 	.word	0x10000111
1000010c:	10000111 	.word	0x10000111

10000110 <__unhandled_user_irq>:
10000110:	f3ef 8005 	mrs	r0, IPSR
10000114:	3810      	subs	r0, #16

10000116 <unhandled_user_irq_num_in_r0>:
10000116:	be00      	bkpt	0x0000

10000118 <isr_invalid>:
10000118:	be00      	bkpt	0x0000

1000011a <isr_nmi>:
1000011a:	be00      	bkpt	0x0000

1000011c <isr_hardfault>:
1000011c:	be00      	bkpt	0x0000

1000011e <isr_svcall>:
1000011e:	be00      	bkpt	0x0000

10000120 <isr_pendsv>:
10000120:	be00      	bkpt	0x0000

10000122 <isr_systick>:
10000122:	be00      	bkpt	0x0000

10000124 <__default_isrs_end>:
10000124:	7188ebf2 	.word	0x7188ebf2
10000128:	100065a4 	.word	0x100065a4
1000012c:	100065c8 	.word	0x100065c8
10000130:	1000019c 	.word	0x1000019c
10000134:	e71aa390 	.word	0xe71aa390

10000138 <__binary_info_header_end>:
10000138:	ffffded3 	.word	0xffffded3
1000013c:	10210142 	.word	0x10210142
10000140:	000001ff 	.word	0x000001ff
10000144:	00007944 	.word	0x00007944
10000148:	ab123579 	.word	0xab123579

1000014c <_entry_point>:
1000014c:	2000      	movs	r0, #0

1000014e <_enter_vtable_in_r0>:
1000014e:	491e      	ldr	r1, [pc, #120]	@ (100001c8 <data_cpy_table+0x2c>)
10000150:	6008      	str	r0, [r1, #0]
10000152:	c806      	ldmia	r0!, {r1, r2}
10000154:	f381 8808 	msr	MSP, r1
10000158:	4710      	bx	r2

1000015a <_reset_handler>:
1000015a:	f04f 4050 	mov.w	r0, #3489660928	@ 0xd0000000
1000015e:	6800      	ldr	r0, [r0, #0]
10000160:	b108      	cbz	r0, 10000166 <hold_non_core0_in_bootrom+0x4>

10000162 <hold_non_core0_in_bootrom>:
10000162:	2000      	movs	r0, #0
10000164:	e7f3      	b.n	1000014e <_enter_vtable_in_r0>
10000166:	a40d      	add	r4, pc, #52	@ (adr r4, 1000019c <data_cpy_table>)
10000168:	cc0e      	ldmia	r4!, {r1, r2, r3}
1000016a:	2900      	cmp	r1, #0
1000016c:	d002      	beq.n	10000174 <hold_non_core0_in_bootrom+0x12>
1000016e:	f000 f812 	bl	10000196 <data_cpy>
10000172:	e7f9      	b.n	10000168 <hold_non_core0_in_bootrom+0x6>
10000174:	4915      	ldr	r1, [pc, #84]	@ (100001cc <data_cpy_table+0x30>)
10000176:	4a16      	ldr	r2, [pc, #88]	@ (100001d0 <data_cpy_table+0x34>)
10000178:	2000      	movs	r0, #0
1000017a:	e000      	b.n	1000017e <bss_fill_test>

1000017c <bss_fill_loop>:
1000017c:	c101      	stmia	r1!, {r0}

1000017e <bss_fill_test>:
1000017e:	4291      	cmp	r1, r2
10000180:	d1fc      	bne.n	1000017c <bss_fill_loop>

10000182 <platform_entry>:
10000182:	4914      	ldr	r1, [pc, #80]	@ (100001d4 <data_cpy_table+0x38>)
10000184:	4788      	blx	r1
10000186:	4914      	ldr	r1, [pc, #80]	@ (100001d8 <data_cpy_table+0x3c>)
10000188:	4788      	blx	r1
1000018a:	4914      	ldr	r1, [pc, #80]	@ (100001dc <data_cpy_table+0x40>)
1000018c:	4788      	blx	r1
1000018e:	be00      	bkpt	0x0000
10000190:	e7fd      	b.n	1000018e <platform_entry+0xc>

10000192 <data_cpy_loop>:
10000192:	c901      	ldmia	r1!, {r0}
10000194:	c201      	stmia	r2!, {r0}

10000196 <data_cpy>:
10000196:	429a      	cmp	r2, r3
10000198:	d3fb      	bcc.n	10000192 <data_cpy_loop>

1000019a <data_cpy_done>:
1000019a:	4770      	bx	lr

1000019c <data_cpy_table>:
1000019c:	100065c8 	.word	0x100065c8
100001a0:	20000110 	.word	0x20000110
100001a4:	200015c4 	.word	0x200015c4
100001a8:	10007a7c 	.word	0x10007a7c
100001ac:	20080000 	.word	0x20080000
100001b0:	20080000 	.word	0x20080000
100001b4:	10007a7c 	.word	0x10007a7c
100001b8:	20081000 	.word	0x20081000
100001bc:	20081000 	.word	0x20081000
100001c0:	00000000 	.word	0x00000000
100001c4:	4770      	bx	lr
100001c6:	0000      	.short	0x0000
100001c8:	e000ed08 	.word	0xe000ed08
100001cc:	200015c4 	.word	0x200015c4
100001d0:	2000204c 	.word	0x2000204c
100001d4:	10003699 	.word	0x10003699
100001d8:	100001e1 	.word	0x100001e1
100001dc:	10003691 	.word	0x10003691

100001e0 <main>:
100001e0:	e92d 4ff8 	stmdb	sp!, {r3, r4, r5, r6, r7, r8, r9, sl, fp, lr}
100001e4:	a7c0      	add	r7, pc, #768	@ (adr r7, 100004e8 <main+0x308>)
100001e6:	e9d7 6700 	ldrd	r6, r7, [r7]
100001ea:	ed2d 8b06 	vpush	{d8-d10}
100001ee:	f003 fb7d 	bl	100038ec <stdio_init_all>
100001f2:	237f      	movs	r3, #127	@ 0x7f
100001f4:	eef7 8a00 	vmov.f32	s17, #112	@ 0x3f800000  1.0
100001f8:	ed9f 8aa1 	vldr	s16, [pc, #644]	@ 10000480 <main+0x2a0>
100001fc:	2400      	movs	r4, #0
100001fe:	f8df a2b8 	ldr.w	sl, [pc, #696]	@ 100004b8 <main+0x2d8>
10000202:	4da0      	ldr	r5, [pc, #640]	@ (10000484 <main+0x2a4>)
10000204:	46d0      	mov	r8, sl
10000206:	f1ca 0901 	rsb	r9, sl, #1
1000020a:	f80a 3bff 	strb.w	r3, [sl], #255
1000020e:	eb09 0008 	add.w	r0, r9, r8
10000212:	f001 fc2f 	bl	10001a74 <__wrap___aeabi_i2d>
10000216:	4632      	mov	r2, r6
10000218:	463b      	mov	r3, r7
1000021a:	f001 fbab 	bl	10001974 <__wrap___aeabi_dmul>
1000021e:	462b      	mov	r3, r5
10000220:	4622      	mov	r2, r4
10000222:	f001 fba7 	bl	10001974 <__wrap___aeabi_dmul>
10000226:	f001 fc17 	bl	10001a58 <__wrap___aeabi_d2f>
1000022a:	f001 fd99 	bl	10001d60 <__wrap_sinf>
1000022e:	ee07 0a90 	vmov	s15, r0
10000232:	ee77 7aa8 	vadd.f32	s15, s15, s17
10000236:	ee67 7a88 	vmul.f32	s15, s15, s16
1000023a:	eefc 7ae7 	vcvt.u32.f32	s15, s15
1000023e:	ee17 3a90 	vmov	r3, s15
10000242:	f808 3f01 	strb.w	r3, [r8, #1]!
10000246:	45d0      	cmp	r8, sl
10000248:	d1e1      	bne.n	1000020e <main+0x2e>
1000024a:	240b      	movs	r4, #11
1000024c:	f04f 0501 	mov.w	r5, #1
10000250:	4620      	mov	r0, r4
10000252:	f000 f99f 	bl	10000594 <gpio_init>
10000256:	ec45 4044 	gpioc_bit_oe_put r4, r5
1000025a:	3401      	adds	r4, #1
1000025c:	2c13      	cmp	r4, #19
1000025e:	d1f7      	bne.n	10000250 <main+0x70>
10000260:	2005      	movs	r0, #5
10000262:	f001 f909 	bl	10001478 <clock_get_hz>
10000266:	f04f 0c05 	mov.w	ip, #5
1000026a:	4603      	mov	r3, r0
1000026c:	4f86      	ldr	r7, [pc, #536]	@ (10000488 <main+0x2a8>)
1000026e:	f04f 22e0 	mov.w	r2, #3758153728	@ 0xe000e000
10000272:	2100      	movs	r1, #0
10000274:	463e      	mov	r6, r7
10000276:	4885      	ldr	r0, [pc, #532]	@ (1000048c <main+0x2ac>)
10000278:	fa23 f30c 	lsr.w	r3, r3, ip
1000027c:	fba0 0303 	umull	r0, r3, r0, r3
10000280:	4c83      	ldr	r4, [pc, #524]	@ (10000490 <main+0x2b0>)
10000282:	09db      	lsrs	r3, r3, #7
10000284:	3b01      	subs	r3, #1
10000286:	6111      	str	r1, [r2, #16]
10000288:	eb04 050c 	add.w	r5, r4, ip
1000028c:	6153      	str	r3, [r2, #20]
1000028e:	6191      	str	r1, [r2, #24]
10000290:	f8c2 c010 	str.w	ip, [r2, #16]
10000294:	f814 1b01 	ldrb.w	r1, [r4], #1
10000298:	4630      	mov	r0, r6
1000029a:	f000 f92d 	bl	100004f8 <boton_init>
1000029e:	42a5      	cmp	r5, r4
100002a0:	f106 060c 	add.w	r6, r6, #12
100002a4:	d1f6      	bne.n	10000294 <main+0xb4>
100002a6:	487b      	ldr	r0, [pc, #492]	@ (10000494 <main+0x2b4>)
100002a8:	f003 fb64 	bl	10003974 <__wrap_puts>
100002ac:	487a      	ldr	r0, [pc, #488]	@ (10000498 <main+0x2b8>)
100002ae:	f003 fb61 	bl	10003974 <__wrap_puts>
100002b2:	487a      	ldr	r0, [pc, #488]	@ (1000049c <main+0x2bc>)
100002b4:	f003 fb5e 	bl	10003974 <__wrap_puts>
100002b8:	eddf 9a79 	vldr	s19, [pc, #484]	@ 100004a0 <main+0x2c0>
100002bc:	eddf 8a79 	vldr	s17, [pc, #484]	@ 100004a4 <main+0x2c4>
100002c0:	ed9f aa79 	vldr	s20, [pc, #484]	@ 100004a8 <main+0x2c8>
100002c4:	f8df 8228 	ldr.w	r8, [pc, #552]	@ 100004f0 <main+0x310>
100002c8:	4e78      	ldr	r6, [pc, #480]	@ (100004ac <main+0x2cc>)
100002ca:	f8df 9228 	ldr.w	r9, [pc, #552]	@ 100004f4 <main+0x314>
100002ce:	f107 053c 	add.w	r5, r7, #60	@ 0x3c
100002d2:	ed9f 9a77 	vldr	s18, [pc, #476]	@ 100004b0 <main+0x2d0>
100002d6:	f04f 23e0 	mov.w	r3, #3758153728	@ 0xe000e000
100002da:	691b      	ldr	r3, [r3, #16]
100002dc:	03db      	lsls	r3, r3, #15
100002de:	d516      	bpl.n	1000030e <main+0x12e>
100002e0:	f8d8 3000 	ldr.w	r3, [r8]
100002e4:	2b00      	cmp	r3, #0
100002e6:	f000 809f 	beq.w	10000428 <main+0x248>
100002ea:	4972      	ldr	r1, [pc, #456]	@ (100004b4 <main+0x2d4>)
100002ec:	f8d8 2000 	ldr.w	r2, [r8]
100002f0:	680b      	ldr	r3, [r1, #0]
100002f2:	4413      	add	r3, r2
100002f4:	600b      	str	r3, [r1, #0]
100002f6:	680a      	ldr	r2, [r1, #0]
100002f8:	ee10 3010 			gpioc_lo_out_get r3
100002fc:	496e      	ldr	r1, [pc, #440]	@ (100004b8 <main+0x2d8>)
100002fe:	0e12      	lsrs	r2, r2, #24
10000300:	5c8a      	ldrb	r2, [r1, r2]
10000302:	ea83 23c2 	eor.w	r3, r3, r2, lsl #11
10000306:	f403 23ff 	and.w	r3, r3, #522240	@ 0x7f800
1000030a:	ee20 3010 			gpioc_lo_out_xor r3
1000030e:	f001 f83b 	bl	10001388 <time_us_64>
10000312:	2900      	cmp	r1, #0
10000314:	d04b      	beq.n	100003ae <main+0x1ce>
10000316:	f44f 727a 	mov.w	r2, #1000	@ 0x3e8
1000031a:	2300      	movs	r3, #0
1000031c:	f005 fe70 	bl	10006000 <____aeabi_uldivmod_veneer>
10000320:	4682      	mov	sl, r0
10000322:	f000 f8ff 	bl	10000524 <entradas_muestrear>
10000326:	463c      	mov	r4, r7
10000328:	4683      	mov	fp, r0
1000032a:	4620      	mov	r0, r4
1000032c:	4652      	mov	r2, sl
1000032e:	4659      	mov	r1, fp
10000330:	340c      	adds	r4, #12
10000332:	f000 f8fb 	bl	1000052c <boton_leer>
10000336:	42ac      	cmp	r4, r5
10000338:	d1f7      	bne.n	1000032a <main+0x14a>
1000033a:	4860      	ldr	r0, [pc, #384]	@ (100004bc <main+0x2dc>)
1000033c:	f000 f910 	bl	10000560 <boton_presionado>
10000340:	2800      	cmp	r0, #0
10000342:	d15f      	bne.n	10000404 <main+0x224>
10000344:	485e      	ldr	r0, [pc, #376]	@ (100004c0 <main+0x2e0>)
10000346:	f000 f90b 	bl	10000560 <boton_presionado>
1000034a:	2800      	cmp	r0, #0
1000034c:	d14a      	bne.n	100003e4 <main+0x204>
1000034e:	484e      	ldr	r0, [pc, #312]	@ (10000488 <main+0x2a8>)
10000350:	f000 f90c 	bl	1000056c <boton_esta_presionado>
10000354:	2800      	cmp	r0, #0
10000356:	d03e      	beq.n	100003d6 <main+0x1f6>
10000358:	eeb0 8a68 	vmov.f32	s16, s17
1000035c:	edd6 7a00 	vldr	s15, [r6]
10000360:	ee28 8a27 	vmul.f32	s16, s16, s15
10000364:	eeb5 8ac0 	vcmpe.f32	s16, #0.0
10000368:	eef1 fa10 	vmrs	APSR_nzcv, fpscr
1000036c:	d925      	bls.n	100003ba <main+0x1da>
1000036e:	ee68 6a29 	vmul.f32	s13, s16, s19
10000372:	ed99 7a00 	vldr	s14, [r9]
10000376:	eec6 7a89 	vdiv.f32	s15, s13, s18
1000037a:	eeb4 7a48 	vcmp.f32	s14, s16
1000037e:	eefc 7ae7 	vcvt.u32.f32	s15, s15
10000382:	eef1 fa10 	vmrs	APSR_nzcv, fpscr
10000386:	edc8 7a00 	vstr	s15, [r8]
1000038a:	d0a4      	beq.n	100002d6 <main+0xf6>
1000038c:	eeb5 8ac0 	vcmpe.f32	s16, #0.0
10000390:	eef1 fa10 	vmrs	APSR_nzcv, fpscr
10000394:	dd1b      	ble.n	100003ce <main+0x1ee>
10000396:	ee18 0a10 	vmov	r0, s16
1000039a:	f005 fe35 	bl	10006008 <____aeabi_f2d_veneer>
1000039e:	4602      	mov	r2, r0
100003a0:	460b      	mov	r3, r1
100003a2:	4848      	ldr	r0, [pc, #288]	@ (100004c4 <main+0x2e4>)
100003a4:	f003 fb64 	bl	10003a70 <__wrap_printf>
100003a8:	ed89 8a00 	vstr	s16, [r9]
100003ac:	e791      	b.n	100002d2 <main+0xf2>
100003ae:	4b46      	ldr	r3, [pc, #280]	@ (100004c8 <main+0x2e8>)
100003b0:	fba3 3000 	umull	r3, r0, r3, r0
100003b4:	ea4f 1a90 	mov.w	sl, r0, lsr #6
100003b8:	e7b3      	b.n	10000322 <main+0x142>
100003ba:	edd9 7a00 	vldr	s15, [r9]
100003be:	eef4 7a48 	vcmp.f32	s15, s16
100003c2:	2300      	movs	r3, #0
100003c4:	eef1 fa10 	vmrs	APSR_nzcv, fpscr
100003c8:	f8c8 3000 	str.w	r3, [r8]
100003cc:	d083      	beq.n	100002d6 <main+0xf6>
100003ce:	483f      	ldr	r0, [pc, #252]	@ (100004cc <main+0x2ec>)
100003d0:	f003 fad0 	bl	10003974 <__wrap_puts>
100003d4:	e7e8      	b.n	100003a8 <main+0x1c8>
100003d6:	483e      	ldr	r0, [pc, #248]	@ (100004d0 <main+0x2f0>)
100003d8:	f000 f8c8 	bl	1000056c <boton_esta_presionado>
100003dc:	b368      	cbz	r0, 1000043a <main+0x25a>
100003de:	eeb0 8a4a 	vmov.f32	s16, s20
100003e2:	e7bb      	b.n	1000035c <main+0x17c>
100003e4:	edd6 7a00 	vldr	s15, [r6]
100003e8:	ee77 7aa7 	vadd.f32	s15, s15, s15
100003ec:	ee17 0a90 	vmov	r0, s15
100003f0:	edc6 7a00 	vstr	s15, [r6]
100003f4:	f005 fe08 	bl	10006008 <____aeabi_f2d_veneer>
100003f8:	4602      	mov	r2, r0
100003fa:	460b      	mov	r3, r1
100003fc:	4835      	ldr	r0, [pc, #212]	@ (100004d4 <main+0x2f4>)
100003fe:	f003 fb37 	bl	10003a70 <__wrap_printf>
10000402:	e7a4      	b.n	1000034e <main+0x16e>
10000404:	edd6 7a00 	vldr	s15, [r6]
10000408:	eeb6 7a00 	vmov.f32	s14, #96	@ 0x3f000000  0.5
1000040c:	ee67 7a87 	vmul.f32	s15, s15, s14
10000410:	ee17 0a90 	vmov	r0, s15
10000414:	edc6 7a00 	vstr	s15, [r6]
10000418:	f005 fdf6 	bl	10006008 <____aeabi_f2d_veneer>
1000041c:	4602      	mov	r2, r0
1000041e:	460b      	mov	r3, r1
10000420:	482d      	ldr	r0, [pc, #180]	@ (100004d8 <main+0x2f8>)
10000422:	f003 fb25 	bl	10003a70 <__wrap_printf>
10000426:	e78d      	b.n	10000344 <main+0x164>
10000428:	ee10 3010 			gpioc_lo_out_get r3
1000042c:	f483 2380 	eor.w	r3, r3, #262144	@ 0x40000
10000430:	f403 23ff 	and.w	r3, r3, #522240	@ 0x7f800
10000434:	ee20 3010 			gpioc_lo_out_xor r3
10000438:	e769      	b.n	1000030e <main+0x12e>
1000043a:	4828      	ldr	r0, [pc, #160]	@ (100004dc <main+0x2fc>)
1000043c:	f000 f896 	bl	1000056c <boton_esta_presionado>
10000440:	b110      	cbz	r0, 10000448 <main+0x268>
10000442:	ed9f 8a27 	vldr	s16, [pc, #156]	@ 100004e0 <main+0x300>
10000446:	e789      	b.n	1000035c <main+0x17c>
10000448:	eddf 7a26 	vldr	s15, [pc, #152]	@ 100004e4 <main+0x304>
1000044c:	ed96 8a00 	vldr	s16, [r6]
10000450:	ee28 8a27 	vmul.f32	s16, s16, s15
10000454:	eeb4 8ae7 	vcmpe.f32	s16, s15
10000458:	eef1 fa10 	vmrs	APSR_nzcv, fpscr
1000045c:	d9ad      	bls.n	100003ba <main+0x1da>
1000045e:	ee68 6a29 	vmul.f32	s13, s16, s19
10000462:	ed9f 7a13 	vldr	s14, [pc, #76]	@ 100004b0 <main+0x2d0>
10000466:	eec6 7a87 	vdiv.f32	s15, s13, s14
1000046a:	eefc 7ae7 	vcvt.u32.f32	s15, s15
1000046e:	4817      	ldr	r0, [pc, #92]	@ (100004cc <main+0x2ec>)
10000470:	edc8 7a00 	vstr	s15, [r8]
10000474:	f003 fa7e 	bl	10003974 <__wrap_puts>
10000478:	e796      	b.n	100003a8 <main+0x1c8>
1000047a:	bf00      	nop
1000047c:	f3af 8000 	nop.w
10000480:	42ff0000 	.word	0x42ff0000
10000484:	3f700000 	.word	0x3f700000
10000488:	20001a40 	.word	0x20001a40
1000048c:	0a7c5ac5 	.word	0x0a7c5ac5
10000490:	10006348 	.word	0x10006348
10000494:	10006078 	.word	0x10006078
10000498:	100060b0 	.word	0x100060b0
1000049c:	100060e4 	.word	0x100060e4
100004a0:	4f800000 	.word	0x4f800000
100004a4:	4382d0a4 	.word	0x4382d0a4
100004a8:	4392d47b 	.word	0x4392d47b
100004ac:	20001504 	.word	0x20001504
100004b0:	47c35000 	.word	0x47c35000
100004b4:	20001a3c 	.word	0x20001a3c
100004b8:	20001ef0 	.word	0x20001ef0
100004bc:	20001a64 	.word	0x20001a64
100004c0:	20001a70 	.word	0x20001a70
100004c4:	1000619c 	.word	0x1000619c
100004c8:	10624dd3 	.word	0x10624dd3
100004cc:	100061c4 	.word	0x100061c4
100004d0:	20001a4c 	.word	0x20001a4c
100004d4:	10006160 	.word	0x10006160
100004d8:	1000611c 	.word	0x1000611c
100004dc:	20001a58 	.word	0x20001a58
100004e0:	43a4d0a4 	.word	0x43a4d0a4
100004e4:	00000000 	.word	0x00000000
100004e8:	54442d18 	.word	0x54442d18
100004ec:	401921fb 	.word	0x401921fb
100004f0:	20001ffc 	.word	0x20001ffc
100004f4:	20001500 	.word	0x20001500

100004f8 <boton_init>:
100004f8:	b538      	push	{r3, r4, r5, lr}
100004fa:	460d      	mov	r5, r1
100004fc:	2101      	movs	r1, #1
100004fe:	4604      	mov	r4, r0
10000500:	fa01 f305 	lsl.w	r3, r1, r5
10000504:	4628      	mov	r0, r5
10000506:	6023      	str	r3, [r4, #0]
10000508:	f000 f844 	bl	10000594 <gpio_init>
1000050c:	2200      	movs	r2, #0
1000050e:	ec42 5044 	gpioc_bit_oe_put r5, r2
10000512:	2101      	movs	r1, #1
10000514:	4628      	mov	r0, r5
10000516:	f000 f82b 	bl	10000570 <gpio_set_pulls>
1000051a:	2200      	movs	r2, #0
1000051c:	80a2      	strh	r2, [r4, #4]
1000051e:	71a2      	strb	r2, [r4, #6]
10000520:	60a2      	str	r2, [r4, #8]
10000522:	bd38      	pop	{r3, r4, r5, pc}

10000524 <entradas_muestrear>:
10000524:	ee10 0018 			gpioc_lo_in_get r0
10000528:	4770      	bx	lr
1000052a:	bf00      	nop

1000052c <boton_leer>:
1000052c:	6803      	ldr	r3, [r0, #0]
1000052e:	f890 c004 	ldrb.w	ip, [r0, #4]
10000532:	4019      	ands	r1, r3
10000534:	bf0c      	ite	eq
10000536:	2301      	moveq	r3, #1
10000538:	2300      	movne	r3, #0
1000053a:	459c      	cmp	ip, r3
1000053c:	d002      	beq.n	10000544 <boton_leer+0x18>
1000053e:	7103      	strb	r3, [r0, #4]
10000540:	6082      	str	r2, [r0, #8]
10000542:	4770      	bx	lr
10000544:	6883      	ldr	r3, [r0, #8]
10000546:	1ad2      	subs	r2, r2, r3
10000548:	2a18      	cmp	r2, #24
1000054a:	d907      	bls.n	1000055c <boton_leer+0x30>
1000054c:	7943      	ldrb	r3, [r0, #5]
1000054e:	4563      	cmp	r3, ip
10000550:	d004      	beq.n	1000055c <boton_leer+0x30>
10000552:	f880 c005 	strb.w	ip, [r0, #5]
10000556:	b909      	cbnz	r1, 1000055c <boton_leer+0x30>
10000558:	2301      	movs	r3, #1
1000055a:	7183      	strb	r3, [r0, #6]
1000055c:	4770      	bx	lr
1000055e:	bf00      	nop

10000560 <boton_presionado>:
10000560:	7983      	ldrb	r3, [r0, #6]
10000562:	b10b      	cbz	r3, 10000568 <boton_presionado+0x8>
10000564:	2200      	movs	r2, #0
10000566:	7182      	strb	r2, [r0, #6]
10000568:	4618      	mov	r0, r3
1000056a:	4770      	bx	lr

1000056c <boton_esta_presionado>:
1000056c:	7940      	ldrb	r0, [r0, #5]
1000056e:	4770      	bx	lr

10000570 <gpio_set_pulls>:
10000570:	f8df c01c 	ldr.w	ip, [pc, #28]	@ 10000590 <gpio_set_pulls+0x20>
10000574:	00c9      	lsls	r1, r1, #3
10000576:	ea41 0182 	orr.w	r1, r1, r2, lsl #2
1000057a:	f85c 2020 	ldr.w	r2, [ip, r0, lsl #2]
1000057e:	eb0c 0380 	add.w	r3, ip, r0, lsl #2
10000582:	4051      	eors	r1, r2
10000584:	f503 5380 	add.w	r3, r3, #4096	@ 0x1000
10000588:	f001 010c 	and.w	r1, r1, #12
1000058c:	6019      	str	r1, [r3, #0]
1000058e:	4770      	bx	lr
10000590:	40038004 	.word	0x40038004

10000594 <gpio_init>:
10000594:	f04f 0300 	mov.w	r3, #0
10000598:	b500      	push	{lr}
1000059a:	ec43 0044 	gpioc_bit_oe_put r0, r3
1000059e:	ec43 0040 	gpioc_bit_out_put r0, r3
100005a2:	f04f 0e05 	mov.w	lr, #5
100005a6:	f44f 7c80 	mov.w	ip, #256	@ 0x100
100005aa:	4b0c      	ldr	r3, [pc, #48]	@ (100005dc <gpio_init+0x48>)
100005ac:	00c2      	lsls	r2, r0, #3
100005ae:	f853 1020 	ldr.w	r1, [r3, r0, lsl #2]
100005b2:	eb03 0080 	add.w	r0, r3, r0, lsl #2
100005b6:	f081 0140 	eor.w	r1, r1, #64	@ 0x40
100005ba:	f102 4380 	add.w	r3, r2, #1073741824	@ 0x40000000
100005be:	f503 3320 	add.w	r3, r3, #163840	@ 0x28000
100005c2:	f001 02c0 	and.w	r2, r1, #192	@ 0xc0
100005c6:	f500 5180 	add.w	r1, r0, #4096	@ 0x1000
100005ca:	f500 5040 	add.w	r0, r0, #12288	@ 0x3000
100005ce:	600a      	str	r2, [r1, #0]
100005d0:	f8c3 e004 	str.w	lr, [r3, #4]
100005d4:	f8c0 c000 	str.w	ip, [r0]
100005d8:	bd00      	pop	{pc}
100005da:	bf00      	nop
100005dc:	40038004 	.word	0x40038004

100005e0 <panic>:
100005e0:	b40f      	push	{r0, r1, r2, r3}
100005e2:	b500      	push	{lr}
100005e4:	4808      	ldr	r0, [pc, #32]	@ (10000608 <panic+0x28>)
100005e6:	b083      	sub	sp, #12
100005e8:	f003 f9c4 	bl	10003974 <__wrap_puts>
100005ec:	9b04      	ldr	r3, [sp, #16]
100005ee:	b13b      	cbz	r3, 10000600 <panic+0x20>
100005f0:	a905      	add	r1, sp, #20
100005f2:	4618      	mov	r0, r3
100005f4:	9101      	str	r1, [sp, #4]
100005f6:	f003 f82f 	bl	10003658 <weak_raw_vprintf>
100005fa:	4804      	ldr	r0, [pc, #16]	@ (1000060c <panic+0x2c>)
100005fc:	f003 f9ba 	bl	10003974 <__wrap_puts>
10000600:	2001      	movs	r0, #1
10000602:	f003 f841 	bl	10003688 <_exit>
10000606:	bf00      	nop
10000608:	100061dc 	.word	0x100061dc
1000060c:	10006198 	.word	0x10006198

10000610 <hw_claim_or_assert>:
10000610:	b570      	push	{r4, r5, r6, lr}
10000612:	4616      	mov	r6, r2
10000614:	f3ef 8410 	mrs	r4, PRIMASK
10000618:	b672      	cpsid	i
1000061a:	f8df e048 	ldr.w	lr, [pc, #72]	@ 10000664 <hw_claim_or_assert+0x54>
1000061e:	e8de 2fcf 	ldaexb	r2, [lr]
10000622:	2301      	movs	r3, #1
10000624:	2a00      	cmp	r2, #0
10000626:	d1fa      	bne.n	1000061e <hw_claim_or_assert+0xe>
10000628:	e8ce 3f42 	strexb	r2, r3, [lr]
1000062c:	2a00      	cmp	r2, #0
1000062e:	d1f6      	bne.n	1000061e <hw_claim_or_assert+0xe>
10000630:	f3bf 8f5f 	dmb	sy
10000634:	2301      	movs	r3, #1
10000636:	f001 0c07 	and.w	ip, r1, #7
1000063a:	08ca      	lsrs	r2, r1, #3
1000063c:	fa03 f30c 	lsl.w	r3, r3, ip
10000640:	f810 c002 	ldrb.w	ip, [r0, r2]
10000644:	ea1c 0503 	ands.w	r5, ip, r3
10000648:	d108      	bne.n	1000065c <hw_claim_or_assert+0x4c>
1000064a:	ea4c 0c03 	orr.w	ip, ip, r3
1000064e:	f800 c002 	strb.w	ip, [r0, r2]
10000652:	e8ce 5f8f 	stlb	r5, [lr]
10000656:	f384 8810 	msr	PRIMASK, r4
1000065a:	bd70      	pop	{r4, r5, r6, pc}
1000065c:	4630      	mov	r0, r6
1000065e:	f7ff ffbf 	bl	100005e0 <panic>
10000662:	bf00      	nop
10000664:	200018ff 	.word	0x200018ff

10000668 <hw_claim_unused_from_range>:
10000668:	b5f8      	push	{r3, r4, r5, r6, r7, lr}
1000066a:	460f      	mov	r7, r1
1000066c:	4619      	mov	r1, r3
1000066e:	f3ef 8610 	mrs	r6, PRIMASK
10000672:	b672      	cpsid	i
10000674:	4d1c      	ldr	r5, [pc, #112]	@ (100006e8 <hw_claim_unused_from_range+0x80>)
10000676:	e8d5 4fcf 	ldaexb	r4, [r5]
1000067a:	2301      	movs	r3, #1
1000067c:	2c00      	cmp	r4, #0
1000067e:	d1fa      	bne.n	10000676 <hw_claim_unused_from_range+0xe>
10000680:	e8c5 3f44 	strexb	r4, r3, [r5]
10000684:	2c00      	cmp	r4, #0
10000686:	d1f6      	bne.n	10000676 <hw_claim_unused_from_range+0xe>
10000688:	f3bf 8f5f 	dmb	sy
1000068c:	428a      	cmp	r2, r1
1000068e:	d81b      	bhi.n	100006c8 <hw_claim_unused_from_range+0x60>
10000690:	2401      	movs	r4, #1
10000692:	e002      	b.n	1000069a <hw_claim_unused_from_range+0x32>
10000694:	3201      	adds	r2, #1
10000696:	4291      	cmp	r1, r2
10000698:	d322      	bcc.n	100006e0 <hw_claim_unused_from_range+0x78>
1000069a:	08d3      	lsrs	r3, r2, #3
1000069c:	f810 e003 	ldrb.w	lr, [r0, r3]
100006a0:	f002 0c07 	and.w	ip, r2, #7
100006a4:	fa04 fc0c 	lsl.w	ip, r4, ip
100006a8:	ea1e 0f0c 	tst.w	lr, ip
100006ac:	d1f2      	bne.n	10000694 <hw_claim_unused_from_range+0x2c>
100006ae:	ea4e 0e0c 	orr.w	lr, lr, ip
100006b2:	f800 e003 	strb.w	lr, [r0, r3]
100006b6:	4610      	mov	r0, r2
100006b8:	2300      	movs	r3, #0
100006ba:	e8c5 3f8f 	stlb	r3, [r5]
100006be:	f386 8810 	msr	PRIMASK, r6
100006c2:	4298      	cmp	r0, r3
100006c4:	db07      	blt.n	100006d6 <hw_claim_unused_from_range+0x6e>
100006c6:	bdf8      	pop	{r3, r4, r5, r6, r7, pc}
100006c8:	2300      	movs	r3, #0
100006ca:	e8c5 3f8f 	stlb	r3, [r5]
100006ce:	f386 8810 	msr	PRIMASK, r6
100006d2:	f04f 30ff 	mov.w	r0, #4294967295	@ 0xffffffff
100006d6:	2f00      	cmp	r7, #0
100006d8:	d0f5      	beq.n	100006c6 <hw_claim_unused_from_range+0x5e>
100006da:	9806      	ldr	r0, [sp, #24]
100006dc:	f7ff ff80 	bl	100005e0 <panic>
100006e0:	f04f 30ff 	mov.w	r0, #4294967295	@ 0xffffffff
100006e4:	e7e8      	b.n	100006b8 <hw_claim_unused_from_range+0x50>
100006e6:	bf00      	nop
100006e8:	200018ff 	.word	0x200018ff

100006ec <next_striped_spin_lock_num>:
100006ec:	4a04      	ldr	r2, [pc, #16]	@ (10000700 <next_striped_spin_lock_num+0x14>)
100006ee:	7810      	ldrb	r0, [r2, #0]
100006f0:	1c43      	adds	r3, r0, #1
100006f2:	b2db      	uxtb	r3, r3
100006f4:	2b18      	cmp	r3, #24
100006f6:	bf28      	it	cs
100006f8:	2310      	movcs	r3, #16
100006fa:	7013      	strb	r3, [r2, #0]
100006fc:	4770      	bx	lr
100006fe:	bf00      	nop
10000700:	20001508 	.word	0x20001508

10000704 <spin_lock_claim_unused>:
10000704:	b500      	push	{lr}
10000706:	f8df c01c 	ldr.w	ip, [pc, #28]	@ 10000724 <spin_lock_claim_unused+0x20>
1000070a:	b083      	sub	sp, #12
1000070c:	4601      	mov	r1, r0
1000070e:	231f      	movs	r3, #31
10000710:	2218      	movs	r2, #24
10000712:	f8cd c000 	str.w	ip, [sp]
10000716:	4802      	ldr	r0, [pc, #8]	@ (10000720 <spin_lock_claim_unused+0x1c>)
10000718:	f7ff ffa6 	bl	10000668 <hw_claim_unused_from_range>
1000071c:	b003      	add	sp, #12
1000071e:	bd00      	pop	{pc}
10000720:	20001a84 	.word	0x20001a84
10000724:	100061ec 	.word	0x100061ec

10000728 <spinlock_set_extexclall>:
10000728:	f04f 22e0 	mov.w	r2, #3758153728	@ 0xe000e000
1000072c:	6893      	ldr	r3, [r2, #8]
1000072e:	f043 5300 	orr.w	r3, r3, #536870912	@ 0x20000000
10000732:	6093      	str	r3, [r2, #8]
10000734:	4770      	bx	lr
10000736:	bf00      	nop

10000738 <spin_locks_reset>:
10000738:	2100      	movs	r1, #0
1000073a:	4b04      	ldr	r3, [pc, #16]	@ (1000074c <spin_locks_reset+0x14>)
1000073c:	f103 0220 	add.w	r2, r3, #32
10000740:	e8c3 1f8f 	stlb	r1, [r3]
10000744:	3301      	adds	r3, #1
10000746:	4293      	cmp	r3, r2
10000748:	d1fa      	bne.n	10000740 <spin_locks_reset+0x8>
1000074a:	4770      	bx	lr
1000074c:	200018f4 	.word	0x200018f4

10000750 <runtime_init_per_core_irq_priorities>:
10000750:	f04f 23e0 	mov.w	r3, #3758153728	@ 0xe000e000
10000754:	f04f 3280 	mov.w	r2, #2155905152	@ 0x80808080
10000758:	f8c3 2400 	str.w	r2, [r3, #1024]	@ 0x400
1000075c:	f8c3 2404 	str.w	r2, [r3, #1028]	@ 0x404
10000760:	f8c3 2408 	str.w	r2, [r3, #1032]	@ 0x408
10000764:	f8c3 240c 	str.w	r2, [r3, #1036]	@ 0x40c
10000768:	f8c3 2410 	str.w	r2, [r3, #1040]	@ 0x410
1000076c:	f8c3 2414 	str.w	r2, [r3, #1044]	@ 0x414
10000770:	f8c3 2418 	str.w	r2, [r3, #1048]	@ 0x418
10000774:	f8c3 241c 	str.w	r2, [r3, #1052]	@ 0x41c
10000778:	f8c3 2420 	str.w	r2, [r3, #1056]	@ 0x420
1000077c:	f8c3 2424 	str.w	r2, [r3, #1060]	@ 0x424
10000780:	f8c3 2428 	str.w	r2, [r3, #1064]	@ 0x428
10000784:	f8c3 242c 	str.w	r2, [r3, #1068]	@ 0x42c
10000788:	f8c3 2430 	str.w	r2, [r3, #1072]	@ 0x430
1000078c:	b662      	cpsie	i
1000078e:	4770      	bx	lr

10000790 <irq_set_enabled>:
10000790:	2301      	movs	r3, #1
10000792:	f000 021f 	and.w	r2, r0, #31
10000796:	4093      	lsls	r3, r2
10000798:	0940      	lsrs	r0, r0, #5
1000079a:	b141      	cbz	r1, 100007ae <irq_set_enabled+0x1e>
1000079c:	0080      	lsls	r0, r0, #2
1000079e:	f100 4060 	add.w	r0, r0, #3758096384	@ 0xe0000000
100007a2:	f500 4061 	add.w	r0, r0, #57600	@ 0xe100
100007a6:	f8c0 3180 	str.w	r3, [r0, #384]	@ 0x180
100007aa:	6003      	str	r3, [r0, #0]
100007ac:	4770      	bx	lr
100007ae:	4a02      	ldr	r2, [pc, #8]	@ (100007b8 <irq_set_enabled+0x28>)
100007b0:	3020      	adds	r0, #32
100007b2:	f842 3020 	str.w	r3, [r2, r0, lsl #2]
100007b6:	4770      	bx	lr
100007b8:	e000e100 	.word	0xe000e100

100007bc <irq_is_enabled>:
100007bc:	2301      	movs	r3, #1
100007be:	4a06      	ldr	r2, [pc, #24]	@ (100007d8 <irq_is_enabled+0x1c>)
100007c0:	0941      	lsrs	r1, r0, #5
100007c2:	f852 2021 	ldr.w	r2, [r2, r1, lsl #2]
100007c6:	f000 001f 	and.w	r0, r0, #31
100007ca:	4083      	lsls	r3, r0
100007cc:	4213      	tst	r3, r2
100007ce:	bf14      	ite	ne
100007d0:	2001      	movne	r0, #1
100007d2:	2000      	moveq	r0, #0
100007d4:	4770      	bx	lr
100007d6:	bf00      	nop
100007d8:	e000e100 	.word	0xe000e100

100007dc <irq_set_pending>:
100007dc:	2201      	movs	r2, #1
100007de:	0943      	lsrs	r3, r0, #5
100007e0:	4903      	ldr	r1, [pc, #12]	@ (100007f0 <irq_set_pending+0x14>)
100007e2:	f000 001f 	and.w	r0, r0, #31
100007e6:	4082      	lsls	r2, r0
100007e8:	3340      	adds	r3, #64	@ 0x40
100007ea:	f841 2023 	str.w	r2, [r1, r3, lsl #2]
100007ee:	4770      	bx	lr
100007f0:	e000e100 	.word	0xe000e100

100007f4 <irq_has_shared_handler>:
100007f4:	4a05      	ldr	r2, [pc, #20]	@ (1000080c <irq_has_shared_handler+0x18>)
100007f6:	3010      	adds	r0, #16
100007f8:	6892      	ldr	r2, [r2, #8]
100007fa:	4b05      	ldr	r3, [pc, #20]	@ (10000810 <irq_has_shared_handler+0x1c>)
100007fc:	f852 0020 	ldr.w	r0, [r2, r0, lsl #2]
10000800:	1ac0      	subs	r0, r0, r3
10000802:	2847      	cmp	r0, #71	@ 0x47
10000804:	bf8c      	ite	hi
10000806:	2000      	movhi	r0, #0
10000808:	2001      	movls	r0, #1
1000080a:	4770      	bx	lr
1000080c:	e000ed00 	.word	0xe000ed00
10000810:	2000150c 	.word	0x2000150c

10000814 <irq_set_exclusive_handler>:
10000814:	b508      	push	{r3, lr}
10000816:	f3ef 8e10 	mrs	lr, PRIMASK
1000081a:	b672      	cpsid	i
1000081c:	4b13      	ldr	r3, [pc, #76]	@ (1000086c <irq_set_exclusive_handler+0x58>)
1000081e:	e8d3 cfcf 	ldaexb	ip, [r3]
10000822:	2201      	movs	r2, #1
10000824:	f1bc 0f00 	cmp.w	ip, #0
10000828:	d1f9      	bne.n	1000081e <irq_set_exclusive_handler+0xa>
1000082a:	e8c3 2f4c 	strexb	ip, r2, [r3]
1000082e:	f1bc 0f00 	cmp.w	ip, #0
10000832:	d1f4      	bne.n	1000081e <irq_set_exclusive_handler+0xa>
10000834:	f3bf 8f5f 	dmb	sy
10000838:	4a0d      	ldr	r2, [pc, #52]	@ (10000870 <irq_set_exclusive_handler+0x5c>)
1000083a:	3010      	adds	r0, #16
1000083c:	6892      	ldr	r2, [r2, #8]
1000083e:	f8df c034 	ldr.w	ip, [pc, #52]	@ 10000874 <irq_set_exclusive_handler+0x60>
10000842:	f852 2020 	ldr.w	r2, [r2, r0, lsl #2]
10000846:	4562      	cmp	r2, ip
10000848:	d001      	beq.n	1000084e <irq_set_exclusive_handler+0x3a>
1000084a:	4291      	cmp	r1, r2
1000084c:	d10b      	bne.n	10000866 <irq_set_exclusive_handler+0x52>
1000084e:	4a08      	ldr	r2, [pc, #32]	@ (10000870 <irq_set_exclusive_handler+0x5c>)
10000850:	6892      	ldr	r2, [r2, #8]
10000852:	f842 1020 	str.w	r1, [r2, r0, lsl #2]
10000856:	f3bf 8f5f 	dmb	sy
1000085a:	2200      	movs	r2, #0
1000085c:	e8c3 2f8f 	stlb	r2, [r3]
10000860:	f38e 8810 	msr	PRIMASK, lr
10000864:	bd08      	pop	{r3, pc}
10000866:	f000 ff2b 	bl	100016c0 <hard_assertion_failure>
1000086a:	bf00      	nop
1000086c:	200018fd 	.word	0x200018fd
10000870:	e000ed00 	.word	0xe000ed00
10000874:	10000111 	.word	0x10000111

10000878 <irq_add_shared_handler>:
10000878:	e92d 4ff8 	stmdb	sp!, {r3, r4, r5, r6, r7, r8, r9, sl, fp, lr}
1000087c:	468b      	mov	fp, r1
1000087e:	4611      	mov	r1, r2
10000880:	f3ef 8810 	mrs	r8, PRIMASK
10000884:	b672      	cpsid	i
10000886:	4f66      	ldr	r7, [pc, #408]	@ (10000a20 <irq_add_shared_handler+0x1a8>)
10000888:	e8d7 2fcf 	ldaexb	r2, [r7]
1000088c:	2301      	movs	r3, #1
1000088e:	2a00      	cmp	r2, #0
10000890:	d1fa      	bne.n	10000888 <irq_add_shared_handler+0x10>
10000892:	e8c7 3f42 	strexb	r2, r3, [r7]
10000896:	2a00      	cmp	r2, #0
10000898:	d1f6      	bne.n	10000888 <irq_add_shared_handler+0x10>
1000089a:	f3bf 8f5f 	dmb	sy
1000089e:	4b61      	ldr	r3, [pc, #388]	@ (10000a24 <irq_add_shared_handler+0x1ac>)
100008a0:	f993 4000 	ldrsb.w	r4, [r3]
100008a4:	2c00      	cmp	r4, #0
100008a6:	f2c0 80b8 	blt.w	10000a1a <irq_add_shared_handler+0x1a2>
100008aa:	f100 0510 	add.w	r5, r0, #16
100008ae:	485e      	ldr	r0, [pc, #376]	@ (10000a28 <irq_add_shared_handler+0x1b0>)
100008b0:	eb04 0944 	add.w	r9, r4, r4, lsl #1
100008b4:	eb00 0289 	add.w	r2, r0, r9, lsl #2
100008b8:	7996      	ldrb	r6, [r2, #6]
100008ba:	ea4f 0989 	mov.w	r9, r9, lsl #2
100008be:	701e      	strb	r6, [r3, #0]
100008c0:	4b5a      	ldr	r3, [pc, #360]	@ (10000a2c <irq_add_shared_handler+0x1b4>)
100008c2:	689b      	ldr	r3, [r3, #8]
100008c4:	f853 6025 	ldr.w	r6, [r3, r5, lsl #2]
100008c8:	1a33      	subs	r3, r6, r0
100008ca:	2b47      	cmp	r3, #71	@ 0x47
100008cc:	d835      	bhi.n	1000093a <irq_add_shared_handler+0xc2>
100008ce:	f026 0e01 	bic.w	lr, r6, #1
100008d2:	f89e 3007 	ldrb.w	r3, [lr, #7]
100008d6:	428b      	cmp	r3, r1
100008d8:	d809      	bhi.n	100008ee <irq_add_shared_handler+0x76>
100008da:	e06f      	b.n	100009bc <irq_add_shared_handler+0x144>
100008dc:	eb0c 034c 	add.w	r3, ip, ip, lsl #1
100008e0:	eb00 0383 	add.w	r3, r0, r3, lsl #2
100008e4:	f893 a007 	ldrb.w	sl, [r3, #7]
100008e8:	458a      	cmp	sl, r1
100008ea:	d951      	bls.n	10000990 <irq_add_shared_handler+0x118>
100008ec:	469e      	mov	lr, r3
100008ee:	f99e c006 	ldrsb.w	ip, [lr, #6]
100008f2:	f1bc 0f00 	cmp.w	ip, #0
100008f6:	daf1      	bge.n	100008dc <irq_add_shared_handler+0x64>
100008f8:	f64b 5901 	movw	r9, #48385	@ 0xbd01
100008fc:	f10e 0a04 	add.w	sl, lr, #4
10000900:	1f13      	subs	r3, r2, #4
10000902:	eba3 030a 	sub.w	r3, r3, sl
10000906:	f3c3 034a 	ubfx	r3, r3, #1, #11
1000090a:	ea6f 43c3 	mvn.w	r3, r3, lsl #19
1000090e:	ea6f 43d3 	mvn.w	r3, r3, lsr #19
10000912:	f88e 4006 	strb.w	r4, [lr, #6]
10000916:	f8df a120 	ldr.w	sl, [pc, #288]	@ 10000a38 <irq_add_shared_handler+0x1c0>
1000091a:	eb04 0444 	add.w	r4, r4, r4, lsl #1
1000091e:	eb00 0284 	add.w	r2, r0, r4, lsl #2
10000922:	f8ae 3004 	strh.w	r3, [lr, #4]
10000926:	f840 a024 	str.w	sl, [r0, r4, lsl #2]
1000092a:	f8a2 9004 	strh.w	r9, [r2, #4]
1000092e:	f882 c006 	strb.w	ip, [r2, #6]
10000932:	71d1      	strb	r1, [r2, #7]
10000934:	f8c2 b008 	str.w	fp, [r2, #8]
10000938:	e01d      	b.n	10000976 <irq_add_shared_handler+0xfe>
1000093a:	4b3d      	ldr	r3, [pc, #244]	@ (10000a30 <irq_add_shared_handler+0x1b8>)
1000093c:	429e      	cmp	r6, r3
1000093e:	d16c      	bne.n	10000a1a <irq_add_shared_handler+0x1a2>
10000940:	4b3c      	ldr	r3, [pc, #240]	@ (10000a34 <irq_add_shared_handler+0x1bc>)
10000942:	71d1      	strb	r1, [r2, #7]
10000944:	f109 0102 	add.w	r1, r9, #2
10000948:	4401      	add	r1, r0
1000094a:	3b04      	subs	r3, #4
1000094c:	1a5b      	subs	r3, r3, r1
1000094e:	f3c3 034a 	ubfx	r3, r3, #1, #11
10000952:	ea6f 43c3 	mvn.w	r3, r3, lsl #19
10000956:	f44f 4121 	mov.w	r1, #41216	@ 0xa100
1000095a:	ea6f 43d3 	mvn.w	r3, r3, lsr #19
1000095e:	f820 1009 	strh.w	r1, [r0, r9]
10000962:	8053      	strh	r3, [r2, #2]
10000964:	21ff      	movs	r1, #255	@ 0xff
10000966:	f64b 5301 	movw	r3, #48385	@ 0xbd01
1000096a:	f8c2 b008 	str.w	fp, [r2, #8]
1000096e:	7191      	strb	r1, [r2, #6]
10000970:	8093      	strh	r3, [r2, #4]
10000972:	f042 0601 	orr.w	r6, r2, #1
10000976:	4b2d      	ldr	r3, [pc, #180]	@ (10000a2c <irq_add_shared_handler+0x1b4>)
10000978:	689b      	ldr	r3, [r3, #8]
1000097a:	f843 6025 	str.w	r6, [r3, r5, lsl #2]
1000097e:	f3bf 8f5f 	dmb	sy
10000982:	2300      	movs	r3, #0
10000984:	e8c7 3f8f 	stlb	r3, [r7]
10000988:	f388 8810 	msr	PRIMASK, r8
1000098c:	e8bd 8ff8 	ldmia.w	sp!, {r3, r4, r5, r6, r7, r8, r9, sl, fp, pc}
10000990:	46f2      	mov	sl, lr
10000992:	f06f 0307 	mvn.w	r3, #7
10000996:	eba3 0309 	sub.w	r3, r3, r9
1000099a:	f83a 9f04 	ldrh.w	r9, [sl, #4]!
1000099e:	1a1b      	subs	r3, r3, r0
100009a0:	f349 090a 	sbfx	r9, r9, #0, #11
100009a4:	f109 0902 	add.w	r9, r9, #2
100009a8:	eb0a 0949 	add.w	r9, sl, r9, lsl #1
100009ac:	4499      	add	r9, r3
100009ae:	f3c9 094a 	ubfx	r9, r9, #1, #11
100009b2:	ea6f 49c9 	mvn.w	r9, r9, lsl #19
100009b6:	ea6f 49d9 	mvn.w	r9, r9, lsr #19
100009ba:	e7a1      	b.n	10000900 <irq_add_shared_handler+0x88>
100009bc:	f06f 0307 	mvn.w	r3, #7
100009c0:	71d1      	strb	r1, [r2, #7]
100009c2:	491c      	ldr	r1, [pc, #112]	@ (10000a34 <irq_add_shared_handler+0x1bc>)
100009c4:	f109 0402 	add.w	r4, r9, #2
100009c8:	4404      	add	r4, r0
100009ca:	3904      	subs	r1, #4
100009cc:	1b09      	subs	r1, r1, r4
100009ce:	eba3 0309 	sub.w	r3, r3, r9
100009d2:	f3c1 014a 	ubfx	r1, r1, #1, #11
100009d6:	1a1b      	subs	r3, r3, r0
100009d8:	ea6f 41c1 	mvn.w	r1, r1, lsl #19
100009dc:	4473      	add	r3, lr
100009de:	f3c3 034a 	ubfx	r3, r3, #1, #11
100009e2:	ea6f 43c3 	mvn.w	r3, r3, lsl #19
100009e6:	ea6f 41d1 	mvn.w	r1, r1, lsr #19
100009ea:	f44f 4621 	mov.w	r6, #41216	@ 0xa100
100009ee:	ea6f 43d3 	mvn.w	r3, r3, lsr #19
100009f2:	8051      	strh	r1, [r2, #2]
100009f4:	4910      	ldr	r1, [pc, #64]	@ (10000a38 <irq_add_shared_handler+0x1c0>)
100009f6:	f820 6009 	strh.w	r6, [r0, r9]
100009fa:	8093      	strh	r3, [r2, #4]
100009fc:	f64a 24aa 	movw	r4, #43690	@ 0xaaaa
10000a00:	4673      	mov	r3, lr
10000a02:	1a1b      	subs	r3, r3, r0
10000a04:	415b      	adcs	r3, r3
10000a06:	435c      	muls	r4, r3
10000a08:	0d24      	lsrs	r4, r4, #20
10000a0a:	f8c2 b008 	str.w	fp, [r2, #8]
10000a0e:	7194      	strb	r4, [r2, #6]
10000a10:	f042 0601 	orr.w	r6, r2, #1
10000a14:	f8ce 1000 	str.w	r1, [lr]
10000a18:	e7ad      	b.n	10000976 <irq_add_shared_handler+0xfe>
10000a1a:	f000 fe51 	bl	100016c0 <hard_assertion_failure>
10000a1e:	bf00      	nop
10000a20:	200018fd 	.word	0x200018fd
10000a24:	20002044 	.word	0x20002044
10000a28:	2000150c 	.word	0x2000150c
10000a2c:	e000ed00 	.word	0xe000ed00
10000a30:	10000111 	.word	0x10000111
10000a34:	20001554 	.word	0x20001554
10000a38:	47804801 	.word	0x47804801

10000a3c <irq_add_tail_to_free_list>:
10000a3c:	e92d 41f0 	stmdb	sp!, {r4, r5, r6, r7, r8, lr}
10000a40:	f3ef 8305 	mrs	r3, IPSR
10000a44:	b2db      	uxtb	r3, r3
10000a46:	469e      	mov	lr, r3
10000a48:	f3ef 8510 	mrs	r5, PRIMASK
10000a4c:	b672      	cpsid	i
10000a4e:	492f      	ldr	r1, [pc, #188]	@ (10000b0c <irq_add_tail_to_free_list+0xd0>)
10000a50:	e8d1 2fcf 	ldaexb	r2, [r1]
10000a54:	2301      	movs	r3, #1
10000a56:	2a00      	cmp	r2, #0
10000a58:	d1fa      	bne.n	10000a50 <irq_add_tail_to_free_list+0x14>
10000a5a:	e8c1 3f42 	strexb	r2, r3, [r1]
10000a5e:	2a00      	cmp	r2, #0
10000a60:	d1f6      	bne.n	10000a50 <irq_add_tail_to_free_list+0x14>
10000a62:	f3bf 8f5f 	dmb	sy
10000a66:	f8df 80b4 	ldr.w	r8, [pc, #180]	@ 10000b1c <irq_add_tail_to_free_list+0xe0>
10000a6a:	f040 0601 	orr.w	r6, r0, #1
10000a6e:	f8d8 7008 	ldr.w	r7, [r8, #8]
10000a72:	f64a 23aa 	movw	r3, #43690	@ 0xaaaa
10000a76:	f857 702e 	ldr.w	r7, [r7, lr, lsl #2]
10000a7a:	4604      	mov	r4, r0
10000a7c:	4a24      	ldr	r2, [pc, #144]	@ (10000b10 <irq_add_tail_to_free_list+0xd4>)
10000a7e:	1aa4      	subs	r4, r4, r2
10000a80:	4164      	adcs	r4, r4
10000a82:	4363      	muls	r3, r4
10000a84:	0d1b      	lsrs	r3, r3, #20
10000a86:	42b7      	cmp	r7, r6
10000a88:	b25b      	sxtb	r3, r3
10000a8a:	d026      	beq.n	10000ada <irq_add_tail_to_free_list+0x9e>
10000a8c:	f992 4006 	ldrsb.w	r4, [r2, #6]
10000a90:	429c      	cmp	r4, r3
10000a92:	d028      	beq.n	10000ae6 <irq_add_tail_to_free_list+0xaa>
10000a94:	f992 4012 	ldrsb.w	r4, [r2, #18]
10000a98:	429c      	cmp	r4, r3
10000a9a:	d02f      	beq.n	10000afc <irq_add_tail_to_free_list+0xc0>
10000a9c:	f992 401e 	ldrsb.w	r4, [r2, #30]
10000aa0:	429c      	cmp	r4, r3
10000aa2:	d02d      	beq.n	10000b00 <irq_add_tail_to_free_list+0xc4>
10000aa4:	f992 402a 	ldrsb.w	r4, [r2, #42]	@ 0x2a
10000aa8:	429c      	cmp	r4, r3
10000aaa:	d02b      	beq.n	10000b04 <irq_add_tail_to_free_list+0xc8>
10000aac:	f992 4036 	ldrsb.w	r4, [r2, #54]	@ 0x36
10000ab0:	429c      	cmp	r4, r3
10000ab2:	d029      	beq.n	10000b08 <irq_add_tail_to_free_list+0xcc>
10000ab4:	f992 4042 	ldrsb.w	r4, [r2, #66]	@ 0x42
10000ab8:	429c      	cmp	r4, r3
10000aba:	bf08      	it	eq
10000abc:	2405      	moveq	r4, #5
10000abe:	d013      	beq.n	10000ae8 <irq_add_tail_to_free_list+0xac>
10000ac0:	4a14      	ldr	r2, [pc, #80]	@ (10000b14 <irq_add_tail_to_free_list+0xd8>)
10000ac2:	2400      	movs	r4, #0
10000ac4:	f892 c000 	ldrb.w	ip, [r2]
10000ac8:	7013      	strb	r3, [r2, #0]
10000aca:	f880 c006 	strb.w	ip, [r0, #6]
10000ace:	e8c1 4f8f 	stlb	r4, [r1]
10000ad2:	f385 8810 	msr	PRIMASK, r5
10000ad6:	e8bd 81f0 	ldmia.w	sp!, {r4, r5, r6, r7, r8, pc}
10000ada:	f8d8 2008 	ldr.w	r2, [r8, #8]
10000ade:	4c0e      	ldr	r4, [pc, #56]	@ (10000b18 <irq_add_tail_to_free_list+0xdc>)
10000ae0:	f842 402e 	str.w	r4, [r2, lr, lsl #2]
10000ae4:	e7ec      	b.n	10000ac0 <irq_add_tail_to_free_list+0x84>
10000ae6:	2400      	movs	r4, #0
10000ae8:	eb04 0444 	add.w	r4, r4, r4, lsl #1
10000aec:	eb02 0284 	add.w	r2, r2, r4, lsl #2
10000af0:	24ff      	movs	r4, #255	@ 0xff
10000af2:	7194      	strb	r4, [r2, #6]
10000af4:	f64b 5401 	movw	r4, #48385	@ 0xbd01
10000af8:	8094      	strh	r4, [r2, #4]
10000afa:	e7e1      	b.n	10000ac0 <irq_add_tail_to_free_list+0x84>
10000afc:	2401      	movs	r4, #1
10000afe:	e7f3      	b.n	10000ae8 <irq_add_tail_to_free_list+0xac>
10000b00:	2402      	movs	r4, #2
10000b02:	e7f1      	b.n	10000ae8 <irq_add_tail_to_free_list+0xac>
10000b04:	2403      	movs	r4, #3
10000b06:	e7ef      	b.n	10000ae8 <irq_add_tail_to_free_list+0xac>
10000b08:	2404      	movs	r4, #4
10000b0a:	e7ed      	b.n	10000ae8 <irq_add_tail_to_free_list+0xac>
10000b0c:	200018fd 	.word	0x200018fd
10000b10:	2000150c 	.word	0x2000150c
10000b14:	20002044 	.word	0x20002044
10000b18:	10000111 	.word	0x10000111
10000b1c:	e000ed00 	.word	0xe000ed00

10000b20 <user_irq_claim_unused>:
10000b20:	b500      	push	{lr}
10000b22:	f8df c024 	ldr.w	ip, [pc, #36]	@ 10000b48 <user_irq_claim_unused+0x28>
10000b26:	b083      	sub	sp, #12
10000b28:	4601      	mov	r1, r0
10000b2a:	2305      	movs	r3, #5
10000b2c:	2200      	movs	r2, #0
10000b2e:	f8cd c000 	str.w	ip, [sp]
10000b32:	4804      	ldr	r0, [pc, #16]	@ (10000b44 <user_irq_claim_unused+0x24>)
10000b34:	f7ff fd98 	bl	10000668 <hw_claim_unused_from_range>
10000b38:	2800      	cmp	r0, #0
10000b3a:	bfa8      	it	ge
10000b3c:	f1c0 0033 	rsbge	r0, r0, #51	@ 0x33
10000b40:	b003      	add	sp, #12
10000b42:	bd00      	pop	{pc}
10000b44:	20002049 	.word	0x20002049
10000b48:	10006208 	.word	0x10006208

10000b4c <lock_init>:
10000b4c:	4b01      	ldr	r3, [pc, #4]	@ (10000b54 <lock_init+0x8>)
10000b4e:	440b      	add	r3, r1
10000b50:	6003      	str	r3, [r0, #0]
10000b52:	4770      	bx	lr
10000b54:	200018f4 	.word	0x200018f4

10000b58 <runtime_init_mutex>:
10000b58:	b570      	push	{r4, r5, r6, lr}
10000b5a:	4c10      	ldr	r4, [pc, #64]	@ (10000b9c <runtime_init_mutex+0x44>)
10000b5c:	4d10      	ldr	r5, [pc, #64]	@ (10000ba0 <runtime_init_mutex+0x48>)
10000b5e:	42ac      	cmp	r4, r5
10000b60:	d20e      	bcs.n	10000b80 <runtime_init_mutex+0x28>
10000b62:	26ff      	movs	r6, #255	@ 0xff
10000b64:	6823      	ldr	r3, [r4, #0]
10000b66:	b163      	cbz	r3, 10000b82 <runtime_init_mutex+0x2a>
10000b68:	f7ff fdc0 	bl	100006ec <next_striped_spin_lock_num>
10000b6c:	4601      	mov	r1, r0
10000b6e:	4620      	mov	r0, r4
10000b70:	f7ff ffec 	bl	10000b4c <lock_init>
10000b74:	80a6      	strh	r6, [r4, #4]
10000b76:	f3bf 8f5f 	dmb	sy
10000b7a:	3408      	adds	r4, #8
10000b7c:	42ac      	cmp	r4, r5
10000b7e:	d3f1      	bcc.n	10000b64 <runtime_init_mutex+0xc>
10000b80:	bd70      	pop	{r4, r5, r6, pc}
10000b82:	f7ff fdb3 	bl	100006ec <next_striped_spin_lock_num>
10000b86:	4601      	mov	r1, r0
10000b88:	4620      	mov	r0, r4
10000b8a:	f7ff ffdf 	bl	10000b4c <lock_init>
10000b8e:	7126      	strb	r6, [r4, #4]
10000b90:	f3bf 8f5f 	dmb	sy
10000b94:	3408      	adds	r4, #8
10000b96:	42ac      	cmp	r4, r5
10000b98:	d3e4      	bcc.n	10000b64 <runtime_init_mutex+0xc>
10000b9a:	bd70      	pop	{r4, r5, r6, pc}
10000b9c:	200015bc 	.word	0x200015bc
10000ba0:	200015c4 	.word	0x200015c4

10000ba4 <mutex_init>:
10000ba4:	b510      	push	{r4, lr}
10000ba6:	4604      	mov	r4, r0
10000ba8:	f7ff fda0 	bl	100006ec <next_striped_spin_lock_num>
10000bac:	4601      	mov	r1, r0
10000bae:	4620      	mov	r0, r4
10000bb0:	f7ff ffcc 	bl	10000b4c <lock_init>
10000bb4:	23ff      	movs	r3, #255	@ 0xff
10000bb6:	7123      	strb	r3, [r4, #4]
10000bb8:	f3bf 8f5f 	dmb	sy
10000bbc:	bd10      	pop	{r4, pc}
10000bbe:	bf00      	nop

10000bc0 <critical_section_init>:
10000bc0:	b510      	push	{r4, lr}
10000bc2:	4604      	mov	r4, r0
10000bc4:	2001      	movs	r0, #1
10000bc6:	f7ff fd9d 	bl	10000704 <spin_lock_claim_unused>
10000bca:	4b03      	ldr	r3, [pc, #12]	@ (10000bd8 <critical_section_init+0x18>)
10000bcc:	4403      	add	r3, r0
10000bce:	6023      	str	r3, [r4, #0]
10000bd0:	f3bf 8f5f 	dmb	sy
10000bd4:	bd10      	pop	{r4, pc}
10000bd6:	bf00      	nop
10000bd8:	200018f4 	.word	0x200018f4

10000bdc <critical_section_init_with_lock_num>:
10000bdc:	4b02      	ldr	r3, [pc, #8]	@ (10000be8 <critical_section_init_with_lock_num+0xc>)
10000bde:	440b      	add	r3, r1
10000be0:	6003      	str	r3, [r0, #0]
10000be2:	f3bf 8f5f 	dmb	sy
10000be6:	4770      	bx	lr
10000be8:	200018f4 	.word	0x200018f4

10000bec <sleep_until_callback>:
10000bec:	bf40      	sev
10000bee:	2000      	movs	r0, #0
10000bf0:	2100      	movs	r1, #0
10000bf2:	4770      	bx	lr

10000bf4 <alarm_pool_irq_handler>:
10000bf4:	e92d 4ff0 	stmdb	sp!, {r4, r5, r6, r7, r8, r9, sl, fp, lr}
10000bf8:	b085      	sub	sp, #20
10000bfa:	f3ef 8305 	mrs	r3, IPSR
10000bfe:	b2db      	uxtb	r3, r3
10000c00:	3b10      	subs	r3, #16
10000c02:	089a      	lsrs	r2, r3, #2
10000c04:	bf1a      	itte	ne
10000c06:	2201      	movne	r2, #1
10000c08:	4999      	ldrne	r1, [pc, #612]	@ (10000e70 <alarm_pool_irq_handler+0x27c>)
10000c0a:	499a      	ldreq	r1, [pc, #616]	@ (10000e74 <alarm_pool_irq_handler+0x280>)
10000c0c:	f003 0a03 	and.w	sl, r3, #3
10000c10:	9100      	str	r1, [sp, #0]
10000c12:	2101      	movs	r1, #1
10000c14:	4b98      	ldr	r3, [pc, #608]	@ (10000e78 <alarm_pool_irq_handler+0x284>)
10000c16:	eb0a 0282 	add.w	r2, sl, r2, lsl #2
10000c1a:	f853 4022 	ldr.w	r4, [r3, r2, lsl #2]
10000c1e:	9b00      	ldr	r3, [sp, #0]
10000c20:	fa01 f20a 	lsl.w	r2, r1, sl
10000c24:	f503 5341 	add.w	r3, r3, #12352	@ 0x3040
10000c28:	f104 0b08 	add.w	fp, r4, #8
10000c2c:	9201      	str	r2, [sp, #4]
10000c2e:	605a      	str	r2, [r3, #4]
10000c30:	f9b4 6008 	ldrsh.w	r6, [r4, #8]
10000c34:	e9dd 0300 	ldrd	r0, r3, [sp]
10000c38:	2e00      	cmp	r6, #0
10000c3a:	63c3      	str	r3, [r0, #60]	@ 0x3c
10000c3c:	da72      	bge.n	10000d24 <alarm_pool_irq_handler+0x130>
10000c3e:	88a3      	ldrh	r3, [r4, #4]
10000c40:	041b      	lsls	r3, r3, #16
10000c42:	f100 811b 	bmi.w	10000e7c <alarm_pool_irq_handler+0x288>
10000c46:	6923      	ldr	r3, [r4, #16]
10000c48:	f3ef 8210 	mrs	r2, PRIMASK
10000c4c:	b672      	cpsid	i
10000c4e:	e8d3 0fcf 	ldaexb	r0, [r3]
10000c52:	2101      	movs	r1, #1
10000c54:	2800      	cmp	r0, #0
10000c56:	d1fa      	bne.n	10000c4e <alarm_pool_irq_handler+0x5a>
10000c58:	e8c3 1f40 	strexb	r0, r1, [r3]
10000c5c:	2800      	cmp	r0, #0
10000c5e:	d1f6      	bne.n	10000c4e <alarm_pool_irq_handler+0x5a>
10000c60:	f3bf 8f5f 	dmb	sy
10000c64:	f64f 76ff 	movw	r6, #65535	@ 0xffff
10000c68:	88a0      	ldrh	r0, [r4, #4]
10000c6a:	2100      	movs	r1, #0
10000c6c:	6923      	ldr	r3, [r4, #16]
10000c6e:	b200      	sxth	r0, r0
10000c70:	80a6      	strh	r6, [r4, #4]
10000c72:	e8c3 1f8f 	stlb	r1, [r3]
10000c76:	f382 8810 	msr	PRIMASK, r2
10000c7a:	4288      	cmp	r0, r1
10000c7c:	db28      	blt.n	10000cd0 <alarm_pool_irq_handler+0xdc>
10000c7e:	46a6      	mov	lr, r4
10000c80:	4605      	mov	r5, r0
10000c82:	6967      	ldr	r7, [r4, #20]
10000c84:	f9be 3008 	ldrsh.w	r3, [lr, #8]
10000c88:	eb05 0645 	add.w	r6, r5, r5, lsl #1
10000c8c:	2b00      	cmp	r3, #0
10000c8e:	46dc      	mov	ip, fp
10000c90:	eb07 02c6 	add.w	r2, r7, r6, lsl #3
10000c94:	db13      	blt.n	10000cbe <alarm_pool_irq_handler+0xca>
10000c96:	e9d2 4002 	ldrd	r4, r0, [r2, #8]
10000c9a:	46a9      	mov	r9, r5
10000c9c:	e004      	b.n	10000ca8 <alarm_pool_irq_handler+0xb4>
10000c9e:	f937 3038 	ldrsh.w	r3, [r7, r8, lsl #3]
10000ca2:	4694      	mov	ip, r2
10000ca4:	2b00      	cmp	r3, #0
10000ca6:	db09      	blt.n	10000cbc <alarm_pool_irq_handler+0xc8>
10000ca8:	eb03 0843 	add.w	r8, r3, r3, lsl #1
10000cac:	eb07 02c8 	add.w	r2, r7, r8, lsl #3
10000cb0:	e9d2 5102 	ldrd	r5, r1, [r2, #8]
10000cb4:	42ac      	cmp	r4, r5
10000cb6:	eb70 0101 	sbcs.w	r1, r0, r1
10000cba:	daf0      	bge.n	10000c9e <alarm_pool_irq_handler+0xaa>
10000cbc:	464d      	mov	r5, r9
10000cbe:	f8ac 5000 	strh.w	r5, [ip]
10000cc2:	f937 5036 	ldrsh.w	r5, [r7, r6, lsl #3]
10000cc6:	f827 3036 	strh.w	r3, [r7, r6, lsl #3]
10000cca:	2d00      	cmp	r5, #0
10000ccc:	dada      	bge.n	10000c84 <alarm_pool_irq_handler+0x90>
10000cce:	4674      	mov	r4, lr
10000cd0:	f9b4 3008 	ldrsh.w	r3, [r4, #8]
10000cd4:	2b00      	cmp	r3, #0
10000cd6:	f2c0 811b 	blt.w	10000f10 <alarm_pool_irq_handler+0x31c>
10000cda:	6962      	ldr	r2, [r4, #20]
10000cdc:	9d00      	ldr	r5, [sp, #0]
10000cde:	eb03 0343 	add.w	r3, r3, r3, lsl #1
10000ce2:	eb02 03c3 	add.w	r3, r2, r3, lsl #3
10000ce6:	eb05 008a 	add.w	r0, r5, sl, lsl #2
10000cea:	6aa9      	ldr	r1, [r5, #40]	@ 0x28
10000cec:	689e      	ldr	r6, [r3, #8]
10000cee:	6902      	ldr	r2, [r0, #16]
10000cf0:	eba6 0c01 	sub.w	ip, r6, r1
10000cf4:	1a52      	subs	r2, r2, r1
10000cf6:	4594      	cmp	ip, r2
10000cf8:	68df      	ldr	r7, [r3, #12]
10000cfa:	d305      	bcc.n	10000d08 <alarm_pool_irq_handler+0x114>
10000cfc:	2301      	movs	r3, #1
10000cfe:	6a2a      	ldr	r2, [r5, #32]
10000d00:	fa03 f30a 	lsl.w	r3, r3, sl
10000d04:	4213      	tst	r3, r2
10000d06:	d100      	bne.n	10000d0a <alarm_pool_irq_handler+0x116>
10000d08:	6106      	str	r6, [r0, #16]
10000d0a:	79a3      	ldrb	r3, [r4, #6]
10000d0c:	2b00      	cmp	r3, #0
10000d0e:	d149      	bne.n	10000da4 <alarm_pool_irq_handler+0x1b0>
10000d10:	9800      	ldr	r0, [sp, #0]
10000d12:	f000 fb31 	bl	10001378 <timer_time_us_64>
10000d16:	42b0      	cmp	r0, r6
10000d18:	41b9      	sbcs	r1, r7
10000d1a:	da89      	bge.n	10000c30 <alarm_pool_irq_handler+0x3c>
10000d1c:	bf40      	sev
10000d1e:	b005      	add	sp, #20
10000d20:	e8bd 8ff0 	ldmia.w	sp!, {r4, r5, r6, r7, r8, r9, sl, fp, pc}
10000d24:	f8d4 9014 	ldr.w	r9, [r4, #20]
10000d28:	eb06 0846 	add.w	r8, r6, r6, lsl #1
10000d2c:	eb09 07c8 	add.w	r7, r9, r8, lsl #3
10000d30:	68bb      	ldr	r3, [r7, #8]
10000d32:	68fd      	ldr	r5, [r7, #12]
10000d34:	9302      	str	r3, [sp, #8]
10000d36:	f000 fb1f 	bl	10001378 <timer_time_us_64>
10000d3a:	9b02      	ldr	r3, [sp, #8]
10000d3c:	4298      	cmp	r0, r3
10000d3e:	41a9      	sbcs	r1, r5
10000d40:	db2b      	blt.n	10000d9a <alarm_pool_irq_handler+0x1a6>
10000d42:	e9d7 3104 	ldrd	r3, r1, [r7, #16]
10000d46:	2b02      	cmp	r3, #2
10000d48:	d06b      	beq.n	10000e22 <alarm_pool_irq_handler+0x22e>
10000d4a:	887a      	ldrh	r2, [r7, #2]
10000d4c:	f9b4 0008 	ldrsh.w	r0, [r4, #8]
10000d50:	b292      	uxth	r2, r2
10000d52:	ea42 4000 	orr.w	r0, r2, r0, lsl #16
10000d56:	4798      	blx	r3
10000d58:	4602      	mov	r2, r0
10000d5a:	460b      	mov	r3, r1
10000d5c:	ea52 0103 	orrs.w	r1, r2, r3
10000d60:	d065      	beq.n	10000e2e <alarm_pool_irq_handler+0x23a>
10000d62:	2b00      	cmp	r3, #0
10000d64:	f280 80aa 	bge.w	10000ebc <alarm_pool_irq_handler+0x2c8>
10000d68:	9902      	ldr	r1, [sp, #8]
10000d6a:	ebb1 0c02 	subs.w	ip, r1, r2
10000d6e:	eb65 0e03 	sbc.w	lr, r5, r3
10000d72:	f939 3038 	ldrsh.w	r3, [r9, r8, lsl #3]
10000d76:	e9c7 ce02 	strd	ip, lr, [r7, #8]
10000d7a:	2b00      	cmp	r3, #0
10000d7c:	db0d      	blt.n	10000d9a <alarm_pool_irq_handler+0x1a6>
10000d7e:	6960      	ldr	r0, [r4, #20]
10000d80:	eb03 0243 	add.w	r2, r3, r3, lsl #1
10000d84:	eb00 02c2 	add.w	r2, r0, r2, lsl #3
10000d88:	e9d2 7102 	ldrd	r7, r1, [r2, #8]
10000d8c:	45bc      	cmp	ip, r7
10000d8e:	eb7e 0501 	sbcs.w	r5, lr, r1
10000d92:	ea4f 0243 	mov.w	r2, r3, lsl #1
10000d96:	f280 809d 	bge.w	10000ed4 <alarm_pool_irq_handler+0x2e0>
10000d9a:	88a3      	ldrh	r3, [r4, #4]
10000d9c:	0418      	lsls	r0, r3, #16
10000d9e:	f57f af52 	bpl.w	10000c46 <alarm_pool_irq_handler+0x52>
10000da2:	e795      	b.n	10000cd0 <alarm_pool_irq_handler+0xdc>
10000da4:	f04f 0800 	mov.w	r8, #0
10000da8:	f884 8006 	strb.w	r8, [r4, #6]
10000dac:	f9b4 3008 	ldrsh.w	r3, [r4, #8]
10000db0:	1c59      	adds	r1, r3, #1
10000db2:	d0ad      	beq.n	10000d10 <alarm_pool_irq_handler+0x11c>
10000db4:	46dc      	mov	ip, fp
10000db6:	f8cd a008 	str.w	sl, [sp, #8]
10000dba:	e002      	b.n	10000dc2 <alarm_pool_irq_handler+0x1ce>
10000dbc:	1c5a      	adds	r2, r3, #1
10000dbe:	46ac      	mov	ip, r5
10000dc0:	d02c      	beq.n	10000e1c <alarm_pool_irq_handler+0x228>
10000dc2:	6962      	ldr	r2, [r4, #20]
10000dc4:	eb03 0143 	add.w	r1, r3, r3, lsl #1
10000dc8:	eb02 05c1 	add.w	r5, r2, r1, lsl #3
10000dcc:	f8b5 e002 	ldrh.w	lr, [r5, #2]
10000dd0:	4618      	mov	r0, r3
10000dd2:	f41e 4f00 	tst.w	lr, #32768	@ 0x8000
10000dd6:	f932 3031 	ldrsh.w	r3, [r2, r1, lsl #3]
10000dda:	d0ef      	beq.n	10000dbc <alarm_pool_irq_handler+0x1c8>
10000ddc:	6925      	ldr	r5, [r4, #16]
10000dde:	f8ac 3000 	strh.w	r3, [ip]
10000de2:	f3ef 8e10 	mrs	lr, PRIMASK
10000de6:	b672      	cpsid	i
10000de8:	e8d5 afcf 	ldaexb	sl, [r5]
10000dec:	f05f 0901 	movs.w	r9, #1
10000df0:	f1ba 0f00 	cmp.w	sl, #0
10000df4:	d1f8      	bne.n	10000de8 <alarm_pool_irq_handler+0x1f4>
10000df6:	e8c5 9f4a 	strexb	sl, r9, [r5]
10000dfa:	f1ba 0f00 	cmp.w	sl, #0
10000dfe:	d1f3      	bne.n	10000de8 <alarm_pool_irq_handler+0x1f4>
10000e00:	f3bf 8f5f 	dmb	sy
10000e04:	f8b4 9002 	ldrh.w	r9, [r4, #2]
10000e08:	6925      	ldr	r5, [r4, #16]
10000e0a:	f822 9031 	strh.w	r9, [r2, r1, lsl #3]
10000e0e:	8060      	strh	r0, [r4, #2]
10000e10:	e8c5 8f8f 	stlb	r8, [r5]
10000e14:	f38e 8810 	msr	PRIMASK, lr
10000e18:	1c5a      	adds	r2, r3, #1
10000e1a:	d1d2      	bne.n	10000dc2 <alarm_pool_irq_handler+0x1ce>
10000e1c:	f8dd a008 	ldr.w	sl, [sp, #8]
10000e20:	e776      	b.n	10000d10 <alarm_pool_irq_handler+0x11c>
10000e22:	4608      	mov	r0, r1
10000e24:	690b      	ldr	r3, [r1, #16]
10000e26:	9103      	str	r1, [sp, #12]
10000e28:	4798      	blx	r3
10000e2a:	2800      	cmp	r0, #0
10000e2c:	d139      	bne.n	10000ea2 <alarm_pool_irq_handler+0x2ae>
10000e2e:	f839 3038 	ldrh.w	r3, [r9, r8, lsl #3]
10000e32:	8123      	strh	r3, [r4, #8]
10000e34:	6923      	ldr	r3, [r4, #16]
10000e36:	f3ef 8210 	mrs	r2, PRIMASK
10000e3a:	b672      	cpsid	i
10000e3c:	e8d3 0fcf 	ldaexb	r0, [r3]
10000e40:	2101      	movs	r1, #1
10000e42:	2800      	cmp	r0, #0
10000e44:	d1fa      	bne.n	10000e3c <alarm_pool_irq_handler+0x248>
10000e46:	e8c3 1f40 	strexb	r0, r1, [r3]
10000e4a:	2800      	cmp	r0, #0
10000e4c:	d1f6      	bne.n	10000e3c <alarm_pool_irq_handler+0x248>
10000e4e:	f3bf 8f5f 	dmb	sy
10000e52:	8863      	ldrh	r3, [r4, #2]
10000e54:	6921      	ldr	r1, [r4, #16]
10000e56:	f829 3038 	strh.w	r3, [r9, r8, lsl #3]
10000e5a:	2300      	movs	r3, #0
10000e5c:	8066      	strh	r6, [r4, #2]
10000e5e:	e8c1 3f8f 	stlb	r3, [r1]
10000e62:	f382 8810 	msr	PRIMASK, r2
10000e66:	88a3      	ldrh	r3, [r4, #4]
10000e68:	0418      	lsls	r0, r3, #16
10000e6a:	f57f aeec 	bpl.w	10000c46 <alarm_pool_irq_handler+0x52>
10000e6e:	e72f      	b.n	10000cd0 <alarm_pool_irq_handler+0xdc>
10000e70:	400b8000 	.word	0x400b8000
10000e74:	400b0000 	.word	0x400b0000
10000e78:	20002000 	.word	0x20002000
10000e7c:	4604      	mov	r4, r0
10000e7e:	4620      	mov	r0, r4
10000e80:	f000 fa7a 	bl	10001378 <timer_time_us_64>
10000e84:	f100 4200 	add.w	r2, r0, #2147483648	@ 0x80000000
10000e88:	eb04 008a 	add.w	r0, r4, sl, lsl #2
10000e8c:	6aa3      	ldr	r3, [r4, #40]	@ 0x28
10000e8e:	6901      	ldr	r1, [r0, #16]
10000e90:	1ac9      	subs	r1, r1, r3
10000e92:	1ad3      	subs	r3, r2, r3
10000e94:	428b      	cmp	r3, r1
10000e96:	d208      	bcs.n	10000eaa <alarm_pool_irq_handler+0x2b6>
10000e98:	6102      	str	r2, [r0, #16]
10000e9a:	bf40      	sev
10000e9c:	b005      	add	sp, #20
10000e9e:	e8bd 8ff0 	ldmia.w	sp!, {r4, r5, r6, r7, r8, r9, sl, fp, pc}
10000ea2:	9903      	ldr	r1, [sp, #12]
10000ea4:	e9d1 2300 	ldrd	r2, r3, [r1]
10000ea8:	e758      	b.n	10000d5c <alarm_pool_irq_handler+0x168>
10000eaa:	2301      	movs	r3, #1
10000eac:	6a21      	ldr	r1, [r4, #32]
10000eae:	fa03 f30a 	lsl.w	r3, r3, sl
10000eb2:	420b      	tst	r3, r1
10000eb4:	f47f af32 	bne.w	10000d1c <alarm_pool_irq_handler+0x128>
10000eb8:	6102      	str	r2, [r0, #16]
10000eba:	e7ee      	b.n	10000e9a <alarm_pool_irq_handler+0x2a6>
10000ebc:	9800      	ldr	r0, [sp, #0]
10000ebe:	e9cd 2302 	strd	r2, r3, [sp, #8]
10000ec2:	f000 fa59 	bl	10001378 <timer_time_us_64>
10000ec6:	9a02      	ldr	r2, [sp, #8]
10000ec8:	9b03      	ldr	r3, [sp, #12]
10000eca:	eb10 0c02 	adds.w	ip, r0, r2
10000ece:	eb43 0e01 	adc.w	lr, r3, r1
10000ed2:	e74e      	b.n	10000d72 <alarm_pool_irq_handler+0x17e>
10000ed4:	4625      	mov	r5, r4
10000ed6:	f825 3f08 	strh.w	r3, [r5, #8]!
10000eda:	e006      	b.n	10000eea <alarm_pool_irq_handler+0x2f6>
10000edc:	eb03 0243 	add.w	r2, r3, r3, lsl #1
10000ee0:	eb00 02c2 	add.w	r2, r0, r2, lsl #3
10000ee4:	e9d2 7102 	ldrd	r7, r1, [r2, #8]
10000ee8:	005a      	lsls	r2, r3, #1
10000eea:	45bc      	cmp	ip, r7
10000eec:	eb7e 0101 	sbcs.w	r1, lr, r1
10000ef0:	441a      	add	r2, r3
10000ef2:	db05      	blt.n	10000f00 <alarm_pool_irq_handler+0x30c>
10000ef4:	f930 3032 	ldrsh.w	r3, [r0, r2, lsl #3]
10000ef8:	eb00 05c2 	add.w	r5, r0, r2, lsl #3
10000efc:	2b00      	cmp	r3, #0
10000efe:	daed      	bge.n	10000edc <alarm_pool_irq_handler+0x2e8>
10000f00:	f829 3038 	strh.w	r3, [r9, r8, lsl #3]
10000f04:	802e      	strh	r6, [r5, #0]
10000f06:	88a3      	ldrh	r3, [r4, #4]
10000f08:	0418      	lsls	r0, r3, #16
10000f0a:	f57f ae9c 	bpl.w	10000c46 <alarm_pool_irq_handler+0x52>
10000f0e:	e6df      	b.n	10000cd0 <alarm_pool_irq_handler+0xdc>
10000f10:	9c00      	ldr	r4, [sp, #0]
10000f12:	e7b4      	b.n	10000e7e <alarm_pool_irq_handler+0x28a>

10000f14 <runtime_init_default_alarm_pool>:
10000f14:	b538      	push	{r3, r4, r5, lr}
10000f16:	4b33      	ldr	r3, [pc, #204]	@ (10000fe4 <runtime_init_default_alarm_pool+0xd0>)
10000f18:	691c      	ldr	r4, [r3, #16]
10000f1a:	b104      	cbz	r4, 10000f1e <runtime_init_default_alarm_pool+0xa>
10000f1c:	bd38      	pop	{r3, r4, r5, pc}
10000f1e:	2103      	movs	r1, #3
10000f20:	4831      	ldr	r0, [pc, #196]	@ (10000fe8 <runtime_init_default_alarm_pool+0xd4>)
10000f22:	f000 fa17 	bl	10001354 <timer_hardware_alarm_claim>
10000f26:	4d30      	ldr	r5, [pc, #192]	@ (10000fe8 <runtime_init_default_alarm_pool+0xd4>)
10000f28:	4b2e      	ldr	r3, [pc, #184]	@ (10000fe4 <runtime_init_default_alarm_pool+0xd0>)
10000f2a:	60dd      	str	r5, [r3, #12]
10000f2c:	f7ff fbde 	bl	100006ec <next_striped_spin_lock_num>
10000f30:	4a2e      	ldr	r2, [pc, #184]	@ (10000fec <runtime_init_default_alarm_pool+0xd8>)
10000f32:	f04f 4e50 	mov.w	lr, #3489660928	@ 0xd0000000
10000f36:	4402      	add	r2, r0
10000f38:	2003      	movs	r0, #3
10000f3a:	4b2a      	ldr	r3, [pc, #168]	@ (10000fe4 <runtime_init_default_alarm_pool+0xd0>)
10000f3c:	f04f 0c0f 	mov.w	ip, #15
10000f40:	7018      	strb	r0, [r3, #0]
10000f42:	611a      	str	r2, [r3, #16]
10000f44:	f8de 2000 	ldr.w	r2, [lr]
10000f48:	f64f 71ff 	movw	r1, #65535	@ 0xffff
10000f4c:	705a      	strb	r2, [r3, #1]
10000f4e:	695a      	ldr	r2, [r3, #20]
10000f50:	f8a3 c002 	strh.w	ip, [r3, #2]
10000f54:	8314      	strh	r4, [r2, #24]
10000f56:	f04f 0402 	mov.w	r4, #2
10000f5a:	f8a2 4048 	strh.w	r4, [r2, #72]	@ 0x48
10000f5e:	f04f 0404 	mov.w	r4, #4
10000f62:	f8a2 4078 	strh.w	r4, [r2, #120]	@ 0x78
10000f66:	f04f 0405 	mov.w	r4, #5
10000f6a:	f8a2 4090 	strh.w	r4, [r2, #144]	@ 0x90
10000f6e:	f04f 0406 	mov.w	r4, #6
10000f72:	f8a2 40a8 	strh.w	r4, [r2, #168]	@ 0xa8
10000f76:	f04f 0407 	mov.w	r4, #7
10000f7a:	f8a2 40c0 	strh.w	r4, [r2, #192]	@ 0xc0
10000f7e:	f04f 0409 	mov.w	r4, #9
10000f82:	f8a2 40f0 	strh.w	r4, [r2, #240]	@ 0xf0
10000f86:	f04f 040a 	mov.w	r4, #10
10000f8a:	f8a2 4108 	strh.w	r4, [r2, #264]	@ 0x108
10000f8e:	f04f 040b 	mov.w	r4, #11
10000f92:	f8a2 4120 	strh.w	r4, [r2, #288]	@ 0x120
10000f96:	f04f 040c 	mov.w	r4, #12
10000f9a:	f8a2 4138 	strh.w	r4, [r2, #312]	@ 0x138
10000f9e:	f04f 0401 	mov.w	r4, #1
10000fa2:	8614      	strh	r4, [r2, #48]	@ 0x30
10000fa4:	f04f 0408 	mov.w	r4, #8
10000fa8:	f8a2 40d8 	strh.w	r4, [r2, #216]	@ 0xd8
10000fac:	4c10      	ldr	r4, [pc, #64]	@ (10000ff0 <runtime_init_default_alarm_pool+0xdc>)
10000fae:	f04f 0e0d 	mov.w	lr, #13
10000fb2:	f04f 0c0e 	mov.w	ip, #14
10000fb6:	609c      	str	r4, [r3, #8]
10000fb8:	2408      	movs	r4, #8
10000fba:	8099      	strh	r1, [r3, #4]
10000fbc:	f8a2 e150 	strh.w	lr, [r2, #336]	@ 0x150
10000fc0:	f8a2 c168 	strh.w	ip, [r2, #360]	@ 0x168
10000fc4:	f8a2 0060 	strh.w	r0, [r2, #96]	@ 0x60
10000fc8:	8011      	strh	r1, [r2, #0]
10000fca:	4a0a      	ldr	r2, [pc, #40]	@ (10000ff4 <runtime_init_default_alarm_pool+0xe0>)
10000fcc:	490a      	ldr	r1, [pc, #40]	@ (10000ff8 <runtime_init_default_alarm_pool+0xe4>)
10000fce:	622c      	str	r4, [r5, #32]
10000fd0:	60d3      	str	r3, [r2, #12]
10000fd2:	f7ff fc1f 	bl	10000814 <irq_set_exclusive_handler>
10000fd6:	2101      	movs	r1, #1
10000fd8:	2003      	movs	r0, #3
10000fda:	f7ff fbd9 	bl	10000790 <irq_set_enabled>
10000fde:	4b07      	ldr	r3, [pc, #28]	@ (10000ffc <runtime_init_default_alarm_pool+0xe8>)
10000fe0:	641c      	str	r4, [r3, #64]	@ 0x40
10000fe2:	bd38      	pop	{r3, r4, r5, pc}
10000fe4:	2000156c 	.word	0x2000156c
10000fe8:	400b0000 	.word	0x400b0000
10000fec:	200018f4 	.word	0x200018f4
10000ff0:	0010ffff 	.word	0x0010ffff
10000ff4:	20002000 	.word	0x20002000
10000ff8:	10000bf5 	.word	0x10000bf5
10000ffc:	400b2000 	.word	0x400b2000

10001000 <alarm_pool_get_default>:
10001000:	4800      	ldr	r0, [pc, #0]	@ (10001004 <alarm_pool_get_default+0x4>)
10001002:	4770      	bx	lr
10001004:	2000156c 	.word	0x2000156c

10001008 <alarm_pool_add_alarm_at>:
10001008:	b5f0      	push	{r4, r5, r6, r7, lr}
1000100a:	b083      	sub	sp, #12
1000100c:	f89d 4028 	ldrb.w	r4, [sp, #40]	@ 0x28
10001010:	461d      	mov	r5, r3
10001012:	4603      	mov	r3, r0
10001014:	b954      	cbnz	r4, 1000102c <alarm_pool_add_alarm_at+0x24>
10001016:	e9cd 0200 	strd	r0, r2, [sp]
1000101a:	f000 f9b5 	bl	10001388 <time_us_64>
1000101e:	9a01      	ldr	r2, [sp, #4]
10001020:	9b00      	ldr	r3, [sp, #0]
10001022:	4282      	cmp	r2, r0
10001024:	eb65 0101 	sbc.w	r1, r5, r1
10001028:	42a1      	cmp	r1, r4
1000102a:	db5b      	blt.n	100010e4 <alarm_pool_add_alarm_at+0xdc>
1000102c:	6919      	ldr	r1, [r3, #16]
1000102e:	f3ef 8010 	mrs	r0, PRIMASK
10001032:	b672      	cpsid	i
10001034:	e8d1 6fcf 	ldaexb	r6, [r1]
10001038:	2401      	movs	r4, #1
1000103a:	2e00      	cmp	r6, #0
1000103c:	d1fa      	bne.n	10001034 <alarm_pool_add_alarm_at+0x2c>
1000103e:	e8c1 4f46 	strexb	r6, r4, [r1]
10001042:	2e00      	cmp	r6, #0
10001044:	d1f6      	bne.n	10001034 <alarm_pool_add_alarm_at+0x2c>
10001046:	f3bf 8f5f 	dmb	sy
1000104a:	f9b3 4002 	ldrsh.w	r4, [r3, #2]
1000104e:	691f      	ldr	r7, [r3, #16]
10001050:	2c00      	cmp	r4, #0
10001052:	db3e      	blt.n	100010d2 <alarm_pool_add_alarm_at+0xca>
10001054:	f8d3 c014 	ldr.w	ip, [r3, #20]
10001058:	eb04 0e44 	add.w	lr, r4, r4, lsl #1
1000105c:	f83c 103e 	ldrh.w	r1, [ip, lr, lsl #3]
10001060:	2600      	movs	r6, #0
10001062:	8059      	strh	r1, [r3, #2]
10001064:	eb0c 01ce 	add.w	r1, ip, lr, lsl #3
10001068:	e8c7 6f8f 	stlb	r6, [r7]
1000106c:	f380 8810 	msr	PRIMASK, r0
10001070:	8848      	ldrh	r0, [r1, #2]
10001072:	e9c1 2502 	strd	r2, r5, [r1, #8]
10001076:	3001      	adds	r0, #1
10001078:	f3c0 000e 	ubfx	r0, r0, #0, #15
1000107c:	2801      	cmp	r0, #1
1000107e:	bf38      	it	cc
10001080:	2001      	movcc	r0, #1
10001082:	9a08      	ldr	r2, [sp, #32]
10001084:	8048      	strh	r0, [r1, #2]
10001086:	610a      	str	r2, [r1, #16]
10001088:	9a09      	ldr	r2, [sp, #36]	@ 0x24
1000108a:	ea40 4004 	orr.w	r0, r0, r4, lsl #16
1000108e:	614a      	str	r2, [r1, #20]
10001090:	691a      	ldr	r2, [r3, #16]
10001092:	f3ef 8110 	mrs	r1, PRIMASK
10001096:	b672      	cpsid	i
10001098:	e8d2 7fcf 	ldaexb	r7, [r2]
1000109c:	2501      	movs	r5, #1
1000109e:	2f00      	cmp	r7, #0
100010a0:	d1fa      	bne.n	10001098 <alarm_pool_add_alarm_at+0x90>
100010a2:	e8c2 5f47 	strexb	r7, r5, [r2]
100010a6:	2f00      	cmp	r7, #0
100010a8:	d1f6      	bne.n	10001098 <alarm_pool_add_alarm_at+0x90>
100010aa:	f3bf 8f5f 	dmb	sy
100010ae:	889a      	ldrh	r2, [r3, #4]
100010b0:	f82c 203e 	strh.w	r2, [ip, lr, lsl #3]
100010b4:	691a      	ldr	r2, [r3, #16]
100010b6:	809c      	strh	r4, [r3, #4]
100010b8:	e8c2 6f8f 	stlb	r6, [r2]
100010bc:	f381 8810 	msr	PRIMASK, r1
100010c0:	2101      	movs	r1, #1
100010c2:	781c      	ldrb	r4, [r3, #0]
100010c4:	68da      	ldr	r2, [r3, #12]
100010c6:	40a1      	lsls	r1, r4
100010c8:	f502 5301 	add.w	r3, r2, #8256	@ 0x2040
100010cc:	6059      	str	r1, [r3, #4]
100010ce:	b003      	add	sp, #12
100010d0:	bdf0      	pop	{r4, r5, r6, r7, pc}
100010d2:	2300      	movs	r3, #0
100010d4:	e8c7 3f8f 	stlb	r3, [r7]
100010d8:	f380 8810 	msr	PRIMASK, r0
100010dc:	f04f 30ff 	mov.w	r0, #4294967295	@ 0xffffffff
100010e0:	b003      	add	sp, #12
100010e2:	bdf0      	pop	{r4, r5, r6, r7, pc}
100010e4:	4620      	mov	r0, r4
100010e6:	b003      	add	sp, #12
100010e8:	bdf0      	pop	{r4, r5, r6, r7, pc}
100010ea:	bf00      	nop

100010ec <alarm_pool_add_alarm_at_force_in_context>:
100010ec:	b5f0      	push	{r4, r5, r6, r7, lr}
100010ee:	4616      	mov	r6, r2
100010f0:	461f      	mov	r7, r3
100010f2:	6902      	ldr	r2, [r0, #16]
100010f4:	4603      	mov	r3, r0
100010f6:	f3ef 8010 	mrs	r0, PRIMASK
100010fa:	b672      	cpsid	i
100010fc:	e8d2 4fcf 	ldaexb	r4, [r2]
10001100:	2101      	movs	r1, #1
10001102:	2c00      	cmp	r4, #0
10001104:	d1fa      	bne.n	100010fc <alarm_pool_add_alarm_at_force_in_context+0x10>
10001106:	e8c2 1f44 	strexb	r4, r1, [r2]
1000110a:	2c00      	cmp	r4, #0
1000110c:	d1f6      	bne.n	100010fc <alarm_pool_add_alarm_at_force_in_context+0x10>
1000110e:	f3bf 8f5f 	dmb	sy
10001112:	f9b3 1002 	ldrsh.w	r1, [r3, #2]
10001116:	691d      	ldr	r5, [r3, #16]
10001118:	2900      	cmp	r1, #0
1000111a:	db45      	blt.n	100011a8 <alarm_pool_add_alarm_at_force_in_context+0xbc>
1000111c:	f8d3 e014 	ldr.w	lr, [r3, #20]
10001120:	eb01 0241 	add.w	r2, r1, r1, lsl #1
10001124:	f83e 4032 	ldrh.w	r4, [lr, r2, lsl #3]
10001128:	eb0e 0cc2 	add.w	ip, lr, r2, lsl #3
1000112c:	805c      	strh	r4, [r3, #2]
1000112e:	2400      	movs	r4, #0
10001130:	e8c5 4f8f 	stlb	r4, [r5]
10001134:	f380 8810 	msr	PRIMASK, r0
10001138:	9805      	ldr	r0, [sp, #20]
1000113a:	4635      	mov	r5, r6
1000113c:	f8cc 0010 	str.w	r0, [ip, #16]
10001140:	9806      	ldr	r0, [sp, #24]
10001142:	463e      	mov	r6, r7
10001144:	f8cc 0014 	str.w	r0, [ip, #20]
10001148:	f8bc 0002 	ldrh.w	r0, [ip, #2]
1000114c:	e9cc 5602 	strd	r5, r6, [ip, #8]
10001150:	3001      	adds	r0, #1
10001152:	f3c0 000e 	ubfx	r0, r0, #0, #15
10001156:	2801      	cmp	r0, #1
10001158:	bf38      	it	cc
1000115a:	2001      	movcc	r0, #1
1000115c:	f8ac 0002 	strh.w	r0, [ip, #2]
10001160:	ea40 4001 	orr.w	r0, r0, r1, lsl #16
10001164:	f8d3 c010 	ldr.w	ip, [r3, #16]
10001168:	f3ef 8510 	mrs	r5, PRIMASK
1000116c:	b672      	cpsid	i
1000116e:	e8dc 7fcf 	ldaexb	r7, [ip]
10001172:	2601      	movs	r6, #1
10001174:	2f00      	cmp	r7, #0
10001176:	d1fa      	bne.n	1000116e <alarm_pool_add_alarm_at_force_in_context+0x82>
10001178:	e8cc 6f47 	strexb	r7, r6, [ip]
1000117c:	2f00      	cmp	r7, #0
1000117e:	d1f6      	bne.n	1000116e <alarm_pool_add_alarm_at_force_in_context+0x82>
10001180:	f3bf 8f5f 	dmb	sy
10001184:	f8b3 c004 	ldrh.w	ip, [r3, #4]
10001188:	f82e c032 	strh.w	ip, [lr, r2, lsl #3]
1000118c:	8099      	strh	r1, [r3, #4]
1000118e:	691a      	ldr	r2, [r3, #16]
10001190:	e8c2 4f8f 	stlb	r4, [r2]
10001194:	f385 8810 	msr	PRIMASK, r5
10001198:	2101      	movs	r1, #1
1000119a:	781c      	ldrb	r4, [r3, #0]
1000119c:	68da      	ldr	r2, [r3, #12]
1000119e:	40a1      	lsls	r1, r4
100011a0:	f502 5301 	add.w	r3, r2, #8256	@ 0x2040
100011a4:	6059      	str	r1, [r3, #4]
100011a6:	bdf0      	pop	{r4, r5, r6, r7, pc}
100011a8:	2300      	movs	r3, #0
100011aa:	e8c5 3f8f 	stlb	r3, [r5]
100011ae:	f380 8810 	msr	PRIMASK, r0
100011b2:	f04f 30ff 	mov.w	r0, #4294967295	@ 0xffffffff
100011b6:	bdf0      	pop	{r4, r5, r6, r7, pc}

100011b8 <alarm_pool_cancel_alarm>:
100011b8:	4603      	mov	r3, r0
100011ba:	8940      	ldrh	r0, [r0, #10]
100011bc:	ebb0 4f21 	cmp.w	r0, r1, asr #16
100011c0:	dd3a      	ble.n	10001238 <alarm_pool_cancel_alarm+0x80>
100011c2:	6958      	ldr	r0, [r3, #20]
100011c4:	140a      	asrs	r2, r1, #16
100011c6:	eb02 0242 	add.w	r2, r2, r2, lsl #1
100011ca:	b510      	push	{r4, lr}
100011cc:	f8d3 c010 	ldr.w	ip, [r3, #16]
100011d0:	eb00 00c2 	add.w	r0, r0, r2, lsl #3
100011d4:	f3ef 8e10 	mrs	lr, PRIMASK
100011d8:	b672      	cpsid	i
100011da:	e8dc 4fcf 	ldaexb	r4, [ip]
100011de:	2201      	movs	r2, #1
100011e0:	2c00      	cmp	r4, #0
100011e2:	d1fa      	bne.n	100011da <alarm_pool_cancel_alarm+0x22>
100011e4:	e8cc 2f44 	strexb	r4, r2, [ip]
100011e8:	2c00      	cmp	r4, #0
100011ea:	d1f6      	bne.n	100011da <alarm_pool_cancel_alarm+0x22>
100011ec:	f3bf 8f5f 	dmb	sy
100011f0:	8842      	ldrh	r2, [r0, #2]
100011f2:	b289      	uxth	r1, r1
100011f4:	b292      	uxth	r2, r2
100011f6:	428a      	cmp	r2, r1
100011f8:	d007      	beq.n	1000120a <alarm_pool_cancel_alarm+0x52>
100011fa:	2200      	movs	r2, #0
100011fc:	691b      	ldr	r3, [r3, #16]
100011fe:	e8c3 2f8f 	stlb	r2, [r3]
10001202:	f38e 8810 	msr	PRIMASK, lr
10001206:	2000      	movs	r0, #0
10001208:	bd10      	pop	{r4, pc}
1000120a:	ea6f 4242 	mvn.w	r2, r2, lsl #17
1000120e:	ea6f 4252 	mvn.w	r2, r2, lsr #17
10001212:	8042      	strh	r2, [r0, #2]
10001214:	2101      	movs	r1, #1
10001216:	2200      	movs	r2, #0
10001218:	6918      	ldr	r0, [r3, #16]
1000121a:	7199      	strb	r1, [r3, #6]
1000121c:	e8c0 2f8f 	stlb	r2, [r0]
10001220:	f38e 8810 	msr	PRIMASK, lr
10001224:	f893 c000 	ldrb.w	ip, [r3]
10001228:	68da      	ldr	r2, [r3, #12]
1000122a:	4608      	mov	r0, r1
1000122c:	f502 5301 	add.w	r3, r2, #8256	@ 0x2040
10001230:	fa01 f10c 	lsl.w	r1, r1, ip
10001234:	6059      	str	r1, [r3, #4]
10001236:	bd10      	pop	{r4, pc}
10001238:	2000      	movs	r0, #0
1000123a:	4770      	bx	lr

1000123c <alarm_pool_core_num>:
1000123c:	7840      	ldrb	r0, [r0, #1]
1000123e:	4770      	bx	lr

10001240 <best_effort_wfe_or_timeout>:
10001240:	f3ef 8205 	mrs	r2, IPSR
10001244:	b2d2      	uxtb	r2, r2
10001246:	b17a      	cbz	r2, 10001268 <best_effort_wfe_or_timeout+0x28>
10001248:	4a3f      	ldr	r2, [pc, #252]	@ (10001348 <best_effort_wfe_or_timeout+0x108>)
1000124a:	6a53      	ldr	r3, [r2, #36]	@ 0x24
1000124c:	428b      	cmp	r3, r1
1000124e:	d309      	bcc.n	10001264 <best_effort_wfe_or_timeout+0x24>
10001250:	bf14      	ite	ne
10001252:	2301      	movne	r3, #1
10001254:	2300      	moveq	r3, #0
10001256:	6a92      	ldr	r2, [r2, #40]	@ 0x28
10001258:	4282      	cmp	r2, r0
1000125a:	bf34      	ite	cc
1000125c:	4618      	movcc	r0, r3
1000125e:	f043 0001 	orrcs.w	r0, r3, #1
10001262:	4770      	bx	lr
10001264:	2000      	movs	r0, #0
10001266:	4770      	bx	lr
10001268:	b570      	push	{r4, r5, r6, lr}
1000126a:	4b38      	ldr	r3, [pc, #224]	@ (1000134c <best_effort_wfe_or_timeout+0x10c>)
1000126c:	b084      	sub	sp, #16
1000126e:	68dd      	ldr	r5, [r3, #12]
10001270:	4606      	mov	r6, r0
10001272:	4628      	mov	r0, r5
10001274:	781c      	ldrb	r4, [r3, #0]
10001276:	e9cd 1202 	strd	r1, r2, [sp, #8]
1000127a:	f000 f87d 	bl	10001378 <timer_time_us_64>
1000127e:	f104 0c04 	add.w	ip, r4, #4
10001282:	f855 c02c 	ldr.w	ip, [r5, ip, lsl #2]
10001286:	9b02      	ldr	r3, [sp, #8]
10001288:	ebac 0c00 	sub.w	ip, ip, r0
1000128c:	1a30      	subs	r0, r6, r0
1000128e:	eb63 0101 	sbc.w	r1, r3, r1
10001292:	4560      	cmp	r0, ip
10001294:	f171 0100 	sbcs.w	r1, r1, #0
10001298:	9a03      	ldr	r2, [sp, #12]
1000129a:	db1a      	blt.n	100012d2 <best_effort_wfe_or_timeout+0x92>
1000129c:	4a2a      	ldr	r2, [pc, #168]	@ (10001348 <best_effort_wfe_or_timeout+0x108>)
1000129e:	6a51      	ldr	r1, [r2, #36]	@ 0x24
100012a0:	4299      	cmp	r1, r3
100012a2:	d307      	bcc.n	100012b4 <best_effort_wfe_or_timeout+0x74>
100012a4:	6a92      	ldr	r2, [r2, #40]	@ 0x28
100012a6:	42b2      	cmp	r2, r6
100012a8:	d201      	bcs.n	100012ae <best_effort_wfe_or_timeout+0x6e>
100012aa:	4299      	cmp	r1, r3
100012ac:	d002      	beq.n	100012b4 <best_effort_wfe_or_timeout+0x74>
100012ae:	2001      	movs	r0, #1
100012b0:	b004      	add	sp, #16
100012b2:	bd70      	pop	{r4, r5, r6, pc}
100012b4:	bf20      	wfe
100012b6:	4a24      	ldr	r2, [pc, #144]	@ (10001348 <best_effort_wfe_or_timeout+0x108>)
100012b8:	6a51      	ldr	r1, [r2, #36]	@ 0x24
100012ba:	4299      	cmp	r1, r3
100012bc:	d32d      	bcc.n	1000131a <best_effort_wfe_or_timeout+0xda>
100012be:	bf14      	ite	ne
100012c0:	2001      	movne	r0, #1
100012c2:	2000      	moveq	r0, #0
100012c4:	6a93      	ldr	r3, [r2, #40]	@ 0x28
100012c6:	42b3      	cmp	r3, r6
100012c8:	bf28      	it	cs
100012ca:	f040 0001 	orrcs.w	r0, r0, #1
100012ce:	b004      	add	sp, #16
100012d0:	bd70      	pop	{r4, r5, r6, pc}
100012d2:	e9cd 2302 	strd	r2, r3, [sp, #8]
100012d6:	f000 f857 	bl	10001388 <time_us_64>
100012da:	9b03      	ldr	r3, [sp, #12]
100012dc:	4286      	cmp	r6, r0
100012de:	eb63 0101 	sbc.w	r1, r3, r1
100012e2:	2900      	cmp	r1, #0
100012e4:	9a02      	ldr	r2, [sp, #8]
100012e6:	db1b      	blt.n	10001320 <best_effort_wfe_or_timeout+0xe0>
100012e8:	4919      	ldr	r1, [pc, #100]	@ (10001350 <best_effort_wfe_or_timeout+0x110>)
100012ea:	4818      	ldr	r0, [pc, #96]	@ (1000134c <best_effort_wfe_or_timeout+0x10c>)
100012ec:	e9cd 1200 	strd	r1, r2, [sp]
100012f0:	4632      	mov	r2, r6
100012f2:	9302      	str	r3, [sp, #8]
100012f4:	f7ff fefa 	bl	100010ec <alarm_pool_add_alarm_at_force_in_context>
100012f8:	1e01      	subs	r1, r0, #0
100012fa:	9b02      	ldr	r3, [sp, #8]
100012fc:	dd10      	ble.n	10001320 <best_effort_wfe_or_timeout+0xe0>
100012fe:	4a12      	ldr	r2, [pc, #72]	@ (10001348 <best_effort_wfe_or_timeout+0x108>)
10001300:	6a50      	ldr	r0, [r2, #36]	@ 0x24
10001302:	4298      	cmp	r0, r3
10001304:	d219      	bcs.n	1000133a <best_effort_wfe_or_timeout+0xfa>
10001306:	bf20      	wfe
10001308:	4810      	ldr	r0, [pc, #64]	@ (1000134c <best_effort_wfe_or_timeout+0x10c>)
1000130a:	9302      	str	r3, [sp, #8]
1000130c:	f7ff ff54 	bl	100011b8 <alarm_pool_cancel_alarm>
10001310:	4a0d      	ldr	r2, [pc, #52]	@ (10001348 <best_effort_wfe_or_timeout+0x108>)
10001312:	9b02      	ldr	r3, [sp, #8]
10001314:	6a51      	ldr	r1, [r2, #36]	@ 0x24
10001316:	4299      	cmp	r1, r3
10001318:	d2d1      	bcs.n	100012be <best_effort_wfe_or_timeout+0x7e>
1000131a:	2000      	movs	r0, #0
1000131c:	b004      	add	sp, #16
1000131e:	bd70      	pop	{r4, r5, r6, pc}
10001320:	4a09      	ldr	r2, [pc, #36]	@ (10001348 <best_effort_wfe_or_timeout+0x108>)
10001322:	6a50      	ldr	r0, [r2, #36]	@ 0x24
10001324:	4298      	cmp	r0, r3
10001326:	d3f8      	bcc.n	1000131a <best_effort_wfe_or_timeout+0xda>
10001328:	1ac0      	subs	r0, r0, r3
1000132a:	bf18      	it	ne
1000132c:	2001      	movne	r0, #1
1000132e:	6a93      	ldr	r3, [r2, #40]	@ 0x28
10001330:	42b3      	cmp	r3, r6
10001332:	bf28      	it	cs
10001334:	f040 0001 	orrcs.w	r0, r0, #1
10001338:	e7c9      	b.n	100012ce <best_effort_wfe_or_timeout+0x8e>
1000133a:	6a92      	ldr	r2, [r2, #40]	@ 0x28
1000133c:	42b2      	cmp	r2, r6
1000133e:	d2e3      	bcs.n	10001308 <best_effort_wfe_or_timeout+0xc8>
10001340:	4298      	cmp	r0, r3
10001342:	d1e1      	bne.n	10001308 <best_effort_wfe_or_timeout+0xc8>
10001344:	e7df      	b.n	10001306 <best_effort_wfe_or_timeout+0xc6>
10001346:	bf00      	nop
10001348:	400b0000 	.word	0x400b0000
1000134c:	2000156c 	.word	0x2000156c
10001350:	10000bed 	.word	0x10000bed

10001354 <timer_hardware_alarm_claim>:
10001354:	b410      	push	{r4}
10001356:	4b05      	ldr	r3, [pc, #20]	@ (1000136c <timer_hardware_alarm_claim+0x18>)
10001358:	4c05      	ldr	r4, [pc, #20]	@ (10001370 <timer_hardware_alarm_claim+0x1c>)
1000135a:	4a06      	ldr	r2, [pc, #24]	@ (10001374 <timer_hardware_alarm_claim+0x20>)
1000135c:	42a0      	cmp	r0, r4
1000135e:	bf14      	ite	ne
10001360:	4618      	movne	r0, r3
10001362:	1c58      	addeq	r0, r3, #1
10001364:	bc10      	pop	{r4}
10001366:	f7ff b953 	b.w	10000610 <hw_claim_or_assert>
1000136a:	bf00      	nop
1000136c:	20001a88 	.word	0x20001a88
10001370:	400b8000 	.word	0x400b8000
10001374:	10006224 	.word	0x10006224

10001378 <timer_time_us_64>:
10001378:	4603      	mov	r3, r0
1000137a:	6a41      	ldr	r1, [r0, #36]	@ 0x24
1000137c:	460a      	mov	r2, r1
1000137e:	6a98      	ldr	r0, [r3, #40]	@ 0x28
10001380:	6a59      	ldr	r1, [r3, #36]	@ 0x24
10001382:	428a      	cmp	r2, r1
10001384:	d1fa      	bne.n	1000137c <timer_time_us_64+0x4>
10001386:	4770      	bx	lr

10001388 <time_us_64>:
10001388:	4b03      	ldr	r3, [pc, #12]	@ (10001398 <time_us_64+0x10>)
1000138a:	6a59      	ldr	r1, [r3, #36]	@ 0x24
1000138c:	460a      	mov	r2, r1
1000138e:	6a98      	ldr	r0, [r3, #40]	@ 0x28
10001390:	6a59      	ldr	r1, [r3, #36]	@ 0x24
10001392:	4291      	cmp	r1, r2
10001394:	d1fa      	bne.n	1000138c <time_us_64+0x4>
10001396:	4770      	bx	lr
10001398:	400b0000 	.word	0x400b0000

1000139c <clock_configure_undivided>:
1000139c:	eb00 0c40 	add.w	ip, r0, r0, lsl #1
100013a0:	ea4f 0c8c 	mov.w	ip, ip, lsl #2
100013a4:	f10c 4c80 	add.w	ip, ip, #1073741824	@ 0x40000000
100013a8:	f50c 3c80 	add.w	ip, ip, #65536	@ 0x10000
100013ac:	b570      	push	{r4, r5, r6, lr}
100013ae:	461e      	mov	r6, r3
100013b0:	f8dc 3004 	ldr.w	r3, [ip, #4]
100013b4:	1f04      	subs	r4, r0, #4
100013b6:	f5b3 3f80 	cmp.w	r3, #65536	@ 0x10000
100013ba:	bf38      	it	cc
100013bc:	f44f 3380 	movcc.w	r3, #65536	@ 0x10000
100013c0:	b2e4      	uxtb	r4, r4
100013c2:	bf38      	it	cc
100013c4:	f8cc 3004 	strcc.w	r3, [ip, #4]
100013c8:	2c01      	cmp	r4, #1
100013ca:	d92e      	bls.n	1000142a <clock_configure_undivided+0x8e>
100013cc:	f44f 6500 	mov.w	r5, #2048	@ 0x800
100013d0:	4b28      	ldr	r3, [pc, #160]	@ (10001474 <clock_configure_undivided+0xd8>)
100013d2:	f50c 5e40 	add.w	lr, ip, #12288	@ 0x3000
100013d6:	f8ce 5000 	str.w	r5, [lr]
100013da:	f853 e020 	ldr.w	lr, [r3, r0, lsl #2]
100013de:	f1be 0f00 	cmp.w	lr, #0
100013e2:	d117      	bne.n	10001414 <clock_configure_undivided+0x78>
100013e4:	f8dc e000 	ldr.w	lr, [ip]
100013e8:	2c01      	cmp	r4, #1
100013ea:	ea8e 1242 	eor.w	r2, lr, r2, lsl #5
100013ee:	f002 02e0 	and.w	r2, r2, #224	@ 0xe0
100013f2:	f50c 5e80 	add.w	lr, ip, #4096	@ 0x1000
100013f6:	f8ce 2000 	str.w	r2, [lr]
100013fa:	d92b      	bls.n	10001454 <clock_configure_undivided+0xb8>
100013fc:	f44f 6100 	mov.w	r1, #2048	@ 0x800
10001400:	f843 6020 	str.w	r6, [r3, r0, lsl #2]
10001404:	f44f 3380 	mov.w	r3, #65536	@ 0x10000
10001408:	f50c 5200 	add.w	r2, ip, #8192	@ 0x2000
1000140c:	6011      	str	r1, [r2, #0]
1000140e:	f8cc 3004 	str.w	r3, [ip, #4]
10001412:	bd70      	pop	{r4, r5, r6, pc}
10001414:	695d      	ldr	r5, [r3, #20]
10001416:	fbb5 fefe 	udiv	lr, r5, lr
1000141a:	f10e 0e01 	add.w	lr, lr, #1
1000141e:	eb0e 0e4e 	add.w	lr, lr, lr, lsl #1
10001422:	f1be 0e03 	subs.w	lr, lr, #3
10001426:	d2fc      	bcs.n	10001422 <clock_configure_undivided+0x86>
10001428:	e7dc      	b.n	100013e4 <clock_configure_undivided+0x48>
1000142a:	2901      	cmp	r1, #1
1000142c:	d1ce      	bne.n	100013cc <clock_configure_undivided+0x30>
1000142e:	2403      	movs	r4, #3
10001430:	f50c 5340 	add.w	r3, ip, #12288	@ 0x3000
10001434:	601c      	str	r4, [r3, #0]
10001436:	f8dc 3008 	ldr.w	r3, [ip, #8]
1000143a:	07db      	lsls	r3, r3, #31
1000143c:	d5fb      	bpl.n	10001436 <clock_configure_undivided+0x9a>
1000143e:	f8dc 3000 	ldr.w	r3, [ip]
10001442:	f50c 5e80 	add.w	lr, ip, #4096	@ 0x1000
10001446:	ea83 1342 	eor.w	r3, r3, r2, lsl #5
1000144a:	f003 03e0 	and.w	r3, r3, #224	@ 0xe0
1000144e:	f8ce 3000 	str.w	r3, [lr]
10001452:	4b08      	ldr	r3, [pc, #32]	@ (10001474 <clock_configure_undivided+0xd8>)
10001454:	2201      	movs	r2, #1
10001456:	f8dc 4000 	ldr.w	r4, [ip]
1000145a:	404c      	eors	r4, r1
1000145c:	f004 0403 	and.w	r4, r4, #3
10001460:	f8ce 4000 	str.w	r4, [lr]
10001464:	fa02 f101 	lsl.w	r1, r2, r1
10001468:	f8dc 2008 	ldr.w	r2, [ip, #8]
1000146c:	420a      	tst	r2, r1
1000146e:	d0fb      	beq.n	10001468 <clock_configure_undivided+0xcc>
10001470:	e7c4      	b.n	100013fc <clock_configure_undivided+0x60>
10001472:	bf00      	nop
10001474:	20001a8c 	.word	0x20001a8c

10001478 <clock_get_hz>:
10001478:	4b01      	ldr	r3, [pc, #4]	@ (10001480 <clock_get_hz+0x8>)
1000147a:	f853 0020 	ldr.w	r0, [r3, r0, lsl #2]
1000147e:	4770      	bx	lr
10001480:	20001a8c 	.word	0x20001a8c

10001484 <pll_init>:
10001484:	b510      	push	{r4, lr}
10001486:	9c02      	ldr	r4, [sp, #8]
10001488:	468e      	mov	lr, r1
1000148a:	ea4f 3c04 	mov.w	ip, r4, lsl #12
1000148e:	ea4c 4c03 	orr.w	ip, ip, r3, lsl #16
10001492:	4b1c      	ldr	r3, [pc, #112]	@ (10001504 <pll_init+0x80>)
10001494:	fbb3 f3f1 	udiv	r3, r3, r1
10001498:	6801      	ldr	r1, [r0, #0]
1000149a:	fbb2 f4f3 	udiv	r4, r2, r3
1000149e:	2900      	cmp	r1, #0
100014a0:	db20      	blt.n	100014e4 <pll_init+0x60>
100014a2:	4a19      	ldr	r2, [pc, #100]	@ (10001508 <pll_init+0x84>)
100014a4:	4b19      	ldr	r3, [pc, #100]	@ (1000150c <pll_init+0x88>)
100014a6:	4290      	cmp	r0, r2
100014a8:	bf14      	ite	ne
100014aa:	f44f 4280 	movne.w	r2, #16384	@ 0x4000
100014ae:	f44f 4200 	moveq.w	r2, #32768	@ 0x8000
100014b2:	4917      	ldr	r1, [pc, #92]	@ (10001510 <pll_init+0x8c>)
100014b4:	601a      	str	r2, [r3, #0]
100014b6:	f503 5380 	add.w	r3, r3, #4096	@ 0x1000
100014ba:	601a      	str	r2, [r3, #0]
100014bc:	688b      	ldr	r3, [r1, #8]
100014be:	ea32 0303 	bics.w	r3, r2, r3
100014c2:	d1fb      	bne.n	100014bc <pll_init+0x38>
100014c4:	2221      	movs	r2, #33	@ 0x21
100014c6:	f500 5340 	add.w	r3, r0, #12288	@ 0x3000
100014ca:	3304      	adds	r3, #4
100014cc:	f8c0 e000 	str.w	lr, [r0]
100014d0:	6084      	str	r4, [r0, #8]
100014d2:	601a      	str	r2, [r3, #0]
100014d4:	6802      	ldr	r2, [r0, #0]
100014d6:	2a00      	cmp	r2, #0
100014d8:	dafc      	bge.n	100014d4 <pll_init+0x50>
100014da:	2208      	movs	r2, #8
100014dc:	f8c0 c00c 	str.w	ip, [r0, #12]
100014e0:	601a      	str	r2, [r3, #0]
100014e2:	bd10      	pop	{r4, pc}
100014e4:	6803      	ldr	r3, [r0, #0]
100014e6:	f003 033f 	and.w	r3, r3, #63	@ 0x3f
100014ea:	4573      	cmp	r3, lr
100014ec:	d1d9      	bne.n	100014a2 <pll_init+0x1e>
100014ee:	6883      	ldr	r3, [r0, #8]
100014f0:	f3c3 030b 	ubfx	r3, r3, #0, #12
100014f4:	42a3      	cmp	r3, r4
100014f6:	d1d4      	bne.n	100014a2 <pll_init+0x1e>
100014f8:	68c3      	ldr	r3, [r0, #12]
100014fa:	f403 23ee 	and.w	r3, r3, #487424	@ 0x77000
100014fe:	4563      	cmp	r3, ip
10001500:	d1cf      	bne.n	100014a2 <pll_init+0x1e>
10001502:	bd10      	pop	{r4, pc}
10001504:	00b71b00 	.word	0x00b71b00
10001508:	40058000 	.word	0x40058000
1000150c:	40022000 	.word	0x40022000
10001510:	40020000 	.word	0x40020000

10001514 <watchdog_reboot>:
10001514:	f04f 4c80 	mov.w	ip, #1073741824	@ 0x40000000
10001518:	4b21      	ldr	r3, [pc, #132]	@ (100015a0 <watchdog_reboot+0x8c>)
1000151a:	b500      	push	{lr}
1000151c:	f8c3 c000 	str.w	ip, [r3]
10001520:	2800      	cmp	r0, #0
10001522:	d039      	beq.n	10001598 <watchdog_reboot+0x84>
10001524:	f8df c088 	ldr.w	ip, [pc, #136]	@ 100015b0 <watchdog_reboot+0x9c>
10001528:	f5a3 5340 	sub.w	r3, r3, #12288	@ 0x3000
1000152c:	f8c3 c01c 	str.w	ip, [r3, #28]
10001530:	f8df c080 	ldr.w	ip, [pc, #128]	@ 100015b4 <watchdog_reboot+0xa0>
10001534:	f040 0001 	orr.w	r0, r0, #1
10001538:	ea80 0c0c 	eor.w	ip, r0, ip
1000153c:	f8c3 c020 	str.w	ip, [r3, #32]
10001540:	6259      	str	r1, [r3, #36]	@ 0x24
10001542:	6298      	str	r0, [r3, #40]	@ 0x28
10001544:	f04f 4e80 	mov.w	lr, #1073741824	@ 0x40000000
10001548:	f04f 61e0 	mov.w	r1, #117440512	@ 0x7000000
1000154c:	4b14      	ldr	r3, [pc, #80]	@ (100015a0 <watchdog_reboot+0x8c>)
1000154e:	4815      	ldr	r0, [pc, #84]	@ (100015a4 <watchdog_reboot+0x90>)
10001550:	f8df c064 	ldr.w	ip, [pc, #100]	@ 100015b8 <watchdog_reboot+0xa4>
10001554:	f8c3 e000 	str.w	lr, [r3]
10001558:	f8c0 c008 	str.w	ip, [r0, #8]
1000155c:	6019      	str	r1, [r3, #0]
1000155e:	b92a      	cbnz	r2, 1000156c <watchdog_reboot+0x58>
10001560:	f04f 4200 	mov.w	r2, #2147483648	@ 0x80000000
10001564:	f5a3 5380 	sub.w	r3, r3, #4096	@ 0x1000
10001568:	601a      	str	r2, [r3, #0]
1000156a:	bd00      	pop	{pc}
1000156c:	f44f 737a 	mov.w	r3, #1000	@ 0x3e8
10001570:	fb03 f202 	mul.w	r2, r3, r2
10001574:	f1b2 7f80 	cmp.w	r2, #16777216	@ 0x1000000
10001578:	bf2a      	itet	cs
1000157a:	f06f 437f 	mvncs.w	r3, #4278190080	@ 0xff000000
1000157e:	4613      	movcc	r3, r2
10001580:	461a      	movcs	r2, r3
10001582:	f04f 4180 	mov.w	r1, #1073741824	@ 0x40000000
10001586:	f8df c034 	ldr.w	ip, [pc, #52]	@ 100015bc <watchdog_reboot+0xa8>
1000158a:	4807      	ldr	r0, [pc, #28]	@ (100015a8 <watchdog_reboot+0x94>)
1000158c:	f8cc 3000 	str.w	r3, [ip]
10001590:	4b06      	ldr	r3, [pc, #24]	@ (100015ac <watchdog_reboot+0x98>)
10001592:	6042      	str	r2, [r0, #4]
10001594:	6019      	str	r1, [r3, #0]
10001596:	bd00      	pop	{pc}
10001598:	4b03      	ldr	r3, [pc, #12]	@ (100015a8 <watchdog_reboot+0x94>)
1000159a:	61d8      	str	r0, [r3, #28]
1000159c:	e7d2      	b.n	10001544 <watchdog_reboot+0x30>
1000159e:	bf00      	nop
100015a0:	400db000 	.word	0x400db000
100015a4:	4001a000 	.word	0x4001a000
100015a8:	400d8000 	.word	0x400d8000
100015ac:	400da000 	.word	0x400da000
100015b0:	b007c0d3 	.word	0xb007c0d3
100015b4:	4ff83f2d 	.word	0x4ff83f2d
100015b8:	01fffff3 	.word	0x01fffff3
100015bc:	20001eec 	.word	0x20001eec

100015c0 <tick_start>:
100015c0:	2301      	movs	r3, #1
100015c2:	eb00 0040 	add.w	r0, r0, r0, lsl #1
100015c6:	0080      	lsls	r0, r0, #2
100015c8:	f100 4080 	add.w	r0, r0, #1073741824	@ 0x40000000
100015cc:	f500 1084 	add.w	r0, r0, #1081344	@ 0x108000
100015d0:	6041      	str	r1, [r0, #4]
100015d2:	6003      	str	r3, [r0, #0]
100015d4:	4770      	bx	lr
100015d6:	bf00      	nop

100015d8 <rom_reboot.constprop.0.isra.0>:
100015d8:	f04f 0c00 	mov.w	ip, #0
100015dc:	b530      	push	{r4, r5, lr}
100015de:	4613      	mov	r3, r2
100015e0:	b083      	sub	sp, #12
100015e2:	4604      	mov	r4, r0
100015e4:	460d      	mov	r5, r1
100015e6:	f8bc 2016 	ldrh.w	r2, [ip, #22]
100015ea:	2100      	movs	r1, #0
100015ec:	e841 f100 	tt	r1, r1
100015f0:	9301      	str	r3, [sp, #4]
100015f2:	024b      	lsls	r3, r1, #9
100015f4:	bf54      	ite	pl
100015f6:	2110      	movpl	r1, #16
100015f8:	2104      	movmi	r1, #4
100015fa:	f244 2052 	movw	r0, #16978	@ 0x4252
100015fe:	4790      	blx	r2
10001600:	4686      	mov	lr, r0
10001602:	462a      	mov	r2, r5
10001604:	210a      	movs	r1, #10
10001606:	4620      	mov	r0, r4
10001608:	46f4      	mov	ip, lr
1000160a:	9b01      	ldr	r3, [sp, #4]
1000160c:	b003      	add	sp, #12
1000160e:	e8bd 4030 	ldmia.w	sp!, {r4, r5, lr}
10001612:	4760      	bx	ip

10001614 <rom_func_lookup>:
10001614:	2300      	movs	r3, #0
10001616:	8adb      	ldrh	r3, [r3, #22]
10001618:	2200      	movs	r2, #0
1000161a:	e842 f200 	tt	r2, r2
1000161e:	0252      	lsls	r2, r2, #9
10001620:	d401      	bmi.n	10001626 <rom_func_lookup+0x12>
10001622:	2110      	movs	r1, #16
10001624:	4718      	bx	r3
10001626:	2104      	movs	r1, #4
10001628:	4718      	bx	r3
1000162a:	bf00      	nop

1000162c <rom_reset_usb_boot_extra>:
1000162c:	2800      	cmp	r0, #0
1000162e:	b508      	push	{r3, lr}
10001630:	db0e      	blt.n	10001650 <rom_reset_usb_boot_extra+0x24>
10001632:	b952      	cbnz	r2, 1000164a <rom_reset_usb_boot_extra+0x1e>
10001634:	f041 0120 	orr.w	r1, r1, #32
10001638:	2300      	movs	r3, #0
1000163a:	7cdb      	ldrb	r3, [r3, #19]
1000163c:	2b02      	cmp	r3, #2
1000163e:	d00a      	beq.n	10001656 <rom_reset_usb_boot_extra+0x2a>
10001640:	4602      	mov	r2, r0
10001642:	f44f 7081 	mov.w	r0, #258	@ 0x102
10001646:	f7ff ffc7 	bl	100015d8 <rom_reboot.constprop.0.isra.0>
1000164a:	f041 0130 	orr.w	r1, r1, #48	@ 0x30
1000164e:	e7f3      	b.n	10001638 <rom_reset_usb_boot_extra+0xc>
10001650:	068b      	lsls	r3, r1, #26
10001652:	d5f5      	bpl.n	10001640 <rom_reset_usb_boot_extra+0x14>
10001654:	e7f0      	b.n	10001638 <rom_reset_usb_boot_extra+0xc>
10001656:	4602      	mov	r2, r0
10001658:	f44f 7091 	mov.w	r0, #290	@ 0x122
1000165c:	f7ff ffbc 	bl	100015d8 <rom_reboot.constprop.0.isra.0>

10001660 <runtime_init_bootrom_locking_enable>:
10001660:	4a03      	ldr	r2, [pc, #12]	@ (10001670 <runtime_init_bootrom_locking_enable+0x10>)
10001662:	f8d2 3828 	ldr.w	r3, [r2, #2088]	@ 0x828
10001666:	2b00      	cmp	r3, #0
10001668:	d0fb      	beq.n	10001662 <runtime_init_bootrom_locking_enable+0x2>
1000166a:	f3bf 8f5f 	dmb	sy
1000166e:	4770      	bx	lr
10001670:	400e0000 	.word	0x400e0000

10001674 <runtime_init_boot_locks_reset>:
10001674:	2100      	movs	r1, #0
10001676:	4b04      	ldr	r3, [pc, #16]	@ (10001688 <runtime_init_boot_locks_reset+0x14>)
10001678:	4a04      	ldr	r2, [pc, #16]	@ (1000168c <runtime_init_boot_locks_reset+0x18>)
1000167a:	f3bf 8f5f 	dmb	sy
1000167e:	f843 1b04 	str.w	r1, [r3], #4
10001682:	4293      	cmp	r3, r2
10001684:	d1f9      	bne.n	1000167a <runtime_init_boot_locks_reset+0x6>
10001686:	4770      	bx	lr
10001688:	400e080c 	.word	0x400e080c
1000168c:	400e082c 	.word	0x400e082c

10001690 <xosc_init>:
10001690:	f44f 6c2a 	mov.w	ip, #2720	@ 0xaa0
10001694:	f44f 708d 	mov.w	r0, #282	@ 0x11a
10001698:	4a05      	ldr	r2, [pc, #20]	@ (100016b0 <xosc_init+0x20>)
1000169a:	4b06      	ldr	r3, [pc, #24]	@ (100016b4 <xosc_init+0x24>)
1000169c:	4906      	ldr	r1, [pc, #24]	@ (100016b8 <xosc_init+0x28>)
1000169e:	f8c2 c000 	str.w	ip, [r2]
100016a2:	60d0      	str	r0, [r2, #12]
100016a4:	6019      	str	r1, [r3, #0]
100016a6:	6853      	ldr	r3, [r2, #4]
100016a8:	2b00      	cmp	r3, #0
100016aa:	dafc      	bge.n	100016a6 <xosc_init+0x16>
100016ac:	4770      	bx	lr
100016ae:	bf00      	nop
100016b0:	40048000 	.word	0x40048000
100016b4:	4004a000 	.word	0x4004a000
100016b8:	00fab000 	.word	0x00fab000

100016bc <first_per_core_initializer>:
100016bc:	4770      	bx	lr
100016be:	bf00      	nop

100016c0 <hard_assertion_failure>:
100016c0:	b508      	push	{r3, lr}
100016c2:	4801      	ldr	r0, [pc, #4]	@ (100016c8 <hard_assertion_failure+0x8>)
100016c4:	f7fe ff8c 	bl	100005e0 <panic>
100016c8:	10006248 	.word	0x10006248

100016cc <runtime_run_initializers>:
100016cc:	b538      	push	{r3, r4, r5, lr}
100016ce:	4c05      	ldr	r4, [pc, #20]	@ (100016e4 <runtime_run_initializers+0x18>)
100016d0:	4d05      	ldr	r5, [pc, #20]	@ (100016e8 <runtime_run_initializers+0x1c>)
100016d2:	42ac      	cmp	r4, r5
100016d4:	d204      	bcs.n	100016e0 <runtime_run_initializers+0x14>
100016d6:	f854 3b04 	ldr.w	r3, [r4], #4
100016da:	4798      	blx	r3
100016dc:	42ac      	cmp	r4, r5
100016de:	d3fa      	bcc.n	100016d6 <runtime_run_initializers+0xa>
100016e0:	bd38      	pop	{r3, r4, r5, pc}
100016e2:	bf00      	nop
100016e4:	10006030 	.word	0x10006030
100016e8:	10006070 	.word	0x10006070

100016ec <runtime_init_early_resets>:
100016ec:	4806      	ldr	r0, [pc, #24]	@ (10001708 <runtime_init_early_resets+0x1c>)
100016ee:	f8df c028 	ldr.w	ip, [pc, #40]	@ 10001718 <runtime_init_early_resets+0x2c>
100016f2:	4b06      	ldr	r3, [pc, #24]	@ (1000170c <runtime_init_early_resets+0x20>)
100016f4:	4a06      	ldr	r2, [pc, #24]	@ (10001710 <runtime_init_early_resets+0x24>)
100016f6:	4907      	ldr	r1, [pc, #28]	@ (10001714 <runtime_init_early_resets+0x28>)
100016f8:	f8c0 c000 	str.w	ip, [r0]
100016fc:	601a      	str	r2, [r3, #0]
100016fe:	688b      	ldr	r3, [r1, #8]
10001700:	ea32 0303 	bics.w	r3, r2, r3
10001704:	d1fb      	bne.n	100016fe <runtime_init_early_resets+0x12>
10001706:	4770      	bx	lr
10001708:	40022000 	.word	0x40022000
1000170c:	40023000 	.word	0x40023000
10001710:	03f3fff6 	.word	0x03f3fff6
10001714:	40020000 	.word	0x40020000
10001718:	efef3b7f 	.word	0xefef3b7f

1000171c <runtime_init_usb_power_down>:
1000171c:	4b04      	ldr	r3, [pc, #16]	@ (10001730 <runtime_init_usb_power_down+0x14>)
1000171e:	6cdb      	ldr	r3, [r3, #76]	@ 0x4c
10001720:	f5b3 4f00 	cmp.w	r3, #32768	@ 0x8000
10001724:	d103      	bne.n	1000172e <runtime_init_usb_power_down+0x12>
10001726:	f44f 2280 	mov.w	r2, #262144	@ 0x40000
1000172a:	4b02      	ldr	r3, [pc, #8]	@ (10001734 <runtime_init_usb_power_down+0x18>)
1000172c:	64da      	str	r2, [r3, #76]	@ 0x4c
1000172e:	4770      	bx	lr
10001730:	50110000 	.word	0x50110000
10001734:	50112000 	.word	0x50112000

10001738 <runtime_init_per_core_enable_coprocessors>:
10001738:	f04f 22e0 	mov.w	r2, #3758153728	@ 0xe000e000
1000173c:	4b04      	ldr	r3, [pc, #16]	@ (10001750 <runtime_init_per_core_enable_coprocessors+0x18>)
1000173e:	f8d2 1d88 	ldr.w	r1, [r2, #3464]	@ 0xd88
10001742:	430b      	orrs	r3, r1
10001744:	f8c2 3d88 	str.w	r3, [r2, #3464]	@ 0xd88
10001748:	ee10 0430 			dcp_rcmp r0
1000174c:	4770      	bx	lr
1000174e:	bf00      	nop
10001750:	00300303 	.word	0x00300303

10001754 <runtime_init_post_clock_resets>:
10001754:	f06f 4160 	mvn.w	r1, #3758096384	@ 0xe0000000
10001758:	4b04      	ldr	r3, [pc, #16]	@ (1000176c <runtime_init_post_clock_resets+0x18>)
1000175a:	4a05      	ldr	r2, [pc, #20]	@ (10001770 <runtime_init_post_clock_resets+0x1c>)
1000175c:	6019      	str	r1, [r3, #0]
1000175e:	6893      	ldr	r3, [r2, #8]
10001760:	43db      	mvns	r3, r3
10001762:	f033 4360 	bics.w	r3, r3, #3758096384	@ 0xe0000000
10001766:	d1fa      	bne.n	1000175e <runtime_init_post_clock_resets+0xa>
10001768:	4770      	bx	lr
1000176a:	bf00      	nop
1000176c:	40023000 	.word	0x40023000
10001770:	40020000 	.word	0x40020000

10001774 <runtime_init_bootrom_reset>:
10001774:	b510      	push	{r4, lr}
10001776:	f245 2053 	movw	r0, #21075	@ 0x5253
1000177a:	f7ff ff4b 	bl	10001614 <rom_func_lookup>
1000177e:	e8bd 4010 	ldmia.w	sp!, {r4, lr}
10001782:	4603      	mov	r3, r0
10001784:	2004      	movs	r0, #4
10001786:	4718      	bx	r3

10001788 <runtime_init_per_core_bootrom_reset>:
10001788:	b510      	push	{r4, lr}
1000178a:	f245 2053 	movw	r0, #21075	@ 0x5253
1000178e:	f7ff ff41 	bl	10001614 <rom_func_lookup>
10001792:	e8bd 4010 	ldmia.w	sp!, {r4, lr}
10001796:	4603      	mov	r3, r0
10001798:	2001      	movs	r0, #1
1000179a:	4718      	bx	r3

1000179c <runtime_init_spin_locks_reset>:
1000179c:	f7fe bfcc 	b.w	10000738 <spin_locks_reset>

100017a0 <runtime_init_install_ram_vector_table>:
100017a0:	4913      	ldr	r1, [pc, #76]	@ (100017f0 <runtime_init_install_ram_vector_table+0x50>)
100017a2:	4b14      	ldr	r3, [pc, #80]	@ (100017f4 <runtime_init_install_ram_vector_table+0x54>)
100017a4:	b570      	push	{r4, r5, r6, lr}
100017a6:	1a5c      	subs	r4, r3, r1
100017a8:	08a5      	lsrs	r5, r4, #2
100017aa:	2d44      	cmp	r5, #68	@ 0x44
100017ac:	462a      	mov	r2, r5
100017ae:	bf28      	it	cs
100017b0:	2244      	movcs	r2, #68	@ 0x44
100017b2:	4e11      	ldr	r6, [pc, #68]	@ (100017f8 <runtime_init_install_ram_vector_table+0x58>)
100017b4:	0092      	lsls	r2, r2, #2
100017b6:	4630      	mov	r0, r6
100017b8:	f004 fb6a 	bl	10005e90 <memcpy>
100017bc:	2d43      	cmp	r5, #67	@ 0x43
100017be:	d813      	bhi.n	100017e8 <runtime_init_install_ram_vector_table+0x48>
100017c0:	4a0e      	ldr	r2, [pc, #56]	@ (100017fc <runtime_init_install_ram_vector_table+0x5c>)
100017c2:	d00f      	beq.n	100017e4 <runtime_init_install_ram_vector_table+0x44>
100017c4:	f1c5 0044 	rsb	r0, r5, #68	@ 0x44
100017c8:	1933      	adds	r3, r6, r4
100017ca:	0841      	lsrs	r1, r0, #1
100017cc:	eb03 01c1 	add.w	r1, r3, r1, lsl #3
100017d0:	e9c3 2200 	strd	r2, r2, [r3]
100017d4:	3308      	adds	r3, #8
100017d6:	428b      	cmp	r3, r1
100017d8:	d1fa      	bne.n	100017d0 <runtime_init_install_ram_vector_table+0x30>
100017da:	07c3      	lsls	r3, r0, #31
100017dc:	d504      	bpl.n	100017e8 <runtime_init_install_ram_vector_table+0x48>
100017de:	f020 0001 	bic.w	r0, r0, #1
100017e2:	4405      	add	r5, r0
100017e4:	f846 2025 	str.w	r2, [r6, r5, lsl #2]
100017e8:	4b05      	ldr	r3, [pc, #20]	@ (10001800 <runtime_init_install_ram_vector_table+0x60>)
100017ea:	609e      	str	r6, [r3, #8]
100017ec:	bd70      	pop	{r4, r5, r6, pc}
100017ee:	bf00      	nop
100017f0:	10000000 	.word	0x10000000
100017f4:	10000110 	.word	0x10000110
100017f8:	20000000 	.word	0x20000000
100017fc:	10000111 	.word	0x10000111
10001800:	e000ed00 	.word	0xe000ed00

10001804 <runtime_init_clocks>:
10001804:	2300      	movs	r3, #0
10001806:	b570      	push	{r4, r5, r6, lr}
10001808:	4c2b      	ldr	r4, [pc, #172]	@ (100018b8 <runtime_init_clocks+0xb4>)
1000180a:	b082      	sub	sp, #8
1000180c:	f8c4 3084 	str.w	r3, [r4, #132]	@ 0x84
10001810:	f7ff ff3e 	bl	10001690 <xosc_init>
10001814:	2201      	movs	r2, #1
10001816:	4b29      	ldr	r3, [pc, #164]	@ (100018bc <runtime_init_clocks+0xb8>)
10001818:	63da      	str	r2, [r3, #60]	@ 0x3c
1000181a:	6c63      	ldr	r3, [r4, #68]	@ 0x44
1000181c:	2b01      	cmp	r3, #1
1000181e:	d1fc      	bne.n	1000181a <runtime_init_clocks+0x16>
10001820:	2103      	movs	r1, #3
10001822:	4a26      	ldr	r2, [pc, #152]	@ (100018bc <runtime_init_clocks+0xb8>)
10001824:	4b24      	ldr	r3, [pc, #144]	@ (100018b8 <runtime_init_clocks+0xb4>)
10001826:	6311      	str	r1, [r2, #48]	@ 0x30
10001828:	6b9c      	ldr	r4, [r3, #56]	@ 0x38
1000182a:	2c01      	cmp	r4, #1
1000182c:	d1fc      	bne.n	10001828 <runtime_init_clocks+0x24>
1000182e:	2602      	movs	r6, #2
10001830:	2505      	movs	r5, #5
10001832:	4621      	mov	r1, r4
10001834:	2305      	movs	r3, #5
10001836:	4a22      	ldr	r2, [pc, #136]	@ (100018c0 <runtime_init_clocks+0xbc>)
10001838:	4822      	ldr	r0, [pc, #136]	@ (100018c4 <runtime_init_clocks+0xc0>)
1000183a:	9600      	str	r6, [sp, #0]
1000183c:	f7ff fe22 	bl	10001484 <pll_init>
10001840:	4621      	mov	r1, r4
10001842:	462b      	mov	r3, r5
10001844:	4a20      	ldr	r2, [pc, #128]	@ (100018c8 <runtime_init_clocks+0xc4>)
10001846:	4821      	ldr	r0, [pc, #132]	@ (100018cc <runtime_init_clocks+0xc8>)
10001848:	9500      	str	r5, [sp, #0]
1000184a:	f7ff fe1b 	bl	10001484 <pll_init>
1000184e:	2200      	movs	r2, #0
10001850:	2004      	movs	r0, #4
10001852:	4631      	mov	r1, r6
10001854:	4b1e      	ldr	r3, [pc, #120]	@ (100018d0 <runtime_init_clocks+0xcc>)
10001856:	f7ff fda1 	bl	1000139c <clock_configure_undivided>
1000185a:	4621      	mov	r1, r4
1000185c:	4628      	mov	r0, r5
1000185e:	2200      	movs	r2, #0
10001860:	4b1c      	ldr	r3, [pc, #112]	@ (100018d4 <runtime_init_clocks+0xd0>)
10001862:	f7ff fd9b 	bl	1000139c <clock_configure_undivided>
10001866:	2200      	movs	r2, #0
10001868:	2008      	movs	r0, #8
1000186a:	4611      	mov	r1, r2
1000186c:	4b1a      	ldr	r3, [pc, #104]	@ (100018d8 <runtime_init_clocks+0xd4>)
1000186e:	f7ff fd95 	bl	1000139c <clock_configure_undivided>
10001872:	2200      	movs	r2, #0
10001874:	2009      	movs	r0, #9
10001876:	4611      	mov	r1, r2
10001878:	4b17      	ldr	r3, [pc, #92]	@ (100018d8 <runtime_init_clocks+0xd4>)
1000187a:	f7ff fd8f 	bl	1000139c <clock_configure_undivided>
1000187e:	2200      	movs	r2, #0
10001880:	2006      	movs	r0, #6
10001882:	4611      	mov	r1, r2
10001884:	4b13      	ldr	r3, [pc, #76]	@ (100018d4 <runtime_init_clocks+0xd0>)
10001886:	f7ff fd89 	bl	1000139c <clock_configure_undivided>
1000188a:	2200      	movs	r2, #0
1000188c:	4b11      	ldr	r3, [pc, #68]	@ (100018d4 <runtime_init_clocks+0xd0>)
1000188e:	2007      	movs	r0, #7
10001890:	4611      	mov	r1, r2
10001892:	f7ff fd83 	bl	1000139c <clock_configure_undivided>
10001896:	2004      	movs	r0, #4
10001898:	f7ff fdee 	bl	10001478 <clock_get_hz>
1000189c:	2400      	movs	r4, #0
1000189e:	4b0f      	ldr	r3, [pc, #60]	@ (100018dc <runtime_init_clocks+0xd8>)
100018a0:	fba3 3500 	umull	r3, r5, r3, r0
100018a4:	0cad      	lsrs	r5, r5, #18
100018a6:	b2e0      	uxtb	r0, r4
100018a8:	4629      	mov	r1, r5
100018aa:	3401      	adds	r4, #1
100018ac:	f7ff fe88 	bl	100015c0 <tick_start>
100018b0:	2c06      	cmp	r4, #6
100018b2:	d1f8      	bne.n	100018a6 <runtime_init_clocks+0xa2>
100018b4:	b002      	add	sp, #8
100018b6:	bd70      	pop	{r4, r5, r6, pc}
100018b8:	40010000 	.word	0x40010000
100018bc:	40013000 	.word	0x40013000
100018c0:	59682f00 	.word	0x59682f00
100018c4:	40050000 	.word	0x40050000
100018c8:	47868c00 	.word	0x47868c00
100018cc:	40058000 	.word	0x40058000
100018d0:	00b71b00 	.word	0x00b71b00
100018d4:	08f0d180 	.word	0x08f0d180
100018d8:	02dc6c00 	.word	0x02dc6c00
100018dc:	431bde83 	.word	0x431bde83

100018e0 <generic_save_state>:
100018e0:	b086      	sub	sp, #24
100018e2:	b403      	push	{r0, r1}
100018e4:	fc51 0408 	dcp_pxmd r0, r1
100018e8:	e9cd 0102 	strd	r0, r1, [sp, #8]
100018ec:	fc51 0409 	dcp_pymd r0, r1
100018f0:	e9cd 0104 	strd	r0, r1, [sp, #16]
100018f4:	ec51 040a 	dcp_refd r0, r1
100018f8:	e9cd 0106 	strd	r0, r1, [sp, #24]
100018fc:	bc03      	pop	{r0, r1}
100018fe:	47f0      	blx	lr

10001900 <generic_restore_state>:
10001900:	e8bd 5000 	ldmia.w	sp!, {ip, lr}
10001904:	ec4e c400 	dcp_wxmd ip, lr
10001908:	e8bd 5000 	ldmia.w	sp!, {ip, lr}
1000190c:	ec4e c401 	dcp_wymd ip, lr
10001910:	e8bd 5000 	ldmia.w	sp!, {ip, lr}
10001914:	ec4e c402 	dcp_wefd ip, lr
10001918:	bd00      	pop	{pc}
1000191a:	0000      	movs	r0, r0
1000191c:	b500      	push	{lr}
1000191e:	f7ff ffdf 	bl	100018e0 <generic_save_state>
10001922:	e002      	b.n	1000192a <__wrap___aeabi_dadd+0x6>

10001924 <__wrap___aeabi_dadd>:
10001924:	fe10 f430 	dcp_pcmp APSR_nzcv
10001928:	d4f8      	bmi.n	1000191c <generic_restore_state+0x1c>
1000192a:	ec41 0410 	dcp_wxup r0, r1
1000192e:	ec43 2411 	dcp_wyup r2, r3
10001932:	ee00 0401 			dcp_add0
10001936:	ee10 0401 			dcp_add1
1000193a:	ee80 0420 			dcp_nrdd
1000193e:	ec51 0410 	dcp_rdda r0, r1
10001942:	4770      	bx	lr
10001944:	b500      	push	{lr}
10001946:	f7ff ffcb 	bl	100018e0 <generic_save_state>
1000194a:	e002      	b.n	10001952 <__wrap___aeabi_dsub+0x6>

1000194c <__wrap___aeabi_dsub>:
1000194c:	fe10 f430 	dcp_pcmp APSR_nzcv
10001950:	d4f8      	bmi.n	10001944 <__wrap___aeabi_dadd+0x20>
10001952:	ec41 0410 	dcp_wxup r0, r1
10001956:	ec43 2411 	dcp_wyup r2, r3
1000195a:	ee00 0401 			dcp_add0
1000195e:	ee10 0421 			dcp_sub1
10001962:	ee80 0420 			dcp_nrdd
10001966:	ec51 0430 	dcp_rdds r0, r1
1000196a:	4770      	bx	lr
1000196c:	b500      	push	{lr}
1000196e:	f7ff ffb7 	bl	100018e0 <generic_save_state>
10001972:	e002      	b.n	1000197a <__wrap___aeabi_dmul+0x6>

10001974 <__wrap___aeabi_dmul>:
10001974:	fe10 f430 	dcp_pcmp APSR_nzcv
10001978:	d4f8      	bmi.n	1000196c <__wrap___aeabi_dsub+0x20>
1000197a:	b510      	push	{r4, lr}
1000197c:	ec41 0410 	dcp_wxup r0, r1
10001980:	ec43 2411 	dcp_wyup r2, r3
10001984:	ec51 0404 	dcp_rxms r0, r1, #0x0
10001988:	ec53 2405 	dcp_ryms r2, r3, #0x0
1000198c:	fba0 4c02 	umull	r4, ip, r0, r2
10001990:	f05f 0e00 	movs.w	lr, #0
10001994:	fbe0 ce03 	umlal	ip, lr, r0, r3
10001998:	fbe1 ce02 	umlal	ip, lr, r1, r2
1000199c:	ec4c 4420 	dcp_wxms r4, ip
100019a0:	2400      	movs	r4, #0
100019a2:	fbe1 e403 	umlal	lr, r4, r1, r3
100019a6:	ec44 e430 	dcp_wxmo lr, r4
100019aa:	ee80 0420 			dcp_nrdd
100019ae:	ec51 0450 	dcp_rddm r0, r1
100019b2:	bd10      	pop	{r4, pc}
100019b4:	b500      	push	{lr}
100019b6:	f7ff ff93 	bl	100018e0 <generic_save_state>
100019ba:	e002      	b.n	100019c2 <__wrap___aeabi_ddiv+0x6>

100019bc <__wrap___aeabi_ddiv>:
100019bc:	fe10 f430 	dcp_pcmp APSR_nzcv
100019c0:	d4f8      	bmi.n	100019b4 <__wrap___aeabi_dmul+0x40>
100019c2:	ec41 0410 	dcp_wxup r0, r1
100019c6:	ec43 2411 	dcp_wyup r2, r3
100019ca:	ec51 0421 	dcp_rymr r0, r1
100019ce:	fba0 1201 	umull	r1, r2, r0, r1
100019d2:	ea6f 0282 	mvn.w	r2, r2, lsl #2
100019d6:	fb52 0010 	smmlar	r0, r2, r0, r0
100019da:	fb52 f212 	smmulr	r2, r2, r2
100019de:	fb52 0010 	smmlar	r0, r2, r0, r0
100019e2:	eba0 7cd0 	sub.w	ip, r0, r0, lsr #31
100019e6:	ec53 2404 	dcp_rxms r2, r3, #0x0
100019ea:	fb5c f113 	smmulr	r1, ip, r3
100019ee:	ec53 2415 	dcp_ryms r2, r3, #0x1
100019f2:	fba1 2002 	umull	r2, r0, r1, r2
100019f6:	fb01 0003 	mla	r0, r1, r3, r0
100019fa:	ec53 2444 	dcp_rxms r2, r3, #0x4
100019fe:	eba2 0000 	sub.w	r0, r2, r0
10001a02:	fb50 f21c 	smmulr	r2, r0, ip
10001a06:	ea4f 1311 	mov.w	r3, r1, lsr #4
10001a0a:	eb12 7001 	adds.w	r0, r2, r1, lsl #28
10001a0e:	eb43 71e2 	adc.w	r1, r3, r2, asr #31
10001a12:	ea40 5051 	orr.w	r0, r0, r1, lsr #21
10001a16:	ea20 5091 	bic.w	r0, r0, r1, lsr #22
10001a1a:	f020 0007 	bic.w	r0, r0, #7
10001a1e:	ec53 2475 	dcp_ryms r2, r3, #0x7
10001a22:	fba0 3c02 	umull	r3, ip, r0, r2
10001a26:	ec53 2475 	dcp_ryms r2, r3, #0x7
10001a2a:	fb00 cc03 	mla	ip, r0, r3, ip
10001a2e:	fb01 cc02 	mla	ip, r1, r2, ip
10001a32:	ec53 2404 	dcp_rxms r2, r3, #0x0
10001a36:	ebac 4c82 	sub.w	ip, ip, r2, lsl #18
10001a3a:	ea40 705c 	orr.w	r0, r0, ip, lsr #29
10001a3e:	f1a0 0001 	sub.w	r0, r0, #1
10001a42:	ec41 0440 	dcp_wxdd r0, r1
10001a46:	ee80 0420 			dcp_nrdd
10001a4a:	ec51 0470 	dcp_rddd r0, r1
10001a4e:	4770      	bx	lr
10001a50:	b500      	push	{lr}
10001a52:	f7ff ff45 	bl	100018e0 <generic_save_state>
10001a56:	e002      	b.n	10001a5e <__wrap___aeabi_d2f+0x6>

10001a58 <__wrap___aeabi_d2f>:
10001a58:	fe10 f430 	dcp_pcmp APSR_nzcv
10001a5c:	d4f8      	bmi.n	10001a50 <__wrap___aeabi_ddiv+0x94>
10001a5e:	ec41 0410 	dcp_wxup r0, r1
10001a62:	ee80 0422 			dcp_nrdf
10001a66:	ee10 04b2 			dcp_rdfg r0
10001a6a:	4770      	bx	lr
10001a6c:	b500      	push	{lr}
10001a6e:	f7ff ff37 	bl	100018e0 <generic_save_state>
10001a72:	e002      	b.n	10001a7a <__wrap___aeabi_i2d+0x6>

10001a74 <__wrap___aeabi_i2d>:
10001a74:	fe10 f430 	dcp_pcmp APSR_nzcv
10001a78:	d4f8      	bmi.n	10001a6c <__wrap___aeabi_d2f+0x14>
10001a7a:	ec40 0470 	dcp_wxic r0, r0
10001a7e:	ee00 0401 			dcp_add0
10001a82:	ee10 0421 			dcp_sub1
10001a86:	ee80 0420 			dcp_nrdd
10001a8a:	ec51 0430 	dcp_rdds r0, r1
10001a8e:	4770      	bx	lr
10001a90:	b500      	push	{lr}
10001a92:	f7ff ff25 	bl	100018e0 <generic_save_state>
10001a96:	e002      	b.n	10001a9e <__wrap___aeabi_ui2d+0x6>

10001a98 <__wrap___aeabi_ui2d>:
10001a98:	fe10 f430 	dcp_pcmp APSR_nzcv
10001a9c:	d4f8      	bmi.n	10001a90 <__wrap___aeabi_i2d+0x1c>
10001a9e:	ec40 0460 	dcp_wxuc r0, r0
10001aa2:	ee00 0401 			dcp_add0
10001aa6:	ee10 0421 			dcp_sub1
10001aaa:	ee80 0420 			dcp_nrdd
10001aae:	ec51 0430 	dcp_rdds r0, r1
10001ab2:	4770      	bx	lr
10001ab4:	b500      	push	{lr}
10001ab6:	f7ff ff13 	bl	100018e0 <generic_save_state>
10001aba:	e002      	b.n	10001ac2 <double2int_z_entry>

10001abc <__wrap___aeabi_d2iz>:
10001abc:	fe10 f430 	dcp_pcmp APSR_nzcv
10001ac0:	d4f8      	bmi.n	10001ab4 <__wrap___aeabi_ui2d+0x1c>

10001ac2 <double2int_z_entry>:
10001ac2:	ec41 0480 	dcp_wxdc r0, r1
10001ac6:	ee00 0401 			dcp_add0
10001aca:	ee10 0401 			dcp_add1
10001ace:	ee80 0440 			dcp_ntdc
10001ad2:	ee10 0413 			dcp_rdic r0
10001ad6:	4770      	bx	lr
10001ad8:	b500      	push	{lr}
10001ada:	f7ff ff01 	bl	100018e0 <generic_save_state>
10001ade:	e002      	b.n	10001ae6 <double2uint_z_entry>

10001ae0 <__wrap___aeabi_d2uiz>:
10001ae0:	fe10 f430 	dcp_pcmp APSR_nzcv
10001ae4:	d4f8      	bmi.n	10001ad8 <double2int_z_entry+0x16>

10001ae6 <double2uint_z_entry>:
10001ae6:	ec41 0480 	dcp_wxdc r0, r1
10001aea:	ee00 0401 			dcp_add0
10001aee:	ee10 0401 			dcp_add1
10001af2:	ee80 0440 			dcp_ntdc
10001af6:	ee10 0433 			dcp_rduc r0
10001afa:	4770      	bx	lr
10001afc:	b500      	push	{lr}
10001afe:	f7ff feef 	bl	100018e0 <generic_save_state>
10001b02:	e002      	b.n	10001b0a <__wrap___aeabi_dcmpun+0x6>

10001b04 <__wrap___aeabi_dcmpun>:
10001b04:	fe10 f430 	dcp_pcmp APSR_nzcv
10001b08:	d4f8      	bmi.n	10001afc <double2uint_z_entry+0x16>
10001b0a:	ec41 0410 	dcp_wxup r0, r1
10001b0e:	ec43 2411 	dcp_wyup r2, r3
10001b12:	ee00 0401 			dcp_add0
10001b16:	ee10 0430 			dcp_rcmp r0
10001b1a:	f3c0 7000 	ubfx	r0, r0, #28, #1
10001b1e:	4770      	bx	lr
10001b20:	b500      	push	{lr}
10001b22:	f7ff fedd 	bl	100018e0 <generic_save_state>
10001b26:	e002      	b.n	10001b2e <__wrap___aeabi_dcmplt+0x6>

10001b28 <__wrap___aeabi_dcmplt>:
10001b28:	fe10 f430 	dcp_pcmp APSR_nzcv
10001b2c:	d4f8      	bmi.n	10001b20 <__wrap___aeabi_dcmpun+0x1c>
10001b2e:	ec43 2410 	dcp_wxup r2, r3
10001b32:	ec41 0411 	dcp_wyup r0, r1
10001b36:	ee00 0401 			dcp_add0
10001b3a:	ee10 f430 			dcp_rcmp APSR_nzcv
10001b3e:	bf8c      	ite	hi
10001b40:	2001      	movhi	r0, #1
10001b42:	2000      	movls	r0, #0
10001b44:	4770      	bx	lr
10001b46:	bf00      	nop
10001b48:	b500      	push	{lr}
10001b4a:	f7ff fec9 	bl	100018e0 <generic_save_state>
10001b4e:	e002      	b.n	10001b56 <__wrap___aeabi_dcmple+0x6>

10001b50 <__wrap___aeabi_dcmple>:
10001b50:	fe10 f430 	dcp_pcmp APSR_nzcv
10001b54:	d4f8      	bmi.n	10001b48 <__wrap___aeabi_dcmplt+0x20>
10001b56:	ec43 2410 	dcp_wxup r2, r3
10001b5a:	ec41 0411 	dcp_wyup r0, r1
10001b5e:	ee00 0401 			dcp_add0
10001b62:	ee10 f430 			dcp_rcmp APSR_nzcv
10001b66:	bf2c      	ite	cs
10001b68:	2001      	movcs	r0, #1
10001b6a:	2000      	movcc	r0, #0
10001b6c:	4770      	bx	lr
10001b6e:	bf00      	nop
10001b70:	b500      	push	{lr}
10001b72:	f7ff feb5 	bl	100018e0 <generic_save_state>
10001b76:	e002      	b.n	10001b7e <__wrap___aeabi_dcmpge+0x6>

10001b78 <__wrap___aeabi_dcmpge>:
10001b78:	fe10 f430 	dcp_pcmp APSR_nzcv
10001b7c:	d4f8      	bmi.n	10001b70 <__wrap___aeabi_dcmple+0x20>
10001b7e:	ec41 0410 	dcp_wxup r0, r1
10001b82:	ec43 2411 	dcp_wyup r2, r3
10001b86:	ee00 0401 			dcp_add0
10001b8a:	ee10 f430 			dcp_rcmp APSR_nzcv
10001b8e:	bf2c      	ite	cs
10001b90:	2001      	movcs	r0, #1
10001b92:	2000      	movcc	r0, #0
10001b94:	4770      	bx	lr
10001b96:	bf00      	nop
10001b98:	b500      	push	{lr}
10001b9a:	f7ff fea1 	bl	100018e0 <generic_save_state>
10001b9e:	e002      	b.n	10001ba6 <__wrap___aeabi_dcmpgt+0x6>

10001ba0 <__wrap___aeabi_dcmpgt>:
10001ba0:	fe10 f430 	dcp_pcmp APSR_nzcv
10001ba4:	d4f8      	bmi.n	10001b98 <__wrap___aeabi_dcmpge+0x20>
10001ba6:	ec41 0410 	dcp_wxup r0, r1
10001baa:	ec43 2411 	dcp_wyup r2, r3
10001bae:	ee00 0401 			dcp_add0
10001bb2:	ee10 f430 			dcp_rcmp APSR_nzcv
10001bb6:	bf8c      	ite	hi
10001bb8:	2001      	movhi	r0, #1
10001bba:	2000      	movls	r0, #0
10001bbc:	4770      	bx	lr
10001bbe:	bf00      	nop
10001bc0:	00000000 	.word	0x00000000

10001bc4 <rtwopi>:
	...
10001bcc:	28be60db 	.word	0x28be60db
10001bd0:	9391054a 	.word	0x9391054a
10001bd4:	7f09d5f4 	.word	0x7f09d5f4
10001bd8:	7d4d3770 	.word	0x7d4d3770
10001bdc:	36d8a566 	.word	0x36d8a566
10001be0:	4f10e410 	.word	0x4f10e410

10001be4 <frr_core>:
10001be4:	f2af 0224 	subw	r2, pc, #36	@ 0x24
10001be8:	114b      	asrs	r3, r1, #5
10001bea:	eb02 0283 	add.w	r2, r2, r3, lsl #2
10001bee:	f001 031f 	and.w	r3, r1, #31
10001bf2:	f04f 0401 	mov.w	r4, #1
10001bf6:	409c      	lsls	r4, r3
10001bf8:	fba4 3400 	umull	r3, r4, r4, r0
10001bfc:	68d5      	ldr	r5, [r2, #12]
10001bfe:	fba5 5604 	umull	r5, r6, r5, r4
10001c02:	6895      	ldr	r5, [r2, #8]
10001c04:	fb05 6604 	mla	r6, r5, r4, r6
10001c08:	fbe5 5603 	umlal	r5, r6, r5, r3
10001c0c:	6855      	ldr	r5, [r2, #4]
10001c0e:	fb05 6603 	mla	r6, r5, r3, r6
10001c12:	4770      	bx	lr
10001c14:	0000      	movs	r0, r0
10001c16:	0000      	movs	r0, r0
10001c18:	0241      	lsls	r1, r0, #9
10001c1a:	d101      	bne.n	10001c20 <frr_core+0x3c>
10001c1c:	f050 4000 	orrs.w	r0, r0, #2147483648	@ 0x80000000
10001c20:	f450 0080 	orrs.w	r0, r0, #4194304	@ 0x400000
10001c24:	4770      	bx	lr
10001c26:	b5f0      	push	{r4, r5, r6, r7, lr}
10001c28:	2301      	movs	r3, #1
10001c2a:	f363 50df 	bfi	r0, r3, #23, #9
10001c2e:	f1c1 0109 	rsb	r1, r1, #9
10001c32:	f04f 077e 	mov.w	r7, #126	@ 0x7e
10001c36:	f7ff ffd5 	bl	10001be4 <frr_core>
10001c3a:	0fb3      	lsrs	r3, r6, #30
10001c3c:	f153 0300 	adcs.w	r3, r3, #0
10001c40:	449c      	add	ip, r3
10001c42:	ebb6 7683 	subs.w	r6, r6, r3, lsl #30
10001c46:	00b2      	lsls	r2, r6, #2
10001c48:	bf28      	it	cs
10001c4a:	4252      	negcs	r2, r2
10001c4c:	f1b2 5f80 	cmp.w	r2, #268435456	@ 0x10000000
10001c50:	d20b      	bcs.n	10001c6a <frr_core+0x86>
10001c52:	3102      	adds	r1, #2
10001c54:	f7ff ffc6 	bl	10001be4 <frr_core>
10001c58:	ea96 0226 	eors.w	r2, r6, r6, asr #32
10001c5c:	f142 0200 	adc.w	r2, r2, #0
10001c60:	f1b2 5f80 	cmp.w	r2, #268435456	@ 0x10000000
10001c64:	d201      	bcs.n	10001c6a <frr_core+0x86>
10001c66:	3f02      	subs	r7, #2
10001c68:	d5f3      	bpl.n	10001c52 <frr_core+0x6e>
10001c6a:	4c0a      	ldr	r4, [pc, #40]	@ (10001c94 <frr_core+0xb0>)
10001c6c:	fba2 2404 	umull	r2, r4, r2, r4
10001c70:	fab4 f284 	clz	r2, r4
10001c74:	4094      	lsls	r4, r2
10001c76:	0a24      	lsrs	r4, r4, #8
10001c78:	eba7 0202 	sub.w	r2, r7, r2
10001c7c:	eb44 50c2 	adc.w	r0, r4, r2, lsl #23
10001c80:	0dc1      	lsrs	r1, r0, #23
10001c82:	f1d1 017f 	rsbs	r1, r1, #127	@ 0x7f
10001c86:	0ff6      	lsrs	r6, r6, #31
10001c88:	eb00 73c6 	add.w	r3, r0, r6, lsl #31
10001c8c:	e8bd 40f0 	ldmia.w	sp!, {r4, r5, r6, r7, lr}
10001c90:	e073      	b.n	10001d7a <__wrap_cosf+0x14>
10001c92:	0000      	.short	0x0000
10001c94:	c90fdaa2 	.word	0xc90fdaa2
10001c98:	f111 0f80 	cmn.w	r1, #128	@ 0x80
10001c9c:	d0bc      	beq.n	10001c18 <frr_core+0x34>
10001c9e:	ea30 72cc 	bics.w	r2, r0, ip, lsl #31
10001ca2:	bf48      	it	mi
10001ca4:	f10c 0c02 	addmi.w	ip, ip, #2
10001ca8:	f020 4000 	bic.w	r0, r0, #2147483648	@ 0x80000000
10001cac:	ee00 0a10 	vmov	s0, r0
10001cb0:	a20d      	add	r2, pc, #52	@ (adr r2, 10001ce8 <k_sc4>)
10001cb2:	ecf2 2a03 	vldmia	r2!, {s5-s7}
10001cb6:	ee22 2a80 	vmul.f32	s4, s5, s0
10001cba:	f111 0f08 	cmn.w	r1, #8
10001cbe:	feb9 2a42 	vrintn.f32	s4, s4
10001cc2:	ddb0      	ble.n	10001c26 <frr_core+0x42>
10001cc4:	eea2 0a63 	vfms.f32	s0, s4, s7
10001cc8:	eea2 0a43 	vfms.f32	s0, s4, s6
10001ccc:	ee10 3a10 	vmov	r3, s0
10001cd0:	eefd 1ac2 	vcvt.s32.f32	s3, s4
10001cd4:	f3c3 52c7 	ubfx	r2, r3, #23, #8
10001cd8:	2a78      	cmp	r2, #120	@ 0x78
10001cda:	d3a4      	bcc.n	10001c26 <frr_core+0x42>
10001cdc:	f1d2 017f 	rsbs	r1, r2, #127	@ 0x7f
10001ce0:	ee11 2a90 	vmov	r2, s3
10001ce4:	4494      	add	ip, r2
10001ce6:	e048      	b.n	10001d7a <__wrap_cosf+0x14>

10001ce8 <k_sc4>:
10001ce8:	3f22f983 	.word	0x3f22f983
10001cec:	b695777a 	.word	0xb695777a
10001cf0:	3fc91000 	.word	0x3fc91000

10001cf4 <__wrap_sincosf>:
10001cf4:	b507      	push	{r0, r1, r2, lr}
10001cf6:	f3c0 51c7 	ubfx	r1, r0, #23, #8
10001cfa:	29ff      	cmp	r1, #255	@ 0xff
10001cfc:	d025      	beq.n	10001d4a <__wrap_sincosf+0x56>
10001cfe:	f000 f832 	bl	10001d66 <__wrap_cosf>
10001d02:	e8bd 4006 	ldmia.w	sp!, {r1, r2, lr}
10001d06:	f8ce 0000 	str.w	r0, [lr]
10001d0a:	d20e      	bcs.n	10001d2a <__wrap_sincosf+0x36>
10001d0c:	43c9      	mvns	r1, r1
10001d0e:	ea8c 7cd1 	eor.w	ip, ip, r1, lsr #31
10001d12:	ee63 2aa0 	vmul.f32	s5, s7, s1
10001d16:	eee1 2a03 	vfma.f32	s5, s2, s6
10001d1a:	ee73 2a62 	vsub.f32	s5, s6, s5
10001d1e:	ee12 0a90 	vmov	r0, s5
10001d22:	ea80 70cc 	eor.w	r0, r0, ip, lsl #31
10001d26:	6010      	str	r0, [r2, #0]
10001d28:	bd00      	pop	{pc}
10001d2a:	ea8c 7cd1 	eor.w	ip, ip, r1, lsr #31
10001d2e:	ee21 2a23 	vmul.f32	s4, s2, s7
10001d32:	eea3 2a60 	vfms.f32	s4, s6, s1
10001d36:	ea8c 71d3 	eor.w	r1, ip, r3, lsr #31
10001d3a:	ee33 2ac2 	vsub.f32	s4, s7, s4
10001d3e:	ee12 0a10 	vmov	r0, s4
10001d42:	ea80 70c1 	eor.w	r0, r0, r1, lsl #31
10001d46:	6010      	str	r0, [r2, #0]
10001d48:	bd00      	pop	{pc}
10001d4a:	0241      	lsls	r1, r0, #9
10001d4c:	e8bd 400e 	ldmia.w	sp!, {r1, r2, r3, lr}
10001d50:	d101      	bne.n	10001d56 <__wrap_sincosf+0x62>
10001d52:	f050 4000 	orrs.w	r0, r0, #2147483648	@ 0x80000000
10001d56:	f450 0080 	orrs.w	r0, r0, #4194304	@ 0x400000
10001d5a:	6010      	str	r0, [r2, #0]
10001d5c:	6018      	str	r0, [r3, #0]
10001d5e:	4770      	bx	lr

10001d60 <__wrap_sinf>:
10001d60:	f05f 0c00 	movs.w	ip, #0
10001d64:	e001      	b.n	10001d6a <__wrap_cosf+0x4>

10001d66 <__wrap_cosf>:
10001d66:	f05f 0c01 	movs.w	ip, #1
10001d6a:	f3c0 51c7 	ubfx	r1, r0, #23, #8
10001d6e:	b3a1      	cbz	r1, 10001dda <fsc_sintail+0x1a>
10001d70:	f1d1 017f 	rsbs	r1, r1, #127	@ 0x7f
10001d74:	d990      	bls.n	10001c98 <frr_core+0xb4>
10001d76:	ea20 73cc 	bic.w	r3, r0, ip, lsl #31
10001d7a:	f023 4000 	bic.w	r0, r3, #2147483648	@ 0x80000000
10001d7e:	ee00 0a10 	vmov	s0, r0
10001d82:	f3c0 4084 	ubfx	r0, r0, #18, #5
10001d86:	3020      	adds	r0, #32
10001d88:	fa30 f101 	lsrs.w	r1, r0, r1
10001d8c:	4a83      	ldr	r2, [pc, #524]	@ (10001f9c <trigtab2+0x18c>)
10001d8e:	f151 0100 	adcs.w	r1, r1, #0
10001d92:	ecb2 4a02 	vldmia	r2!, {s8-s9}
10001d96:	eb02 0281 	add.w	r2, r2, r1, lsl #2
10001d9a:	eb02 02c1 	add.w	r2, r2, r1, lsl #3
10001d9e:	ecd2 2a03 	vldmia	r2, {s5-s7}
10001da2:	ee70 0a62 	vsub.f32	s1, s0, s5
10001da6:	ee20 1aa0 	vmul.f32	s2, s1, s1
10001daa:	ea5f 0c5c 	movs.w	ip, ip, lsr #1
10001dae:	ee61 1a20 	vmul.f32	s3, s2, s1
10001db2:	d215      	bcs.n	10001de0 <fsc_sintail+0x20>
10001db4:	ee21 1a04 	vmul.f32	s2, s2, s8
10001db8:	ee61 1aa4 	vmul.f32	s3, s3, s9
10001dbc:	ee70 0ae1 	vsub.f32	s1, s1, s3

10001dc0 <fsc_sintail>:
10001dc0:	ee21 2a23 	vmul.f32	s4, s2, s7
10001dc4:	eea3 2a60 	vfms.f32	s4, s6, s1
10001dc8:	ea8c 71d3 	eor.w	r1, ip, r3, lsr #31
10001dcc:	ee33 2ac2 	vsub.f32	s4, s7, s4
10001dd0:	ee12 0a10 	vmov	r0, s4
10001dd4:	ea80 70c1 	eor.w	r0, r0, r1, lsl #31
10001dd8:	4770      	bx	lr
10001dda:	f000 4000 	and.w	r0, r0, #2147483648	@ 0x80000000
10001dde:	e7c7      	b.n	10001d70 <__wrap_cosf+0xa>
10001de0:	ee61 1aa4 	vmul.f32	s3, s3, s9
10001de4:	ee70 0ae1 	vsub.f32	s1, s1, s3
10001de8:	ee21 1a04 	vmul.f32	s2, s2, s8

10001dec <fsc_costail>:
10001dec:	ee63 2aa0 	vmul.f32	s5, s7, s1
10001df0:	eee1 2a03 	vfma.f32	s5, s2, s6
10001df4:	ee73 2a62 	vsub.f32	s5, s6, s5
10001df8:	ee12 0a90 	vmov	r0, s5
10001dfc:	ea80 70cc 	eor.w	r0, r0, ip, lsl #31
10001e00:	4770      	bx	lr
10001e02:	bf00      	nop
10001e04:	f3af 8000 	nop.w

10001e08 <k_sc3>:
10001e08:	3efffec1 	.word	0x3efffec1
10001e0c:	3e2aaa25 	.word	0x3e2aaa25

10001e10 <trigtab2>:
10001e10:	00000000 	.word	0x00000000
10001e14:	3f800000 	.word	0x3f800000
10001e18:	00000000 	.word	0x00000000
10001e1c:	3cfcc961 	.word	0x3cfcc961
10001e20:	3f7fe0cd 	.word	0x3f7fe0cd
10001e24:	3cfcbf1c 	.word	0x3cfcbf1c
10001e28:	3d810576 	.word	0x3d810576
10001e2c:	3f7f7dfe 	.word	0x3f7f7dfe
10001e30:	3d80ef9e 	.word	0x3d80ef9e
10001e34:	3dbf0c09 	.word	0x3dbf0c09
10001e38:	3f7ee30f 	.word	0x3f7ee30f
10001e3c:	3dbec522 	.word	0x3dbec522
10001e40:	3dff24b6 	.word	0x3dff24b6
10001e44:	3f7e0414 	.word	0x3f7e0414
10001e48:	3dfe7be2 	.word	0x3dfe7be2
10001e4c:	3e1f0713 	.word	0x3e1f0713
10001e50:	3f7ceb48 	.word	0x3f7ceb48
10001e54:	3e1e63a0 	.word	0x3e1e63a0
10001e58:	3e40306d 	.word	0x3e40306d
10001e5c:	3f7b811d 	.word	0x3f7b811d
10001e60:	3e3f1015 	.word	0x3e3f1015
10001e64:	3e60ada2 	.word	0x3e60ada2
10001e68:	3f79dccf 	.word	0x3f79dccf
10001e6c:	3e5ee13e 	.word	0x3e5ee13e
10001e70:	3e800d7b 	.word	0x3e800d7b
10001e74:	3f7808fa 	.word	0x3f7808fa
10001e78:	3e7d7196 	.word	0x3e7d7196
10001e7c:	3e8f986e 	.word	0x3e8f986e
10001e80:	3f75ff65 	.word	0x3f75ff65
10001e84:	3e8db868 	.word	0x3e8db868
10001e88:	3e9fe1f4 	.word	0x3e9fe1f4
10001e8c:	3f739e93 	.word	0x3f739e93
10001e90:	3e9d4bfd 	.word	0x3e9d4bfd
10001e94:	3eb054c6 	.word	0x3eb054c6
10001e98:	3f70f7ae 	.word	0x3f70f7ae
10001e9c:	3eacddb3 	.word	0x3eacddb3
10001ea0:	3ebf89c5 	.word	0x3ebf89c5
10001ea4:	3f6e4b60 	.word	0x3f6e4b60
10001ea8:	3ebb1a0a 	.word	0x3ebb1a0a
10001eac:	3ecfc426 	.word	0x3ecfc426
10001eb0:	3f6b35ca 	.word	0x3f6b35ca
10001eb4:	3eca1c63 	.word	0x3eca1c63
10001eb8:	3ee054f2 	.word	0x3ee054f2
10001ebc:	3f67d166 	.word	0x3f67d166
10001ec0:	3ed93907 	.word	0x3ed93907
10001ec4:	3eeff0dd 	.word	0x3eeff0dd
10001ec8:	3f64664b 	.word	0x3f64664b
10001ecc:	3ee74116 	.word	0x3ee74116
10001ed0:	3f002b31 	.word	0x3f002b31
10001ed4:	3f609488 	.word	0x3f609488
10001ed8:	3ef5c30f 	.word	0x3ef5c30f
10001edc:	3f07e407 	.word	0x3f07e407
10001ee0:	3f5cc5a2 	.word	0x3f5cc5a2
10001ee4:	3f01992b 	.word	0x3f01992b
10001ee8:	3f101fc5 	.word	0x3f101fc5
10001eec:	3f587d8f 	.word	0x3f587d8f
10001ef0:	3f08a165 	.word	0x3f08a165
10001ef4:	3f17f68a 	.word	0x3f17f68a
10001ef8:	3f5434b5 	.word	0x3f5434b5
10001efc:	3f0f31ca 	.word	0x3f0f31ca
10001f00:	3f1fffe2 	.word	0x3f1fffe2
10001f04:	3f4f9b59 	.word	0x3f4f9b59
10001f08:	3f15c8d7 	.word	0x3f15c8d7
10001f0c:	3f280646 	.word	0x3f280646
10001f10:	3f4acf6b 	.word	0x3f4acf6b
10001f14:	3f1c37c4 	.word	0x3f1c37c4
10001f18:	3f303041 	.word	0x3f303041
10001f1c:	3f45b9e0 	.word	0x3f45b9e0
10001f20:	3f229ae4 	.word	0x3f229ae4
10001f24:	3f381da7 	.word	0x3f381da7
10001f28:	3f4098ca 	.word	0x3f4098ca
10001f2c:	3f28a620 	.word	0x3f28a620
10001f30:	3f3fc72f 	.word	0x3f3fc72f
10001f34:	3f3b76ac 	.word	0x3f3b76ac
10001f38:	3f2e564a 	.word	0x3f2e564a
10001f3c:	3f4813db 	.word	0x3f4813db
10001f40:	3f35b6cc 	.word	0x3f35b6cc
10001f44:	3f34526b 	.word	0x3f34526b
10001f48:	3f4fc779 	.word	0x3f4fc779
10001f4c:	3f30352f 	.word	0x3f30352f
10001f50:	3f39b4d0 	.word	0x3f39b4d0
10001f54:	3f57dd52 	.word	0x3f57dd52
10001f58:	3f2a4170 	.word	0x3f2a4170
10001f5c:	3f3f2d91 	.word	0x3f3f2d91
10001f60:	3f5fce26 	.word	0x3f5fce26
10001f64:	3f243e9f 	.word	0x3f243e9f
10001f68:	3f445dc3 	.word	0x3f445dc3
10001f6c:	3f6825f1 	.word	0x3f6825f1
10001f70:	3f1dc250 	.word	0x3f1dc250
10001f74:	3f499d1c 	.word	0x3f499d1c
10001f78:	3f703be1 	.word	0x3f703be1
10001f7c:	3f175041 	.word	0x3f175041
10001f80:	3f4e7ebf 	.word	0x3f4e7ebf
10001f84:	3f781078 	.word	0x3f781078
10001f88:	3f10ed71 	.word	0x3f10ed71
10001f8c:	3f5306af 	.word	0x3f5306af
10001f90:	3f7ff4d4 	.word	0x3f7ff4d4
10001f94:	3f0a5aa7 	.word	0x3f0a5aa7
10001f98:	3f57649b 	.word	0x3f57649b
10001f9c:	10001e08 	.word	0x10001e08

10001fa0 <_out_null>:
10001fa0:	4770      	bx	lr
10001fa2:	bf00      	nop

10001fa4 <_out_rev>:
10001fa4:	e92d 4ff0 	stmdb	sp!, {r4, r5, r6, r7, r8, r9, sl, fp, lr}
10001fa8:	b083      	sub	sp, #12
10001faa:	460f      	mov	r7, r1
10001fac:	4611      	mov	r1, r2
10001fae:	e9dd b20e 	ldrd	fp, r2, [sp, #56]	@ 0x38
10001fb2:	0792      	lsls	r2, r2, #30
10001fb4:	4698      	mov	r8, r3
10001fb6:	e9dd 930c 	ldrd	r9, r3, [sp, #48]	@ 0x30
10001fba:	4606      	mov	r6, r0
10001fbc:	d029      	beq.n	10002012 <_out_rev+0x6e>
10001fbe:	460d      	mov	r5, r1
10001fc0:	b19b      	cbz	r3, 10001fea <_out_rev+0x46>
10001fc2:	eb09 0403 	add.w	r4, r9, r3
10001fc6:	eb05 0a04 	add.w	sl, r5, r4
10001fca:	9501      	str	r5, [sp, #4]
10001fcc:	460d      	mov	r5, r1
10001fce:	930d      	str	r3, [sp, #52]	@ 0x34
10001fd0:	ebaa 0204 	sub.w	r2, sl, r4
10001fd4:	f814 0d01 	ldrb.w	r0, [r4, #-1]!
10001fd8:	4643      	mov	r3, r8
10001fda:	4639      	mov	r1, r7
10001fdc:	47b0      	blx	r6
10001fde:	45a1      	cmp	r9, r4
10001fe0:	d1f6      	bne.n	10001fd0 <_out_rev+0x2c>
10001fe2:	4629      	mov	r1, r5
10001fe4:	9b0d      	ldr	r3, [sp, #52]	@ 0x34
10001fe6:	9d01      	ldr	r5, [sp, #4]
10001fe8:	441d      	add	r5, r3
10001fea:	9b0f      	ldr	r3, [sp, #60]	@ 0x3c
10001fec:	079b      	lsls	r3, r3, #30
10001fee:	d50c      	bpl.n	1000200a <_out_rev+0x66>
10001ff0:	1a6c      	subs	r4, r5, r1
10001ff2:	45a3      	cmp	fp, r4
10001ff4:	d909      	bls.n	1000200a <_out_rev+0x66>
10001ff6:	462a      	mov	r2, r5
10001ff8:	4643      	mov	r3, r8
10001ffa:	4639      	mov	r1, r7
10001ffc:	2020      	movs	r0, #32
10001ffe:	3401      	adds	r4, #1
10002000:	47b0      	blx	r6
10002002:	455c      	cmp	r4, fp
10002004:	f105 0501 	add.w	r5, r5, #1
10002008:	d3f5      	bcc.n	10001ff6 <_out_rev+0x52>
1000200a:	4628      	mov	r0, r5
1000200c:	b003      	add	sp, #12
1000200e:	e8bd 8ff0 	ldmia.w	sp!, {r4, r5, r6, r7, r8, r9, sl, fp, pc}
10002012:	455b      	cmp	r3, fp
10002014:	d215      	bcs.n	10002042 <_out_rev+0x9e>
10002016:	468a      	mov	sl, r1
10002018:	461c      	mov	r4, r3
1000201a:	4689      	mov	r9, r1
1000201c:	ebab 0503 	sub.w	r5, fp, r3
10002020:	440d      	add	r5, r1
10002022:	4652      	mov	r2, sl
10002024:	4643      	mov	r3, r8
10002026:	4639      	mov	r1, r7
10002028:	2020      	movs	r0, #32
1000202a:	f10a 0a01 	add.w	sl, sl, #1
1000202e:	47b0      	blx	r6
10002030:	45aa      	cmp	sl, r5
10002032:	d1f6      	bne.n	10002022 <_out_rev+0x7e>
10002034:	4649      	mov	r1, r9
10002036:	4623      	mov	r3, r4
10002038:	f8dd 9030 	ldr.w	r9, [sp, #48]	@ 0x30
1000203c:	2c00      	cmp	r4, #0
1000203e:	d1c0      	bne.n	10001fc2 <_out_rev+0x1e>
10002040:	e7e3      	b.n	1000200a <_out_rev+0x66>
10002042:	460d      	mov	r5, r1
10002044:	2b00      	cmp	r3, #0
10002046:	d1bc      	bne.n	10001fc2 <_out_rev+0x1e>
10002048:	e7df      	b.n	1000200a <_out_rev+0x66>
1000204a:	bf00      	nop

1000204c <_ntoa_format>:
1000204c:	e92d 4ff0 	stmdb	sp!, {r4, r5, r6, r7, r8, r9, sl, fp, lr}
10002050:	460f      	mov	r7, r1
10002052:	990f      	ldr	r1, [sp, #60]	@ 0x3c
10002054:	4606      	mov	r6, r0
10002056:	f89d 002c 	ldrb.w	r0, [sp, #44]	@ 0x2c
1000205a:	078d      	lsls	r5, r1, #30
1000205c:	4690      	mov	r8, r2
1000205e:	e9dd a20c 	ldrd	sl, r2, [sp, #48]	@ 0x30
10002062:	4699      	mov	r9, r3
10002064:	4683      	mov	fp, r0
10002066:	9c09      	ldr	r4, [sp, #36]	@ 0x24
10002068:	f8dd c028 	ldr.w	ip, [sp, #40]	@ 0x28
1000206c:	9b0e      	ldr	r3, [sp, #56]	@ 0x38
1000206e:	d449      	bmi.n	10002104 <_ntoa_format+0xb8>
10002070:	2b00      	cmp	r3, #0
10002072:	d142      	bne.n	100020fa <_ntoa_format+0xae>
10002074:	4594      	cmp	ip, r2
10002076:	d245      	bcs.n	10002104 <_ntoa_format+0xb8>
10002078:	f001 0501 	and.w	r5, r1, #1
1000207c:	f104 3eff 	add.w	lr, r4, #4294967295	@ 0xffffffff
10002080:	2030      	movs	r0, #48	@ 0x30
10002082:	44e6      	add	lr, ip
10002084:	e005      	b.n	10002092 <_ntoa_format+0x46>
10002086:	f10c 0c01 	add.w	ip, ip, #1
1000208a:	4562      	cmp	r2, ip
1000208c:	f80e 0f01 	strb.w	r0, [lr, #1]!
10002090:	d902      	bls.n	10002098 <_ntoa_format+0x4c>
10002092:	f1bc 0f20 	cmp.w	ip, #32
10002096:	d1f6      	bne.n	10002086 <_ntoa_format+0x3a>
10002098:	2d00      	cmp	r5, #0
1000209a:	f000 8087 	beq.w	100021ac <_ntoa_format+0x160>
1000209e:	4563      	cmp	r3, ip
100020a0:	d930      	bls.n	10002104 <_ntoa_format+0xb8>
100020a2:	1e60      	subs	r0, r4, #1
100020a4:	f04f 0e30 	mov.w	lr, #48	@ 0x30
100020a8:	4460      	add	r0, ip
100020aa:	e005      	b.n	100020b8 <_ntoa_format+0x6c>
100020ac:	f10c 0c01 	add.w	ip, ip, #1
100020b0:	459c      	cmp	ip, r3
100020b2:	f800 ef01 	strb.w	lr, [r0, #1]!
100020b6:	d025      	beq.n	10002104 <_ntoa_format+0xb8>
100020b8:	f1bc 0f20 	cmp.w	ip, #32
100020bc:	d1f6      	bne.n	100020ac <_ntoa_format+0x60>
100020be:	06cd      	lsls	r5, r1, #27
100020c0:	d50e      	bpl.n	100020e0 <_ntoa_format+0x94>
100020c2:	0548      	lsls	r0, r1, #21
100020c4:	d451      	bmi.n	1000216a <_ntoa_format+0x11e>
100020c6:	4562      	cmp	r2, ip
100020c8:	d064      	beq.n	10002194 <_ntoa_format+0x148>
100020ca:	4563      	cmp	r3, ip
100020cc:	d062      	beq.n	10002194 <_ntoa_format+0x148>
100020ce:	f1ba 0f10 	cmp.w	sl, #16
100020d2:	d04d      	beq.n	10002170 <_ntoa_format+0x124>
100020d4:	f1ba 0f02 	cmp.w	sl, #2
100020d8:	d055      	beq.n	10002186 <_ntoa_format+0x13a>
100020da:	f1bc 0f20 	cmp.w	ip, #32
100020de:	d12d      	bne.n	1000213c <_ntoa_format+0xf0>
100020e0:	2220      	movs	r2, #32
100020e2:	e9cd 310b 	strd	r3, r1, [sp, #44]	@ 0x2c
100020e6:	920a      	str	r2, [sp, #40]	@ 0x28
100020e8:	464b      	mov	r3, r9
100020ea:	4642      	mov	r2, r8
100020ec:	4639      	mov	r1, r7
100020ee:	4630      	mov	r0, r6
100020f0:	9409      	str	r4, [sp, #36]	@ 0x24
100020f2:	e8bd 4ff0 	ldmia.w	sp!, {r4, r5, r6, r7, r8, r9, sl, fp, lr}
100020f6:	f7ff bf55 	b.w	10001fa4 <_out_rev>
100020fa:	f011 0501 	ands.w	r5, r1, #1
100020fe:	d12e      	bne.n	1000215e <_ntoa_format+0x112>
10002100:	4594      	cmp	ip, r2
10002102:	d3bb      	bcc.n	1000207c <_ntoa_format+0x30>
10002104:	06cd      	lsls	r5, r1, #27
10002106:	d51e      	bpl.n	10002146 <_ntoa_format+0xfa>
10002108:	0548      	lsls	r0, r1, #21
1000210a:	d4e0      	bmi.n	100020ce <_ntoa_format+0x82>
1000210c:	f1bc 0f00 	cmp.w	ip, #0
10002110:	d1d9      	bne.n	100020c6 <_ntoa_format+0x7a>
10002112:	f1ba 0f10 	cmp.w	sl, #16
10002116:	d05f      	beq.n	100021d8 <_ntoa_format+0x18c>
10002118:	f1ba 0f02 	cmp.w	sl, #2
1000211c:	d074      	beq.n	10002208 <_ntoa_format+0x1bc>
1000211e:	2230      	movs	r2, #48	@ 0x30
10002120:	f04f 0c01 	mov.w	ip, #1
10002124:	7022      	strb	r2, [r4, #0]
10002126:	f1bb 0f00 	cmp.w	fp, #0
1000212a:	d112      	bne.n	10002152 <_ntoa_format+0x106>
1000212c:	0748      	lsls	r0, r1, #29
1000212e:	d542      	bpl.n	100021b6 <_ntoa_format+0x16a>
10002130:	222b      	movs	r2, #43	@ 0x2b
10002132:	f804 200c 	strb.w	r2, [r4, ip]
10002136:	f10c 0201 	add.w	r2, ip, #1
1000213a:	e7d2      	b.n	100020e2 <_ntoa_format+0x96>
1000213c:	4662      	mov	r2, ip
1000213e:	f10c 0c01 	add.w	ip, ip, #1
10002142:	2030      	movs	r0, #48	@ 0x30
10002144:	54a0      	strb	r0, [r4, r2]
10002146:	f1bc 0f20 	cmp.w	ip, #32
1000214a:	d0c9      	beq.n	100020e0 <_ntoa_format+0x94>
1000214c:	f1bb 0f00 	cmp.w	fp, #0
10002150:	d0ec      	beq.n	1000212c <_ntoa_format+0xe0>
10002152:	222d      	movs	r2, #45	@ 0x2d
10002154:	f804 200c 	strb.w	r2, [r4, ip]
10002158:	f10c 0201 	add.w	r2, ip, #1
1000215c:	e7c1      	b.n	100020e2 <_ntoa_format+0x96>
1000215e:	b398      	cbz	r0, 100021c8 <_ntoa_format+0x17c>
10002160:	4594      	cmp	ip, r2
10002162:	f103 33ff 	add.w	r3, r3, #4294967295	@ 0xffffffff
10002166:	d389      	bcc.n	1000207c <_ntoa_format+0x30>
10002168:	e799      	b.n	1000209e <_ntoa_format+0x52>
1000216a:	f1ba 0f10 	cmp.w	sl, #16
1000216e:	d1b7      	bne.n	100020e0 <_ntoa_format+0x94>
10002170:	068d      	lsls	r5, r1, #26
10002172:	d53d      	bpl.n	100021f0 <_ntoa_format+0x1a4>
10002174:	f1bc 0f20 	cmp.w	ip, #32
10002178:	d0b2      	beq.n	100020e0 <_ntoa_format+0x94>
1000217a:	2258      	movs	r2, #88	@ 0x58
1000217c:	f804 200c 	strb.w	r2, [r4, ip]
10002180:	f10c 0c01 	add.w	ip, ip, #1
10002184:	e7a9      	b.n	100020da <_ntoa_format+0x8e>
10002186:	f1bc 0f20 	cmp.w	ip, #32
1000218a:	d0a9      	beq.n	100020e0 <_ntoa_format+0x94>
1000218c:	4662      	mov	r2, ip
1000218e:	f10c 0c01 	add.w	ip, ip, #1
10002192:	e008      	b.n	100021a6 <_ntoa_format+0x15a>
10002194:	f1bc 0201 	subs.w	r2, ip, #1
10002198:	d0bb      	beq.n	10002112 <_ntoa_format+0xc6>
1000219a:	f1ba 0f10 	cmp.w	sl, #16
1000219e:	d035      	beq.n	1000220c <_ntoa_format+0x1c0>
100021a0:	f1ba 0f02 	cmp.w	sl, #2
100021a4:	d1cd      	bne.n	10002142 <_ntoa_format+0xf6>
100021a6:	2062      	movs	r0, #98	@ 0x62
100021a8:	54a0      	strb	r0, [r4, r2]
100021aa:	e796      	b.n	100020da <_ntoa_format+0x8e>
100021ac:	06cd      	lsls	r5, r1, #27
100021ae:	d5ca      	bpl.n	10002146 <_ntoa_format+0xfa>
100021b0:	0548      	lsls	r0, r1, #21
100021b2:	d588      	bpl.n	100020c6 <_ntoa_format+0x7a>
100021b4:	e78b      	b.n	100020ce <_ntoa_format+0x82>
100021b6:	070a      	lsls	r2, r1, #28
100021b8:	bf49      	itett	mi
100021ba:	2220      	movmi	r2, #32
100021bc:	4662      	movpl	r2, ip
100021be:	f804 200c 	strbmi.w	r2, [r4, ip]
100021c2:	f10c 0201 	addmi.w	r2, ip, #1
100021c6:	e78c      	b.n	100020e2 <_ntoa_format+0x96>
100021c8:	f011 0f0c 	tst.w	r1, #12
100021cc:	d000      	beq.n	100021d0 <_ntoa_format+0x184>
100021ce:	3b01      	subs	r3, #1
100021d0:	4594      	cmp	ip, r2
100021d2:	f4ff af53 	bcc.w	1000207c <_ntoa_format+0x30>
100021d6:	e762      	b.n	1000209e <_ntoa_format+0x52>
100021d8:	068a      	lsls	r2, r1, #26
100021da:	d413      	bmi.n	10002204 <_ntoa_format+0x1b8>
100021dc:	2278      	movs	r2, #120	@ 0x78
100021de:	7022      	strb	r2, [r4, #0]
100021e0:	2230      	movs	r2, #48	@ 0x30
100021e2:	f04f 0c02 	mov.w	ip, #2
100021e6:	7062      	strb	r2, [r4, #1]
100021e8:	f1bb 0f00 	cmp.w	fp, #0
100021ec:	d09e      	beq.n	1000212c <_ntoa_format+0xe0>
100021ee:	e7b0      	b.n	10002152 <_ntoa_format+0x106>
100021f0:	f1bc 0f20 	cmp.w	ip, #32
100021f4:	f43f af74 	beq.w	100020e0 <_ntoa_format+0x94>
100021f8:	2278      	movs	r2, #120	@ 0x78
100021fa:	f804 200c 	strb.w	r2, [r4, ip]
100021fe:	f10c 0c01 	add.w	ip, ip, #1
10002202:	e76a      	b.n	100020da <_ntoa_format+0x8e>
10002204:	2258      	movs	r2, #88	@ 0x58
10002206:	e7ea      	b.n	100021de <_ntoa_format+0x192>
10002208:	2262      	movs	r2, #98	@ 0x62
1000220a:	e7e8      	b.n	100021de <_ntoa_format+0x192>
1000220c:	068d      	lsls	r5, r1, #26
1000220e:	f1ac 0002 	sub.w	r0, ip, #2
10002212:	d504      	bpl.n	1000221e <_ntoa_format+0x1d2>
10002214:	f04f 0e58 	mov.w	lr, #88	@ 0x58
10002218:	f804 e000 	strb.w	lr, [r4, r0]
1000221c:	e791      	b.n	10002142 <_ntoa_format+0xf6>
1000221e:	f04f 0e78 	mov.w	lr, #120	@ 0x78
10002222:	f804 e000 	strb.w	lr, [r4, r0]
10002226:	e78c      	b.n	10002142 <_ntoa_format+0xf6>

10002228 <_out_char>:
10002228:	b900      	cbnz	r0, 1000222c <_out_char+0x4>
1000222a:	4770      	bx	lr
1000222c:	f001 bb60 	b.w	100038f0 <__wrap_putchar>

10002230 <_out_fct>:
10002230:	b110      	cbz	r0, 10002238 <_out_fct+0x8>
10002232:	e9d1 3100 	ldrd	r3, r1, [r1]
10002236:	4718      	bx	r3
10002238:	4770      	bx	lr
1000223a:	bf00      	nop
1000223c:	0000      	movs	r0, r0
	...

10002240 <_ftoa>:
10002240:	e92d 4ff0 	stmdb	sp!, {r4, r5, r6, r7, r8, r9, sl, fp, lr}
10002244:	b097      	sub	sp, #92	@ 0x5c
10002246:	ed9d 7b20 	vldr	d7, [sp, #128]	@ 0x80
1000224a:	e9dd 5b22 	ldrd	r5, fp, [sp, #136]	@ 0x88
1000224e:	4680      	mov	r8, r0
10002250:	4689      	mov	r9, r1
10002252:	ec51 0b17 	vmov	r0, r1, d7
10002256:	469a      	mov	sl, r3
10002258:	9b24      	ldr	r3, [sp, #144]	@ 0x90
1000225a:	920c      	str	r2, [sp, #48]	@ 0x30
1000225c:	9307      	str	r3, [sp, #28]
1000225e:	4602      	mov	r2, r0
10002260:	460b      	mov	r3, r1
10002262:	ed8d 7b04 	vstr	d7, [sp, #16]
10002266:	f7ff fc4d 	bl	10001b04 <__wrap___aeabi_dcmpun>
1000226a:	2800      	cmp	r0, #0
1000226c:	f040 81e3 	bne.w	10002636 <_ftoa+0x3f6>
10002270:	e9dd 0104 	ldrd	r0, r1, [sp, #16]
10002274:	f04f 32ff 	mov.w	r2, #4294967295	@ 0xffffffff
10002278:	f46f 1380 	mvn.w	r3, #1048576	@ 0x100000
1000227c:	f7ff fc54 	bl	10001b28 <__wrap___aeabi_dcmplt>
10002280:	2800      	cmp	r0, #0
10002282:	f040 80cb 	bne.w	1000241c <_ftoa+0x1dc>
10002286:	e9dd 0104 	ldrd	r0, r1, [sp, #16]
1000228a:	f04f 32ff 	mov.w	r2, #4294967295	@ 0xffffffff
1000228e:	4bb2      	ldr	r3, [pc, #712]	@ (10002558 <_ftoa+0x318>)
10002290:	f7ff fc86 	bl	10001ba0 <__wrap___aeabi_dcmpgt>
10002294:	2800      	cmp	r0, #0
10002296:	f040 809f 	bne.w	100023d8 <_ftoa+0x198>
1000229a:	e9dd 6704 	ldrd	r6, r7, [sp, #16]
1000229e:	a3aa      	add	r3, pc, #680	@ (adr r3, 10002548 <_ftoa+0x308>)
100022a0:	e9d3 2300 	ldrd	r2, r3, [r3]
100022a4:	4630      	mov	r0, r6
100022a6:	4639      	mov	r1, r7
100022a8:	f7ff fc7a 	bl	10001ba0 <__wrap___aeabi_dcmpgt>
100022ac:	2800      	cmp	r0, #0
100022ae:	f040 8082 	bne.w	100023b6 <_ftoa+0x176>
100022b2:	a3a7      	add	r3, pc, #668	@ (adr r3, 10002550 <_ftoa+0x310>)
100022b4:	e9d3 2300 	ldrd	r2, r3, [r3]
100022b8:	4630      	mov	r0, r6
100022ba:	4639      	mov	r1, r7
100022bc:	f7ff fc34 	bl	10001b28 <__wrap___aeabi_dcmplt>
100022c0:	2800      	cmp	r0, #0
100022c2:	d178      	bne.n	100023b6 <_ftoa+0x176>
100022c4:	4630      	mov	r0, r6
100022c6:	4639      	mov	r1, r7
100022c8:	2200      	movs	r2, #0
100022ca:	2300      	movs	r3, #0
100022cc:	f7ff fc2c 	bl	10001b28 <__wrap___aeabi_dcmplt>
100022d0:	2800      	cmp	r0, #0
100022d2:	f040 8098 	bne.w	10002406 <_ftoa+0x1c6>
100022d6:	900d      	str	r0, [sp, #52]	@ 0x34
100022d8:	9b07      	ldr	r3, [sp, #28]
100022da:	2130      	movs	r1, #48	@ 0x30
100022dc:	f413 6f80 	tst.w	r3, #1024	@ 0x400
100022e0:	bf08      	it	eq
100022e2:	2506      	moveq	r5, #6
100022e4:	aa0e      	add	r2, sp, #56	@ 0x38
100022e6:	462b      	mov	r3, r5
100022e8:	f1a5 0620 	sub.w	r6, r5, #32
100022ec:	e005      	b.n	100022fa <_ftoa+0xba>
100022ee:	3b01      	subs	r3, #1
100022f0:	42b3      	cmp	r3, r6
100022f2:	f802 1b01 	strb.w	r1, [r2], #1
100022f6:	f000 8165 	beq.w	100025c4 <_ftoa+0x384>
100022fa:	2b09      	cmp	r3, #9
100022fc:	d8f7      	bhi.n	100022ee <_ftoa+0xae>
100022fe:	461e      	mov	r6, r3
10002300:	1aed      	subs	r5, r5, r3
10002302:	e9dd 0104 	ldrd	r0, r1, [sp, #16]
10002306:	f7ff fbd9 	bl	10001abc <__wrap___aeabi_d2iz>
1000230a:	4b94      	ldr	r3, [pc, #592]	@ (1000255c <_ftoa+0x31c>)
1000230c:	4604      	mov	r4, r0
1000230e:	eb03 03c6 	add.w	r3, r3, r6, lsl #3
10002312:	ed93 7b00 	vldr	d7, [r3]
10002316:	ed8d 7b08 	vstr	d7, [sp, #32]
1000231a:	f7ff fbab 	bl	10001a74 <__wrap___aeabi_i2d>
1000231e:	4602      	mov	r2, r0
10002320:	460b      	mov	r3, r1
10002322:	e9dd 0104 	ldrd	r0, r1, [sp, #16]
10002326:	f7ff fb11 	bl	1000194c <__wrap___aeabi_dsub>
1000232a:	e9dd 2308 	ldrd	r2, r3, [sp, #32]
1000232e:	f7ff fb21 	bl	10001974 <__wrap___aeabi_dmul>
10002332:	e9cd 010a 	strd	r0, r1, [sp, #40]	@ 0x28
10002336:	f7ff fbd3 	bl	10001ae0 <__wrap___aeabi_d2uiz>
1000233a:	4607      	mov	r7, r0
1000233c:	f7ff fbac 	bl	10001a98 <__wrap___aeabi_ui2d>
10002340:	4602      	mov	r2, r0
10002342:	460b      	mov	r3, r1
10002344:	e9dd 010a 	ldrd	r0, r1, [sp, #40]	@ 0x28
10002348:	f7ff fb00 	bl	1000194c <__wrap___aeabi_dsub>
1000234c:	2200      	movs	r2, #0
1000234e:	4b84      	ldr	r3, [pc, #528]	@ (10002560 <_ftoa+0x320>)
10002350:	e9cd 010a 	strd	r0, r1, [sp, #40]	@ 0x28
10002354:	f7ff fc24 	bl	10001ba0 <__wrap___aeabi_dcmpgt>
10002358:	2800      	cmp	r0, #0
1000235a:	f000 8088 	beq.w	1000246e <_ftoa+0x22e>
1000235e:	3701      	adds	r7, #1
10002360:	4638      	mov	r0, r7
10002362:	f7ff fb99 	bl	10001a98 <__wrap___aeabi_ui2d>
10002366:	4602      	mov	r2, r0
10002368:	460b      	mov	r3, r1
1000236a:	e9dd 0108 	ldrd	r0, r1, [sp, #32]
1000236e:	f7ff fbef 	bl	10001b50 <__wrap___aeabi_dcmple>
10002372:	b108      	cbz	r0, 10002378 <_ftoa+0x138>
10002374:	2700      	movs	r7, #0
10002376:	3401      	adds	r4, #1
10002378:	2e00      	cmp	r6, #0
1000237a:	f000 8088 	beq.w	1000248e <_ftoa+0x24e>
1000237e:	f10d 0337 	add.w	r3, sp, #55	@ 0x37
10002382:	f8df c1f0 	ldr.w	ip, [pc, #496]	@ 10002574 <_ftoa+0x334>
10002386:	1958      	adds	r0, r3, r5
10002388:	e00d      	b.n	100023a6 <_ftoa+0x166>
1000238a:	fbac 2107 	umull	r2, r1, ip, r7
1000238e:	08c9      	lsrs	r1, r1, #3
10002390:	eb01 0281 	add.w	r2, r1, r1, lsl #2
10002394:	eba7 0242 	sub.w	r2, r7, r2, lsl #1
10002398:	3230      	adds	r2, #48	@ 0x30
1000239a:	2f09      	cmp	r7, #9
1000239c:	f800 2f01 	strb.w	r2, [r0, #1]!
100023a0:	f240 80fb 	bls.w	1000259a <_ftoa+0x35a>
100023a4:	460f      	mov	r7, r1
100023a6:	2d20      	cmp	r5, #32
100023a8:	f106 36ff 	add.w	r6, r6, #4294967295	@ 0xffffffff
100023ac:	f105 0501 	add.w	r5, r5, #1
100023b0:	d1eb      	bne.n	1000238a <_ftoa+0x14a>
100023b2:	2520      	movs	r5, #32
100023b4:	e086      	b.n	100024c4 <_ftoa+0x284>
100023b6:	9b07      	ldr	r3, [sp, #28]
100023b8:	ed9d 7b04 	vldr	d7, [sp, #16]
100023bc:	e9cd b323 	strd	fp, r3, [sp, #140]	@ 0x8c
100023c0:	4649      	mov	r1, r9
100023c2:	4653      	mov	r3, sl
100023c4:	4640      	mov	r0, r8
100023c6:	9a0c      	ldr	r2, [sp, #48]	@ 0x30
100023c8:	ed8d 7b20 	vstr	d7, [sp, #128]	@ 0x80
100023cc:	9522      	str	r5, [sp, #136]	@ 0x88
100023ce:	b017      	add	sp, #92	@ 0x5c
100023d0:	e8bd 4ff0 	ldmia.w	sp!, {r4, r5, r6, r7, r8, r9, sl, fp, lr}
100023d4:	f000 b980 	b.w	100026d8 <_etoa>
100023d8:	9b07      	ldr	r3, [sp, #28]
100023da:	4649      	mov	r1, r9
100023dc:	0758      	lsls	r0, r3, #29
100023de:	bf4c      	ite	mi
100023e0:	2304      	movmi	r3, #4
100023e2:	2303      	movpl	r3, #3
100023e4:	4640      	mov	r0, r8
100023e6:	9321      	str	r3, [sp, #132]	@ 0x84
100023e8:	4653      	mov	r3, sl
100023ea:	9a07      	ldr	r2, [sp, #28]
100023ec:	bf48      	it	mi
100023ee:	4c5d      	ldrmi	r4, [pc, #372]	@ (10002564 <_ftoa+0x324>)
100023f0:	e9cd b222 	strd	fp, r2, [sp, #136]	@ 0x88
100023f4:	bf58      	it	pl
100023f6:	4c5c      	ldrpl	r4, [pc, #368]	@ (10002568 <_ftoa+0x328>)
100023f8:	9a0c      	ldr	r2, [sp, #48]	@ 0x30
100023fa:	9420      	str	r4, [sp, #128]	@ 0x80
100023fc:	b017      	add	sp, #92	@ 0x5c
100023fe:	e8bd 4ff0 	ldmia.w	sp!, {r4, r5, r6, r7, r8, r9, sl, fp, lr}
10002402:	f7ff bdcf 	b.w	10001fa4 <_out_rev>
10002406:	463b      	mov	r3, r7
10002408:	4632      	mov	r2, r6
1000240a:	2000      	movs	r0, #0
1000240c:	2100      	movs	r1, #0
1000240e:	f7ff fa9d 	bl	1000194c <__wrap___aeabi_dsub>
10002412:	2301      	movs	r3, #1
10002414:	e9cd 0104 	strd	r0, r1, [sp, #16]
10002418:	930d      	str	r3, [sp, #52]	@ 0x34
1000241a:	e75d      	b.n	100022d8 <_ftoa+0x98>
1000241c:	9b07      	ldr	r3, [sp, #28]
1000241e:	f003 0202 	and.w	r2, r3, #2
10002422:	079c      	lsls	r4, r3, #30
10002424:	9204      	str	r2, [sp, #16]
10002426:	f000 80f4 	beq.w	10002612 <_ftoa+0x3d2>
1000242a:	9f0c      	ldr	r7, [sp, #48]	@ 0x30
1000242c:	463d      	mov	r5, r7
1000242e:	4e4f      	ldr	r6, [pc, #316]	@ (1000256c <_ftoa+0x32c>)
10002430:	1d34      	adds	r4, r6, #4
10002432:	f814 0d01 	ldrb.w	r0, [r4, #-1]!
10002436:	462a      	mov	r2, r5
10002438:	4653      	mov	r3, sl
1000243a:	4649      	mov	r1, r9
1000243c:	47c0      	blx	r8
1000243e:	42a6      	cmp	r6, r4
10002440:	f105 0501 	add.w	r5, r5, #1
10002444:	d1f5      	bne.n	10002432 <_ftoa+0x1f2>
10002446:	9b04      	ldr	r3, [sp, #16]
10002448:	1d3c      	adds	r4, r7, #4
1000244a:	b163      	cbz	r3, 10002466 <_ftoa+0x226>
1000244c:	9d0c      	ldr	r5, [sp, #48]	@ 0x30
1000244e:	1b63      	subs	r3, r4, r5
10002450:	459b      	cmp	fp, r3
10002452:	d908      	bls.n	10002466 <_ftoa+0x226>
10002454:	4622      	mov	r2, r4
10002456:	4653      	mov	r3, sl
10002458:	4649      	mov	r1, r9
1000245a:	2020      	movs	r0, #32
1000245c:	3401      	adds	r4, #1
1000245e:	47c0      	blx	r8
10002460:	1b63      	subs	r3, r4, r5
10002462:	459b      	cmp	fp, r3
10002464:	d8f6      	bhi.n	10002454 <_ftoa+0x214>
10002466:	4620      	mov	r0, r4
10002468:	b017      	add	sp, #92	@ 0x5c
1000246a:	e8bd 8ff0 	ldmia.w	sp!, {r4, r5, r6, r7, r8, r9, sl, fp, pc}
1000246e:	2200      	movs	r2, #0
10002470:	e9dd 010a 	ldrd	r0, r1, [sp, #40]	@ 0x28
10002474:	4b3a      	ldr	r3, [pc, #232]	@ (10002560 <_ftoa+0x320>)
10002476:	f7ff fb57 	bl	10001b28 <__wrap___aeabi_dcmplt>
1000247a:	2800      	cmp	r0, #0
1000247c:	f47f af7c 	bne.w	10002378 <_ftoa+0x138>
10002480:	2f00      	cmp	r7, #0
10002482:	f040 80c2 	bne.w	1000260a <_ftoa+0x3ca>
10002486:	3701      	adds	r7, #1
10002488:	2e00      	cmp	r6, #0
1000248a:	f47f af78 	bne.w	1000237e <_ftoa+0x13e>
1000248e:	4620      	mov	r0, r4
10002490:	f7ff faf0 	bl	10001a74 <__wrap___aeabi_i2d>
10002494:	4602      	mov	r2, r0
10002496:	460b      	mov	r3, r1
10002498:	e9dd 0104 	ldrd	r0, r1, [sp, #16]
1000249c:	f7ff fa56 	bl	1000194c <__wrap___aeabi_dsub>
100024a0:	2200      	movs	r2, #0
100024a2:	4b2f      	ldr	r3, [pc, #188]	@ (10002560 <_ftoa+0x320>)
100024a4:	4606      	mov	r6, r0
100024a6:	460f      	mov	r7, r1
100024a8:	f7ff fb3e 	bl	10001b28 <__wrap___aeabi_dcmplt>
100024ac:	b940      	cbnz	r0, 100024c0 <_ftoa+0x280>
100024ae:	4630      	mov	r0, r6
100024b0:	4639      	mov	r1, r7
100024b2:	2200      	movs	r2, #0
100024b4:	4b2a      	ldr	r3, [pc, #168]	@ (10002560 <_ftoa+0x320>)
100024b6:	f7ff fb73 	bl	10001ba0 <__wrap___aeabi_dcmpgt>
100024ba:	2800      	cmp	r0, #0
100024bc:	f000 80a1 	beq.w	10002602 <_ftoa+0x3c2>
100024c0:	f10d 0337 	add.w	r3, sp, #55	@ 0x37
100024c4:	482a      	ldr	r0, [pc, #168]	@ (10002570 <_ftoa+0x330>)
100024c6:	1959      	adds	r1, r3, r5
100024c8:	e00e      	b.n	100024e8 <_ftoa+0x2a8>
100024ca:	fb80 7604 	smull	r7, r6, r0, r4
100024ce:	ebc2 02a6 	rsb	r2, r2, r6, asr #2
100024d2:	eb02 0682 	add.w	r6, r2, r2, lsl #2
100024d6:	eba4 0646 	sub.w	r6, r4, r6, lsl #1
100024da:	3630      	adds	r6, #48	@ 0x30
100024dc:	4614      	mov	r4, r2
100024de:	3501      	adds	r5, #1
100024e0:	f801 6f01 	strb.w	r6, [r1, #1]!
100024e4:	2a00      	cmp	r2, #0
100024e6:	d047      	beq.n	10002578 <_ftoa+0x338>
100024e8:	2d20      	cmp	r5, #32
100024ea:	ea4f 72e4 	mov.w	r2, r4, asr #31
100024ee:	d1ec      	bne.n	100024ca <_ftoa+0x28a>
100024f0:	9a07      	ldr	r2, [sp, #28]
100024f2:	f002 0203 	and.w	r2, r2, #3
100024f6:	2a01      	cmp	r2, #1
100024f8:	d114      	bne.n	10002524 <_ftoa+0x2e4>
100024fa:	f1bb 0f00 	cmp.w	fp, #0
100024fe:	d011      	beq.n	10002524 <_ftoa+0x2e4>
10002500:	9a0d      	ldr	r2, [sp, #52]	@ 0x34
10002502:	2a00      	cmp	r2, #0
10002504:	d060      	beq.n	100025c8 <_ftoa+0x388>
10002506:	f10b 3bff 	add.w	fp, fp, #4294967295	@ 0xffffffff
1000250a:	f1bb 0f20 	cmp.w	fp, #32
1000250e:	d909      	bls.n	10002524 <_ftoa+0x2e4>
10002510:	2230      	movs	r2, #48	@ 0x30
10002512:	442b      	add	r3, r5
10002514:	e004      	b.n	10002520 <_ftoa+0x2e0>
10002516:	3501      	adds	r5, #1
10002518:	455d      	cmp	r5, fp
1000251a:	f803 2f01 	strb.w	r2, [r3, #1]!
1000251e:	d231      	bcs.n	10002584 <_ftoa+0x344>
10002520:	2d20      	cmp	r5, #32
10002522:	d1f8      	bne.n	10002516 <_ftoa+0x2d6>
10002524:	9b07      	ldr	r3, [sp, #28]
10002526:	ac0e      	add	r4, sp, #56	@ 0x38
10002528:	e9cd b302 	strd	fp, r3, [sp, #8]
1000252c:	9400      	str	r4, [sp, #0]
1000252e:	4653      	mov	r3, sl
10002530:	4649      	mov	r1, r9
10002532:	4640      	mov	r0, r8
10002534:	9a0c      	ldr	r2, [sp, #48]	@ 0x30
10002536:	9501      	str	r5, [sp, #4]
10002538:	f7ff fd34 	bl	10001fa4 <_out_rev>
1000253c:	4604      	mov	r4, r0
1000253e:	4620      	mov	r0, r4
10002540:	b017      	add	sp, #92	@ 0x5c
10002542:	e8bd 8ff0 	ldmia.w	sp!, {r4, r5, r6, r7, r8, r9, sl, fp, pc}
10002546:	bf00      	nop
10002548:	00000000 	.word	0x00000000
1000254c:	41cdcd65 	.word	0x41cdcd65
10002550:	00000000 	.word	0x00000000
10002554:	c1cdcd65 	.word	0xc1cdcd65
10002558:	7fefffff 	.word	0x7fefffff
1000255c:	100063b0 	.word	0x100063b0
10002560:	3fe00000 	.word	0x3fe00000
10002564:	10006294 	.word	0x10006294
10002568:	1000629c 	.word	0x1000629c
1000256c:	100062a4 	.word	0x100062a4
10002570:	66666667 	.word	0x66666667
10002574:	cccccccd 	.word	0xcccccccd
10002578:	9a07      	ldr	r2, [sp, #28]
1000257a:	f002 0203 	and.w	r2, r2, #3
1000257e:	2a01      	cmp	r2, #1
10002580:	f000 8096 	beq.w	100026b0 <_ftoa+0x470>
10002584:	2d20      	cmp	r5, #32
10002586:	d0cd      	beq.n	10002524 <_ftoa+0x2e4>
10002588:	9b0d      	ldr	r3, [sp, #52]	@ 0x34
1000258a:	b33b      	cbz	r3, 100025dc <_ftoa+0x39c>
1000258c:	222d      	movs	r2, #45	@ 0x2d
1000258e:	eb0d 0305 	add.w	r3, sp, r5
10002592:	f883 2038 	strb.w	r2, [r3, #56]	@ 0x38
10002596:	3501      	adds	r5, #1
10002598:	e7c4      	b.n	10002524 <_ftoa+0x2e4>
1000259a:	2d20      	cmp	r5, #32
1000259c:	f43f af09 	beq.w	100023b2 <_ftoa+0x172>
100025a0:	2130      	movs	r1, #48	@ 0x30
100025a2:	442e      	add	r6, r5
100025a4:	195a      	adds	r2, r3, r5
100025a6:	e005      	b.n	100025b4 <_ftoa+0x374>
100025a8:	3501      	adds	r5, #1
100025aa:	2d20      	cmp	r5, #32
100025ac:	f802 1f01 	strb.w	r1, [r2, #1]!
100025b0:	f43f aeff 	beq.w	100023b2 <_ftoa+0x172>
100025b4:	42ae      	cmp	r6, r5
100025b6:	d1f7      	bne.n	100025a8 <_ftoa+0x368>
100025b8:	222e      	movs	r2, #46	@ 0x2e
100025ba:	446e      	add	r6, sp
100025bc:	3501      	adds	r5, #1
100025be:	f886 2038 	strb.w	r2, [r6, #56]	@ 0x38
100025c2:	e77f      	b.n	100024c4 <_ftoa+0x284>
100025c4:	2520      	movs	r5, #32
100025c6:	e69c      	b.n	10002302 <_ftoa+0xc2>
100025c8:	9a07      	ldr	r2, [sp, #28]
100025ca:	f012 0f0c 	tst.w	r2, #12
100025ce:	d05a      	beq.n	10002686 <_ftoa+0x446>
100025d0:	f10b 3bff 	add.w	fp, fp, #4294967295	@ 0xffffffff
100025d4:	45ab      	cmp	fp, r5
100025d6:	d89b      	bhi.n	10002510 <_ftoa+0x2d0>
100025d8:	2d20      	cmp	r5, #32
100025da:	d0a3      	beq.n	10002524 <_ftoa+0x2e4>
100025dc:	9b07      	ldr	r3, [sp, #28]
100025de:	075a      	lsls	r2, r3, #29
100025e0:	d506      	bpl.n	100025f0 <_ftoa+0x3b0>
100025e2:	222b      	movs	r2, #43	@ 0x2b
100025e4:	eb0d 0305 	add.w	r3, sp, r5
100025e8:	f883 2038 	strb.w	r2, [r3, #56]	@ 0x38
100025ec:	3501      	adds	r5, #1
100025ee:	e799      	b.n	10002524 <_ftoa+0x2e4>
100025f0:	071b      	lsls	r3, r3, #28
100025f2:	d597      	bpl.n	10002524 <_ftoa+0x2e4>
100025f4:	2220      	movs	r2, #32
100025f6:	eb0d 0305 	add.w	r3, sp, r5
100025fa:	f883 2038 	strb.w	r2, [r3, #56]	@ 0x38
100025fe:	3501      	adds	r5, #1
10002600:	e790      	b.n	10002524 <_ftoa+0x2e4>
10002602:	3401      	adds	r4, #1
10002604:	f024 0401 	bic.w	r4, r4, #1
10002608:	e75a      	b.n	100024c0 <_ftoa+0x280>
1000260a:	07f9      	lsls	r1, r7, #31
1000260c:	f57f aeb4 	bpl.w	10002378 <_ftoa+0x138>
10002610:	e739      	b.n	10002486 <_ftoa+0x246>
10002612:	f1bb 0f04 	cmp.w	fp, #4
10002616:	f67f af08 	bls.w	1000242a <_ftoa+0x1ea>
1000261a:	9b0c      	ldr	r3, [sp, #48]	@ 0x30
1000261c:	461d      	mov	r5, r3
1000261e:	3b04      	subs	r3, #4
10002620:	eb03 070b 	add.w	r7, r3, fp
10002624:	462a      	mov	r2, r5
10002626:	4653      	mov	r3, sl
10002628:	4649      	mov	r1, r9
1000262a:	2020      	movs	r0, #32
1000262c:	3501      	adds	r5, #1
1000262e:	47c0      	blx	r8
10002630:	42af      	cmp	r7, r5
10002632:	d1f7      	bne.n	10002624 <_ftoa+0x3e4>
10002634:	e6fa      	b.n	1000242c <_ftoa+0x1ec>
10002636:	9b07      	ldr	r3, [sp, #28]
10002638:	f003 0202 	and.w	r2, r3, #2
1000263c:	079d      	lsls	r5, r3, #30
1000263e:	9204      	str	r2, [sp, #16]
10002640:	d025      	beq.n	1000268e <_ftoa+0x44e>
10002642:	9f0c      	ldr	r7, [sp, #48]	@ 0x30
10002644:	463d      	mov	r5, r7
10002646:	4e22      	ldr	r6, [pc, #136]	@ (100026d0 <_ftoa+0x490>)
10002648:	1cf4      	adds	r4, r6, #3
1000264a:	f814 0d01 	ldrb.w	r0, [r4, #-1]!
1000264e:	462a      	mov	r2, r5
10002650:	4653      	mov	r3, sl
10002652:	4649      	mov	r1, r9
10002654:	47c0      	blx	r8
10002656:	42a6      	cmp	r6, r4
10002658:	f105 0501 	add.w	r5, r5, #1
1000265c:	d1f5      	bne.n	1000264a <_ftoa+0x40a>
1000265e:	9b04      	ldr	r3, [sp, #16]
10002660:	1cfc      	adds	r4, r7, #3
10002662:	2b00      	cmp	r3, #0
10002664:	f43f aeff 	beq.w	10002466 <_ftoa+0x226>
10002668:	9d0c      	ldr	r5, [sp, #48]	@ 0x30
1000266a:	1b63      	subs	r3, r4, r5
1000266c:	459b      	cmp	fp, r3
1000266e:	f67f aefa 	bls.w	10002466 <_ftoa+0x226>
10002672:	4622      	mov	r2, r4
10002674:	4653      	mov	r3, sl
10002676:	4649      	mov	r1, r9
10002678:	2020      	movs	r0, #32
1000267a:	3401      	adds	r4, #1
1000267c:	47c0      	blx	r8
1000267e:	1b63      	subs	r3, r4, r5
10002680:	459b      	cmp	fp, r3
10002682:	d8f6      	bhi.n	10002672 <_ftoa+0x432>
10002684:	e6ef      	b.n	10002466 <_ftoa+0x226>
10002686:	45ab      	cmp	fp, r5
10002688:	f63f af42 	bhi.w	10002510 <_ftoa+0x2d0>
1000268c:	e74a      	b.n	10002524 <_ftoa+0x2e4>
1000268e:	f1bb 0f03 	cmp.w	fp, #3
10002692:	d9d6      	bls.n	10002642 <_ftoa+0x402>
10002694:	9b0c      	ldr	r3, [sp, #48]	@ 0x30
10002696:	461d      	mov	r5, r3
10002698:	3b03      	subs	r3, #3
1000269a:	eb03 070b 	add.w	r7, r3, fp
1000269e:	462a      	mov	r2, r5
100026a0:	4653      	mov	r3, sl
100026a2:	4649      	mov	r1, r9
100026a4:	2020      	movs	r0, #32
100026a6:	3501      	adds	r5, #1
100026a8:	47c0      	blx	r8
100026aa:	42bd      	cmp	r5, r7
100026ac:	d1f7      	bne.n	1000269e <_ftoa+0x45e>
100026ae:	e7c9      	b.n	10002644 <_ftoa+0x404>
100026b0:	f1bb 0f00 	cmp.w	fp, #0
100026b4:	f43f af66 	beq.w	10002584 <_ftoa+0x344>
100026b8:	9a0d      	ldr	r2, [sp, #52]	@ 0x34
100026ba:	2a00      	cmp	r2, #0
100026bc:	d084      	beq.n	100025c8 <_ftoa+0x388>
100026be:	f10b 3bff 	add.w	fp, fp, #4294967295	@ 0xffffffff
100026c2:	455d      	cmp	r5, fp
100026c4:	f4ff af24 	bcc.w	10002510 <_ftoa+0x2d0>
100026c8:	2d20      	cmp	r5, #32
100026ca:	f47f af5f 	bne.w	1000258c <_ftoa+0x34c>
100026ce:	e729      	b.n	10002524 <_ftoa+0x2e4>
100026d0:	100062a0 	.word	0x100062a0
100026d4:	00000000 	.word	0x00000000

100026d8 <_etoa>:
100026d8:	e92d 4ff0 	stmdb	sp!, {r4, r5, r6, r7, r8, r9, sl, fp, lr}
100026dc:	b09f      	sub	sp, #124	@ 0x7c
100026de:	461e      	mov	r6, r3
100026e0:	e9dd ab28 	ldrd	sl, fp, [sp, #160]	@ 0xa0
100026e4:	e9dd 982b 	ldrd	r9, r8, [sp, #172]	@ 0xac
100026e8:	9b2a      	ldr	r3, [sp, #168]	@ 0xa8
100026ea:	4604      	mov	r4, r0
100026ec:	460d      	mov	r5, r1
100026ee:	920b      	str	r2, [sp, #44]	@ 0x2c
100026f0:	930a      	str	r3, [sp, #40]	@ 0x28
100026f2:	4652      	mov	r2, sl
100026f4:	465b      	mov	r3, fp
100026f6:	4650      	mov	r0, sl
100026f8:	4659      	mov	r1, fp
100026fa:	f7ff fa03 	bl	10001b04 <__wrap___aeabi_dcmpun>
100026fe:	2800      	cmp	r0, #0
10002700:	f040 80c6 	bne.w	10002890 <_etoa+0x1b8>
10002704:	4650      	mov	r0, sl
10002706:	4659      	mov	r1, fp
10002708:	f04f 32ff 	mov.w	r2, #4294967295	@ 0xffffffff
1000270c:	4b7b      	ldr	r3, [pc, #492]	@ (100028fc <_etoa+0x224>)
1000270e:	f7ff fa47 	bl	10001ba0 <__wrap___aeabi_dcmpgt>
10002712:	2800      	cmp	r0, #0
10002714:	f040 80bc 	bne.w	10002890 <_etoa+0x1b8>
10002718:	4650      	mov	r0, sl
1000271a:	4659      	mov	r1, fp
1000271c:	f04f 32ff 	mov.w	r2, #4294967295	@ 0xffffffff
10002720:	f46f 1380 	mvn.w	r3, #1048576	@ 0x100000
10002724:	f7ff fa00 	bl	10001b28 <__wrap___aeabi_dcmplt>
10002728:	2800      	cmp	r0, #0
1000272a:	f040 80b1 	bne.w	10002890 <_etoa+0x1b8>
1000272e:	4650      	mov	r0, sl
10002730:	4659      	mov	r1, fp
10002732:	2200      	movs	r2, #0
10002734:	2300      	movs	r3, #0
10002736:	f7ff f9f7 	bl	10001b28 <__wrap___aeabi_dcmplt>
1000273a:	2800      	cmp	r0, #0
1000273c:	f040 81dd 	bne.w	10002afa <_etoa+0x422>
10002740:	e9cd ab08 	strd	sl, fp, [sp, #32]
10002744:	e9dd 1208 	ldrd	r1, r2, [sp, #32]
10002748:	f418 6080 	ands.w	r0, r8, #1024	@ 0x400
1000274c:	460b      	mov	r3, r1
1000274e:	460f      	mov	r7, r1
10002750:	f408 6100 	and.w	r1, r8, #2048	@ 0x800
10002754:	920c      	str	r2, [sp, #48]	@ 0x30
10002756:	9114      	str	r1, [sp, #80]	@ 0x50
10002758:	9015      	str	r0, [sp, #84]	@ 0x54
1000275a:	f040 80a8 	bne.w	100028ae <_etoa+0x1d6>
1000275e:	4313      	orrs	r3, r2
10002760:	f040 80d0 	bne.w	10002904 <_etoa+0x22c>
10002764:	2900      	cmp	r1, #0
10002766:	f040 81ec 	bne.w	10002b42 <_etoa+0x46a>
1000276a:	2306      	movs	r3, #6
1000276c:	930a      	str	r3, [sp, #40]	@ 0x28
1000276e:	f018 0202 	ands.w	r2, r8, #2
10002772:	9210      	str	r2, [sp, #64]	@ 0x40
10002774:	f040 81dd 	bne.w	10002b32 <_etoa+0x45a>
10002778:	464b      	mov	r3, r9
1000277a:	2b04      	cmp	r3, #4
1000277c:	bf38      	it	cc
1000277e:	2304      	movcc	r3, #4
10002780:	920e      	str	r2, [sp, #56]	@ 0x38
10002782:	2204      	movs	r2, #4
10002784:	3b04      	subs	r3, #4
10002786:	9212      	str	r2, [sp, #72]	@ 0x48
10002788:	9314      	str	r3, [sp, #80]	@ 0x50
1000278a:	4650      	mov	r0, sl
1000278c:	4659      	mov	r1, fp
1000278e:	2200      	movs	r2, #0
10002790:	2300      	movs	r3, #0
10002792:	f7ff f9c9 	bl	10001b28 <__wrap___aeabi_dcmplt>
10002796:	2800      	cmp	r0, #0
10002798:	f040 822a 	bne.w	10002bf0 <_etoa+0x518>
1000279c:	ed9d 7b08 	vldr	d7, [sp, #32]
100027a0:	9b14      	ldr	r3, [sp, #80]	@ 0x50
100027a2:	9a0b      	ldr	r2, [sp, #44]	@ 0x2c
100027a4:	9303      	str	r3, [sp, #12]
100027a6:	9b0a      	ldr	r3, [sp, #40]	@ 0x28
100027a8:	ed8d 7b00 	vstr	d7, [sp]
100027ac:	9302      	str	r3, [sp, #8]
100027ae:	f428 6300 	bic.w	r3, r8, #2048	@ 0x800
100027b2:	9304      	str	r3, [sp, #16]
100027b4:	4629      	mov	r1, r5
100027b6:	4633      	mov	r3, r6
100027b8:	4620      	mov	r0, r4
100027ba:	f7ff fd41 	bl	10002240 <_ftoa>
100027be:	4602      	mov	r2, r0
100027c0:	f018 0f20 	tst.w	r8, #32
100027c4:	4633      	mov	r3, r6
100027c6:	4629      	mov	r1, r5
100027c8:	bf0c      	ite	eq
100027ca:	2065      	moveq	r0, #101	@ 0x65
100027cc:	2045      	movne	r0, #69	@ 0x45
100027ce:	f102 0801 	add.w	r8, r2, #1
100027d2:	47a0      	blx	r4
100027d4:	9b12      	ldr	r3, [sp, #72]	@ 0x48
100027d6:	f10d 0a58 	add.w	sl, sp, #88	@ 0x58
100027da:	f103 3bff 	add.w	fp, r3, #4294967295	@ 0xffffffff
100027de:	9b0e      	ldr	r3, [sp, #56]	@ 0x38
100027e0:	2200      	movs	r2, #0
100027e2:	ea83 7ce3 	eor.w	ip, r3, r3, asr #31
100027e6:	4650      	mov	r0, sl
100027e8:	f8df e114 	ldr.w	lr, [pc, #276]	@ 10002900 <_etoa+0x228>
100027ec:	9f0b      	ldr	r7, [sp, #44]	@ 0x2c
100027ee:	ebac 7ce3 	sub.w	ip, ip, r3, asr #31
100027f2:	0fd9      	lsrs	r1, r3, #31
100027f4:	f8cd 8020 	str.w	r8, [sp, #32]
100027f8:	e002      	b.n	10002800 <_etoa+0x128>
100027fa:	2a20      	cmp	r2, #32
100027fc:	46c4      	mov	ip, r8
100027fe:	d010      	beq.n	10002822 <_etoa+0x14a>
10002800:	fbae 380c 	umull	r3, r8, lr, ip
10002804:	ea4f 08d8 	mov.w	r8, r8, lsr #3
10002808:	eb08 0388 	add.w	r3, r8, r8, lsl #2
1000280c:	ebac 0343 	sub.w	r3, ip, r3, lsl #1
10002810:	3001      	adds	r0, #1
10002812:	3330      	adds	r3, #48	@ 0x30
10002814:	f1bc 0f09 	cmp.w	ip, #9
10002818:	f102 0201 	add.w	r2, r2, #1
1000281c:	f800 3c01 	strb.w	r3, [r0, #-1]
10002820:	d8eb      	bhi.n	100027fa <_etoa+0x122>
10002822:	2305      	movs	r3, #5
10002824:	f04f 0c00 	mov.w	ip, #0
10002828:	9306      	str	r3, [sp, #24]
1000282a:	230a      	movs	r3, #10
1000282c:	f8dd 8020 	ldr.w	r8, [sp, #32]
10002830:	e9cd 2101 	strd	r2, r1, [sp, #4]
10002834:	e9cd 3c03 	strd	r3, ip, [sp, #12]
10002838:	f8cd a000 	str.w	sl, [sp]
1000283c:	4633      	mov	r3, r6
1000283e:	4642      	mov	r2, r8
10002840:	4629      	mov	r1, r5
10002842:	4620      	mov	r0, r4
10002844:	f8cd b014 	str.w	fp, [sp, #20]
10002848:	f7ff fc00 	bl	1000204c <_ntoa_format>
1000284c:	9b10      	ldr	r3, [sp, #64]	@ 0x40
1000284e:	4682      	mov	sl, r0
10002850:	b1d3      	cbz	r3, 10002888 <_etoa+0x1b0>
10002852:	eba0 0807 	sub.w	r8, r0, r7
10002856:	45c1      	cmp	r9, r8
10002858:	d916      	bls.n	10002888 <_etoa+0x1b0>
1000285a:	eb07 0208 	add.w	r2, r7, r8
1000285e:	4633      	mov	r3, r6
10002860:	4629      	mov	r1, r5
10002862:	2020      	movs	r0, #32
10002864:	f108 0801 	add.w	r8, r8, #1
10002868:	47a0      	blx	r4
1000286a:	45c1      	cmp	r9, r8
1000286c:	d8f5      	bhi.n	1000285a <_etoa+0x182>
1000286e:	1e7b      	subs	r3, r7, #1
10002870:	444b      	add	r3, r9
10002872:	f1c7 0201 	rsb	r2, r7, #1
10002876:	eba3 030a 	sub.w	r3, r3, sl
1000287a:	4452      	add	r2, sl
1000287c:	4591      	cmp	r9, r2
1000287e:	bf38      	it	cc
10002880:	2300      	movcc	r3, #0
10002882:	f10a 0a01 	add.w	sl, sl, #1
10002886:	449a      	add	sl, r3
10002888:	4650      	mov	r0, sl
1000288a:	b01f      	add	sp, #124	@ 0x7c
1000288c:	e8bd 8ff0 	ldmia.w	sp!, {r4, r5, r6, r7, r8, r9, sl, fp, pc}
10002890:	4633      	mov	r3, r6
10002892:	4629      	mov	r1, r5
10002894:	4620      	mov	r0, r4
10002896:	e9cd ab28 	strd	sl, fp, [sp, #160]	@ 0xa0
1000289a:	9c0a      	ldr	r4, [sp, #40]	@ 0x28
1000289c:	e9cd 982b 	strd	r9, r8, [sp, #172]	@ 0xac
100028a0:	9a0b      	ldr	r2, [sp, #44]	@ 0x2c
100028a2:	942a      	str	r4, [sp, #168]	@ 0xa8
100028a4:	b01f      	add	sp, #124	@ 0x7c
100028a6:	e8bd 4ff0 	ldmia.w	sp!, {r4, r5, r6, r7, r8, r9, sl, fp, lr}
100028aa:	f7ff bcc9 	b.w	10002240 <_ftoa>
100028ae:	ea57 0302 	orrs.w	r3, r7, r2
100028b2:	d129      	bne.n	10002908 <_etoa+0x230>
100028b4:	2900      	cmp	r1, #0
100028b6:	f43f af5a 	beq.w	1000276e <_etoa+0x96>
100028ba:	2300      	movs	r3, #0
100028bc:	930e      	str	r3, [sp, #56]	@ 0x38
100028be:	9b0a      	ldr	r3, [sp, #40]	@ 0x28
100028c0:	9a0e      	ldr	r2, [sp, #56]	@ 0x38
100028c2:	4293      	cmp	r3, r2
100028c4:	f300 81ba 	bgt.w	10002c3c <_etoa+0x564>
100028c8:	2700      	movs	r7, #0
100028ca:	4650      	mov	r0, sl
100028cc:	4659      	mov	r1, fp
100028ce:	2200      	movs	r2, #0
100028d0:	2300      	movs	r3, #0
100028d2:	f7ff f929 	bl	10001b28 <__wrap___aeabi_dcmplt>
100028d6:	2800      	cmp	r0, #0
100028d8:	f040 8115 	bne.w	10002b06 <_etoa+0x42e>
100028dc:	ed9d 7b08 	vldr	d7, [sp, #32]
100028e0:	f428 6300 	bic.w	r3, r8, #2048	@ 0x800
100028e4:	f443 6380 	orr.w	r3, r3, #1024	@ 0x400
100028e8:	932c      	str	r3, [sp, #176]	@ 0xb0
100028ea:	ed8d 7b28 	vstr	d7, [sp, #160]	@ 0xa0
100028ee:	4633      	mov	r3, r6
100028f0:	4629      	mov	r1, r5
100028f2:	4620      	mov	r0, r4
100028f4:	e9cd 792a 	strd	r7, r9, [sp, #168]	@ 0xa8
100028f8:	9a0b      	ldr	r2, [sp, #44]	@ 0x2c
100028fa:	e7d3      	b.n	100028a4 <_etoa+0x1cc>
100028fc:	7fefffff 	.word	0x7fefffff
10002900:	cccccccd 	.word	0xcccccccd
10002904:	2306      	movs	r3, #6
10002906:	930a      	str	r3, [sp, #40]	@ 0x28
10002908:	9b0c      	ldr	r3, [sp, #48]	@ 0x30
1000290a:	f3c3 500a 	ubfx	r0, r3, #20, #11
1000290e:	f2a0 30ff 	subw	r0, r0, #1023	@ 0x3ff
10002912:	f7ff f8af 	bl	10001a74 <__wrap___aeabi_i2d>
10002916:	a3b2      	add	r3, pc, #712	@ (adr r3, 10002be0 <_etoa+0x508>)
10002918:	e9d3 2300 	ldrd	r2, r3, [r3]
1000291c:	f7ff f82a 	bl	10001974 <__wrap___aeabi_dmul>
10002920:	a3b1      	add	r3, pc, #708	@ (adr r3, 10002be8 <_etoa+0x510>)
10002922:	e9d3 2300 	ldrd	r2, r3, [r3]
10002926:	f7fe fffd 	bl	10001924 <__wrap___aeabi_dadd>
1000292a:	9b0c      	ldr	r3, [sp, #48]	@ 0x30
1000292c:	e9cd 010e 	strd	r0, r1, [sp, #56]	@ 0x38
10002930:	f3c3 0313 	ubfx	r3, r3, #0, #20
10002934:	f043 517f 	orr.w	r1, r3, #1069547520	@ 0x3fc00000
10002938:	4638      	mov	r0, r7
1000293a:	2200      	movs	r2, #0
1000293c:	4ba2      	ldr	r3, [pc, #648]	@ (10002bc8 <_etoa+0x4f0>)
1000293e:	f441 1140 	orr.w	r1, r1, #3145728	@ 0x300000
10002942:	f7ff f803 	bl	1000194c <__wrap___aeabi_dsub>
10002946:	a394      	add	r3, pc, #592	@ (adr r3, 10002b98 <_etoa+0x4c0>)
10002948:	e9d3 2300 	ldrd	r2, r3, [r3]
1000294c:	f7ff f812 	bl	10001974 <__wrap___aeabi_dmul>
10002950:	4602      	mov	r2, r0
10002952:	460b      	mov	r3, r1
10002954:	e9dd 010e 	ldrd	r0, r1, [sp, #56]	@ 0x38
10002958:	f7fe ffe4 	bl	10001924 <__wrap___aeabi_dadd>
1000295c:	f7ff f8ae 	bl	10001abc <__wrap___aeabi_d2iz>
10002960:	900e      	str	r0, [sp, #56]	@ 0x38
10002962:	f7ff f887 	bl	10001a74 <__wrap___aeabi_i2d>
10002966:	a38e      	add	r3, pc, #568	@ (adr r3, 10002ba0 <_etoa+0x4c8>)
10002968:	e9d3 2300 	ldrd	r2, r3, [r3]
1000296c:	e9cd 010c 	strd	r0, r1, [sp, #48]	@ 0x30
10002970:	f7ff f800 	bl	10001974 <__wrap___aeabi_dmul>
10002974:	2200      	movs	r2, #0
10002976:	4b95      	ldr	r3, [pc, #596]	@ (10002bcc <_etoa+0x4f4>)
10002978:	f7fe ffd4 	bl	10001924 <__wrap___aeabi_dadd>
1000297c:	f7ff f89e 	bl	10001abc <__wrap___aeabi_d2iz>
10002980:	a389      	add	r3, pc, #548	@ (adr r3, 10002ba8 <_etoa+0x4d0>)
10002982:	e9d3 2300 	ldrd	r2, r3, [r3]
10002986:	4607      	mov	r7, r0
10002988:	e9dd 010c 	ldrd	r0, r1, [sp, #48]	@ 0x30
1000298c:	f7fe fff2 	bl	10001974 <__wrap___aeabi_dmul>
10002990:	e9cd 010c 	strd	r0, r1, [sp, #48]	@ 0x30
10002994:	4638      	mov	r0, r7
10002996:	f7ff f86d 	bl	10001a74 <__wrap___aeabi_i2d>
1000299a:	a385      	add	r3, pc, #532	@ (adr r3, 10002bb0 <_etoa+0x4d8>)
1000299c:	e9d3 2300 	ldrd	r2, r3, [r3]
100029a0:	f7fe ffe8 	bl	10001974 <__wrap___aeabi_dmul>
100029a4:	4602      	mov	r2, r0
100029a6:	460b      	mov	r3, r1
100029a8:	e9dd 010c 	ldrd	r0, r1, [sp, #48]	@ 0x30
100029ac:	f7fe ffce 	bl	1000194c <__wrap___aeabi_dsub>
100029b0:	4602      	mov	r2, r0
100029b2:	460b      	mov	r3, r1
100029b4:	e9cd 230c 	strd	r2, r3, [sp, #48]	@ 0x30
100029b8:	f7fe ffdc 	bl	10001974 <__wrap___aeabi_dmul>
100029bc:	e9cd 0110 	strd	r0, r1, [sp, #64]	@ 0x40
100029c0:	e9dd 010c 	ldrd	r0, r1, [sp, #48]	@ 0x30
100029c4:	4602      	mov	r2, r0
100029c6:	460b      	mov	r3, r1
100029c8:	f7fe ffac 	bl	10001924 <__wrap___aeabi_dadd>
100029cc:	2200      	movs	r2, #0
100029ce:	e9cd 0112 	strd	r0, r1, [sp, #72]	@ 0x48
100029d2:	e9dd 0110 	ldrd	r0, r1, [sp, #64]	@ 0x40
100029d6:	4b7e      	ldr	r3, [pc, #504]	@ (10002bd0 <_etoa+0x4f8>)
100029d8:	f7fe fff0 	bl	100019bc <__wrap___aeabi_ddiv>
100029dc:	2200      	movs	r2, #0
100029de:	4b7d      	ldr	r3, [pc, #500]	@ (10002bd4 <_etoa+0x4fc>)
100029e0:	f7fe ffa0 	bl	10001924 <__wrap___aeabi_dadd>
100029e4:	4602      	mov	r2, r0
100029e6:	460b      	mov	r3, r1
100029e8:	e9dd 0110 	ldrd	r0, r1, [sp, #64]	@ 0x40
100029ec:	f7fe ffe6 	bl	100019bc <__wrap___aeabi_ddiv>
100029f0:	2200      	movs	r2, #0
100029f2:	4b79      	ldr	r3, [pc, #484]	@ (10002bd8 <_etoa+0x500>)
100029f4:	f7fe ff96 	bl	10001924 <__wrap___aeabi_dadd>
100029f8:	4602      	mov	r2, r0
100029fa:	460b      	mov	r3, r1
100029fc:	e9dd 0110 	ldrd	r0, r1, [sp, #64]	@ 0x40
10002a00:	f7fe ffdc 	bl	100019bc <__wrap___aeabi_ddiv>
10002a04:	e9cd 0110 	strd	r0, r1, [sp, #64]	@ 0x40
10002a08:	e9dd 230c 	ldrd	r2, r3, [sp, #48]	@ 0x30
10002a0c:	2000      	movs	r0, #0
10002a0e:	f04f 4180 	mov.w	r1, #1073741824	@ 0x40000000
10002a12:	f7fe ff9b 	bl	1000194c <__wrap___aeabi_dsub>
10002a16:	4602      	mov	r2, r0
10002a18:	460b      	mov	r3, r1
10002a1a:	e9dd 0110 	ldrd	r0, r1, [sp, #64]	@ 0x40
10002a1e:	f7fe ff81 	bl	10001924 <__wrap___aeabi_dadd>
10002a22:	4602      	mov	r2, r0
10002a24:	460b      	mov	r3, r1
10002a26:	e9dd 0112 	ldrd	r0, r1, [sp, #72]	@ 0x48
10002a2a:	f7fe ffc7 	bl	100019bc <__wrap___aeabi_ddiv>
10002a2e:	2200      	movs	r2, #0
10002a30:	4b6a      	ldr	r3, [pc, #424]	@ (10002bdc <_etoa+0x504>)
10002a32:	f7fe ff77 	bl	10001924 <__wrap___aeabi_dadd>
10002a36:	f207 3cff 	addw	ip, r7, #1023	@ 0x3ff
10002a3a:	2200      	movs	r2, #0
10002a3c:	ea4f 530c 	mov.w	r3, ip, lsl #20
10002a40:	f7fe ff98 	bl	10001974 <__wrap___aeabi_dmul>
10002a44:	4602      	mov	r2, r0
10002a46:	460b      	mov	r3, r1
10002a48:	e9dd 0108 	ldrd	r0, r1, [sp, #32]
10002a4c:	e9cd 230c 	strd	r2, r3, [sp, #48]	@ 0x30
10002a50:	f7ff f86a 	bl	10001b28 <__wrap___aeabi_dcmplt>
10002a54:	b150      	cbz	r0, 10002a6c <_etoa+0x394>
10002a56:	e9dd 010c 	ldrd	r0, r1, [sp, #48]	@ 0x30
10002a5a:	9b0e      	ldr	r3, [sp, #56]	@ 0x38
10002a5c:	2200      	movs	r2, #0
10002a5e:	3b01      	subs	r3, #1
10002a60:	930e      	str	r3, [sp, #56]	@ 0x38
10002a62:	4b5c      	ldr	r3, [pc, #368]	@ (10002bd4 <_etoa+0x4fc>)
10002a64:	f7fe ffaa 	bl	100019bc <__wrap___aeabi_ddiv>
10002a68:	e9cd 010c 	strd	r0, r1, [sp, #48]	@ 0x30
10002a6c:	e9dd 010c 	ldrd	r0, r1, [sp, #48]	@ 0x30
10002a70:	9b0e      	ldr	r3, [sp, #56]	@ 0x38
10002a72:	4602      	mov	r2, r0
10002a74:	3363      	adds	r3, #99	@ 0x63
10002a76:	2bc6      	cmp	r3, #198	@ 0xc6
10002a78:	f008 0302 	and.w	r3, r8, #2
10002a7c:	9310      	str	r3, [sp, #64]	@ 0x40
10002a7e:	9b14      	ldr	r3, [sp, #80]	@ 0x50
10002a80:	d82d      	bhi.n	10002ade <_etoa+0x406>
10002a82:	2b00      	cmp	r3, #0
10002a84:	d05f      	beq.n	10002b46 <_etoa+0x46e>
10002a86:	2304      	movs	r3, #4
10002a88:	9312      	str	r3, [sp, #72]	@ 0x48
10002a8a:	430a      	orrs	r2, r1
10002a8c:	f43f af17 	beq.w	100028be <_etoa+0x1e6>
10002a90:	e9dd 0108 	ldrd	r0, r1, [sp, #32]
10002a94:	a348      	add	r3, pc, #288	@ (adr r3, 10002bb8 <_etoa+0x4e0>)
10002a96:	e9d3 2300 	ldrd	r2, r3, [r3]
10002a9a:	f7ff f86d 	bl	10001b78 <__wrap___aeabi_dcmpge>
10002a9e:	b148      	cbz	r0, 10002ab4 <_etoa+0x3dc>
10002aa0:	e9dd 0108 	ldrd	r0, r1, [sp, #32]
10002aa4:	a346      	add	r3, pc, #280	@ (adr r3, 10002bc0 <_etoa+0x4e8>)
10002aa6:	e9d3 2300 	ldrd	r2, r3, [r3]
10002aaa:	f7ff f83d 	bl	10001b28 <__wrap___aeabi_dcmplt>
10002aae:	2800      	cmp	r0, #0
10002ab0:	f47f af05 	bne.w	100028be <_etoa+0x1e6>
10002ab4:	9b0a      	ldr	r3, [sp, #40]	@ 0x28
10002ab6:	2b00      	cmp	r3, #0
10002ab8:	d051      	beq.n	10002b5e <_etoa+0x486>
10002aba:	9a15      	ldr	r2, [sp, #84]	@ 0x54
10002abc:	2a00      	cmp	r2, #0
10002abe:	f000 80ac 	beq.w	10002c1a <_etoa+0x542>
10002ac2:	3b01      	subs	r3, #1
10002ac4:	930a      	str	r3, [sp, #40]	@ 0x28
10002ac6:	9b12      	ldr	r3, [sp, #72]	@ 0x48
10002ac8:	4599      	cmp	r9, r3
10002aca:	d905      	bls.n	10002ad8 <_etoa+0x400>
10002acc:	9b10      	ldr	r3, [sp, #64]	@ 0x40
10002ace:	2b00      	cmp	r3, #0
10002ad0:	f000 80af 	beq.w	10002c32 <_etoa+0x55a>
10002ad4:	2302      	movs	r3, #2
10002ad6:	9310      	str	r3, [sp, #64]	@ 0x40
10002ad8:	2300      	movs	r3, #0
10002ada:	9314      	str	r3, [sp, #80]	@ 0x50
10002adc:	e044      	b.n	10002b68 <_etoa+0x490>
10002ade:	bb2b      	cbnz	r3, 10002b2c <_etoa+0x454>
10002ae0:	f1b9 0f05 	cmp.w	r9, #5
10002ae4:	d94f      	bls.n	10002b86 <_etoa+0x4ae>
10002ae6:	f008 0302 	and.w	r3, r8, #2
10002aea:	2b00      	cmp	r3, #0
10002aec:	d149      	bne.n	10002b82 <_etoa+0x4aa>
10002aee:	2305      	movs	r3, #5
10002af0:	9312      	str	r3, [sp, #72]	@ 0x48
10002af2:	f1a9 0305 	sub.w	r3, r9, #5
10002af6:	9314      	str	r3, [sp, #80]	@ 0x50
10002af8:	e03a      	b.n	10002b70 <_etoa+0x498>
10002afa:	f10b 4300 	add.w	r3, fp, #2147483648	@ 0x80000000
10002afe:	f8cd a020 	str.w	sl, [sp, #32]
10002b02:	9309      	str	r3, [sp, #36]	@ 0x24
10002b04:	e61e      	b.n	10002744 <_etoa+0x6c>
10002b06:	f428 6300 	bic.w	r3, r8, #2048	@ 0x800
10002b0a:	f443 6380 	orr.w	r3, r3, #1024	@ 0x400
10002b0e:	4620      	mov	r0, r4
10002b10:	e9cd 792a 	strd	r7, r9, [sp, #168]	@ 0xa8
10002b14:	932c      	str	r3, [sp, #176]	@ 0xb0
10002b16:	4633      	mov	r3, r6
10002b18:	e9dd 6708 	ldrd	r6, r7, [sp, #32]
10002b1c:	4634      	mov	r4, r6
10002b1e:	4629      	mov	r1, r5
10002b20:	f107 4500 	add.w	r5, r7, #2147483648	@ 0x80000000
10002b24:	e9cd 4528 	strd	r4, r5, [sp, #160]	@ 0xa0
10002b28:	9a0b      	ldr	r2, [sp, #44]	@ 0x2c
10002b2a:	e6bb      	b.n	100028a4 <_etoa+0x1cc>
10002b2c:	2305      	movs	r3, #5
10002b2e:	9312      	str	r3, [sp, #72]	@ 0x48
10002b30:	e7ab      	b.n	10002a8a <_etoa+0x3b2>
10002b32:	2202      	movs	r2, #2
10002b34:	2300      	movs	r3, #0
10002b36:	9210      	str	r2, [sp, #64]	@ 0x40
10002b38:	2204      	movs	r2, #4
10002b3a:	9314      	str	r3, [sp, #80]	@ 0x50
10002b3c:	9212      	str	r2, [sp, #72]	@ 0x48
10002b3e:	930e      	str	r3, [sp, #56]	@ 0x38
10002b40:	e623      	b.n	1000278a <_etoa+0xb2>
10002b42:	2705      	movs	r7, #5
10002b44:	e6c1      	b.n	100028ca <_etoa+0x1f2>
10002b46:	f1b9 0f04 	cmp.w	r9, #4
10002b4a:	d91f      	bls.n	10002b8c <_etoa+0x4b4>
10002b4c:	9b10      	ldr	r3, [sp, #64]	@ 0x40
10002b4e:	2b00      	cmp	r3, #0
10002b50:	d177      	bne.n	10002c42 <_etoa+0x56a>
10002b52:	2304      	movs	r3, #4
10002b54:	9312      	str	r3, [sp, #72]	@ 0x48
10002b56:	f1a9 0304 	sub.w	r3, r9, #4
10002b5a:	9314      	str	r3, [sp, #80]	@ 0x50
10002b5c:	e004      	b.n	10002b68 <_etoa+0x490>
10002b5e:	9b12      	ldr	r3, [sp, #72]	@ 0x48
10002b60:	4599      	cmp	r9, r3
10002b62:	d85f      	bhi.n	10002c24 <_etoa+0x54c>
10002b64:	9b0a      	ldr	r3, [sp, #40]	@ 0x28
10002b66:	9314      	str	r3, [sp, #80]	@ 0x50
10002b68:	9b0e      	ldr	r3, [sp, #56]	@ 0x38
10002b6a:	2b00      	cmp	r3, #0
10002b6c:	f43f ae0d 	beq.w	1000278a <_etoa+0xb2>
10002b70:	e9dd 0108 	ldrd	r0, r1, [sp, #32]
10002b74:	e9dd 230c 	ldrd	r2, r3, [sp, #48]	@ 0x30
10002b78:	f7fe ff20 	bl	100019bc <__wrap___aeabi_ddiv>
10002b7c:	e9cd 0108 	strd	r0, r1, [sp, #32]
10002b80:	e603      	b.n	1000278a <_etoa+0xb2>
10002b82:	2302      	movs	r3, #2
10002b84:	9310      	str	r3, [sp, #64]	@ 0x40
10002b86:	2305      	movs	r3, #5
10002b88:	9312      	str	r3, [sp, #72]	@ 0x48
10002b8a:	e7f1      	b.n	10002b70 <_etoa+0x498>
10002b8c:	2304      	movs	r3, #4
10002b8e:	9312      	str	r3, [sp, #72]	@ 0x48
10002b90:	e7ea      	b.n	10002b68 <_etoa+0x490>
10002b92:	bf00      	nop
10002b94:	f3af 8000 	nop.w
10002b98:	636f4361 	.word	0x636f4361
10002b9c:	3fd287a7 	.word	0x3fd287a7
10002ba0:	0979a371 	.word	0x0979a371
10002ba4:	400a934f 	.word	0x400a934f
10002ba8:	bbb55516 	.word	0xbbb55516
10002bac:	40026bb1 	.word	0x40026bb1
10002bb0:	fefa39ef 	.word	0xfefa39ef
10002bb4:	3fe62e42 	.word	0x3fe62e42
10002bb8:	eb1c432d 	.word	0xeb1c432d
10002bbc:	3f1a36e2 	.word	0x3f1a36e2
10002bc0:	00000000 	.word	0x00000000
10002bc4:	412e8480 	.word	0x412e8480
10002bc8:	3ff80000 	.word	0x3ff80000
10002bcc:	3fe00000 	.word	0x3fe00000
10002bd0:	402c0000 	.word	0x402c0000
10002bd4:	40240000 	.word	0x40240000
10002bd8:	40180000 	.word	0x40180000
10002bdc:	3ff00000 	.word	0x3ff00000
10002be0:	509f79fb 	.word	0x509f79fb
10002be4:	3fd34413 	.word	0x3fd34413
10002be8:	8b60c8b3 	.word	0x8b60c8b3
10002bec:	3fc68a28 	.word	0x3fc68a28
10002bf0:	9b14      	ldr	r3, [sp, #80]	@ 0x50
10002bf2:	e9dd a708 	ldrd	sl, r7, [sp, #32]
10002bf6:	9303      	str	r3, [sp, #12]
10002bf8:	9b0a      	ldr	r3, [sp, #40]	@ 0x28
10002bfa:	f107 4b00 	add.w	fp, r7, #2147483648	@ 0x80000000
10002bfe:	9302      	str	r3, [sp, #8]
10002c00:	f428 6300 	bic.w	r3, r8, #2048	@ 0x800
10002c04:	9a0b      	ldr	r2, [sp, #44]	@ 0x2c
10002c06:	9304      	str	r3, [sp, #16]
10002c08:	4629      	mov	r1, r5
10002c0a:	4633      	mov	r3, r6
10002c0c:	4620      	mov	r0, r4
10002c0e:	e9cd ab00 	strd	sl, fp, [sp]
10002c12:	f7ff fb15 	bl	10002240 <_ftoa>
10002c16:	4602      	mov	r2, r0
10002c18:	e5d2      	b.n	100027c0 <_etoa+0xe8>
10002c1a:	9b12      	ldr	r3, [sp, #72]	@ 0x48
10002c1c:	4599      	cmp	r9, r3
10002c1e:	d815      	bhi.n	10002c4c <_etoa+0x574>
10002c20:	9214      	str	r2, [sp, #80]	@ 0x50
10002c22:	e7a1      	b.n	10002b68 <_etoa+0x490>
10002c24:	9b10      	ldr	r3, [sp, #64]	@ 0x40
10002c26:	b123      	cbz	r3, 10002c32 <_etoa+0x55a>
10002c28:	9b0a      	ldr	r3, [sp, #40]	@ 0x28
10002c2a:	9314      	str	r3, [sp, #80]	@ 0x50
10002c2c:	2302      	movs	r3, #2
10002c2e:	9310      	str	r3, [sp, #64]	@ 0x40
10002c30:	e79a      	b.n	10002b68 <_etoa+0x490>
10002c32:	9b12      	ldr	r3, [sp, #72]	@ 0x48
10002c34:	eba9 0303 	sub.w	r3, r9, r3
10002c38:	9314      	str	r3, [sp, #80]	@ 0x50
10002c3a:	e795      	b.n	10002b68 <_etoa+0x490>
10002c3c:	1a9b      	subs	r3, r3, r2
10002c3e:	1e5f      	subs	r7, r3, #1
10002c40:	e643      	b.n	100028ca <_etoa+0x1f2>
10002c42:	2304      	movs	r3, #4
10002c44:	9312      	str	r3, [sp, #72]	@ 0x48
10002c46:	2302      	movs	r3, #2
10002c48:	9310      	str	r3, [sp, #64]	@ 0x40
10002c4a:	e78d      	b.n	10002b68 <_etoa+0x490>
10002c4c:	9b10      	ldr	r3, [sp, #64]	@ 0x40
10002c4e:	2b00      	cmp	r3, #0
10002c50:	d0ef      	beq.n	10002c32 <_etoa+0x55a>
10002c52:	2302      	movs	r3, #2
10002c54:	9214      	str	r2, [sp, #80]	@ 0x50
10002c56:	9310      	str	r3, [sp, #64]	@ 0x40
10002c58:	e786      	b.n	10002b68 <_etoa+0x490>
10002c5a:	bf00      	nop

10002c5c <_vsnprintf>:
10002c5c:	e92d 4ff0 	stmdb	sp!, {r4, r5, r6, r7, r8, r9, sl, fp, lr}
10002c60:	4691      	mov	r9, r2
10002c62:	4c9a      	ldr	r4, [pc, #616]	@ (10002ecc <_vsnprintf+0x270>)
10002c64:	4a9a      	ldr	r2, [pc, #616]	@ (10002ed0 <_vsnprintf+0x274>)
10002c66:	f1b1 0a00 	subs.w	sl, r1, #0
10002c6a:	b09b      	sub	sp, #108	@ 0x6c
10002c6c:	bf18      	it	ne
10002c6e:	4683      	movne	fp, r0
10002c70:	6014      	str	r4, [r2, #0]
10002c72:	7818      	ldrb	r0, [r3, #0]
10002c74:	4a97      	ldr	r2, [pc, #604]	@ (10002ed4 <_vsnprintf+0x278>)
10002c76:	f8dd 8090 	ldr.w	r8, [sp, #144]	@ 0x90
10002c7a:	bf08      	it	eq
10002c7c:	4693      	moveq	fp, r2
10002c7e:	2800      	cmp	r0, #0
10002c80:	f000 828a 	beq.w	10003198 <_vsnprintf+0x53c>
10002c84:	461d      	mov	r5, r3
10002c86:	2600      	movs	r6, #0
10002c88:	f8cd 9020 	str.w	r9, [sp, #32]
10002c8c:	e008      	b.n	10002ca0 <_vsnprintf+0x44>
10002c8e:	4632      	mov	r2, r6
10002c90:	4651      	mov	r1, sl
10002c92:	9b08      	ldr	r3, [sp, #32]
10002c94:	47d8      	blx	fp
10002c96:	3601      	adds	r6, #1
10002c98:	7828      	ldrb	r0, [r5, #0]
10002c9a:	2800      	cmp	r0, #0
10002c9c:	f000 80c7 	beq.w	10002e2e <_vsnprintf+0x1d2>
10002ca0:	2825      	cmp	r0, #37	@ 0x25
10002ca2:	f105 0501 	add.w	r5, r5, #1
10002ca6:	d1f2      	bne.n	10002c8e <_vsnprintf+0x32>
10002ca8:	2200      	movs	r2, #0
10002caa:	462b      	mov	r3, r5
10002cac:	f813 1b01 	ldrb.w	r1, [r3], #1
10002cb0:	f1a1 0020 	sub.w	r0, r1, #32
10002cb4:	2810      	cmp	r0, #16
10002cb6:	d80a      	bhi.n	10002cce <_vsnprintf+0x72>
10002cb8:	e8df f000 	tbb	[pc, r0]
10002cbc:	3b09093f 	.word	0x3b09093f
10002cc0:	09090909 	.word	0x09090909
10002cc4:	37090909 	.word	0x37090909
10002cc8:	09093309 	.word	0x09093309
10002ccc:	2f          	.byte	0x2f
10002ccd:	00          	.byte	0x00
10002cce:	f1a1 0030 	sub.w	r0, r1, #48	@ 0x30
10002cd2:	2809      	cmp	r0, #9
10002cd4:	f240 8089 	bls.w	10002dea <_vsnprintf+0x18e>
10002cd8:	292a      	cmp	r1, #42	@ 0x2a
10002cda:	f000 80e9 	beq.w	10002eb0 <_vsnprintf+0x254>
10002cde:	2400      	movs	r4, #0
10002ce0:	292e      	cmp	r1, #46	@ 0x2e
10002ce2:	f000 8094 	beq.w	10002e0e <_vsnprintf+0x1b2>
10002ce6:	2700      	movs	r7, #0
10002ce8:	f1a1 0068 	sub.w	r0, r1, #104	@ 0x68
10002cec:	2812      	cmp	r0, #18
10002cee:	d82c      	bhi.n	10002d4a <_vsnprintf+0xee>
10002cf0:	e8df f010 	tbh	[pc, r0, lsl #1]
10002cf4:	002b014e 	.word	0x002b014e
10002cf8:	002b0149 	.word	0x002b0149
10002cfc:	002b0140 	.word	0x002b0140
10002d00:	002b002b 	.word	0x002b002b
10002d04:	002b002b 	.word	0x002b002b
10002d08:	002b002b 	.word	0x002b002b
10002d0c:	002b0027 	.word	0x002b0027
10002d10:	002b002b 	.word	0x002b002b
10002d14:	002b002b 	.word	0x002b002b
10002d18:	0027      	.short	0x0027
10002d1a:	461d      	mov	r5, r3
10002d1c:	f042 0201 	orr.w	r2, r2, #1
10002d20:	e7c3      	b.n	10002caa <_vsnprintf+0x4e>
10002d22:	461d      	mov	r5, r3
10002d24:	f042 0202 	orr.w	r2, r2, #2
10002d28:	e7bf      	b.n	10002caa <_vsnprintf+0x4e>
10002d2a:	461d      	mov	r5, r3
10002d2c:	f042 0204 	orr.w	r2, r2, #4
10002d30:	e7bb      	b.n	10002caa <_vsnprintf+0x4e>
10002d32:	461d      	mov	r5, r3
10002d34:	f042 0210 	orr.w	r2, r2, #16
10002d38:	e7b7      	b.n	10002caa <_vsnprintf+0x4e>
10002d3a:	461d      	mov	r5, r3
10002d3c:	f042 0208 	orr.w	r2, r2, #8
10002d40:	e7b3      	b.n	10002caa <_vsnprintf+0x4e>
10002d42:	7869      	ldrb	r1, [r5, #1]
10002d44:	f442 7280 	orr.w	r2, r2, #256	@ 0x100
10002d48:	3301      	adds	r3, #1
10002d4a:	2967      	cmp	r1, #103	@ 0x67
10002d4c:	461d      	mov	r5, r3
10002d4e:	d87e      	bhi.n	10002e4e <_vsnprintf+0x1f2>
10002d50:	2924      	cmp	r1, #36	@ 0x24
10002d52:	f240 80b8 	bls.w	10002ec6 <_vsnprintf+0x26a>
10002d56:	f1a1 0325 	sub.w	r3, r1, #37	@ 0x25
10002d5a:	2b42      	cmp	r3, #66	@ 0x42
10002d5c:	f200 80b3 	bhi.w	10002ec6 <_vsnprintf+0x26a>
10002d60:	e8df f013 	tbh	[pc, r3, lsl #1]
10002d64:	00b10151 	.word	0x00b10151
10002d68:	00b100b1 	.word	0x00b100b1
10002d6c:	00b100b1 	.word	0x00b100b1
10002d70:	00b100b1 	.word	0x00b100b1
10002d74:	00b100b1 	.word	0x00b100b1
10002d78:	00b100b1 	.word	0x00b100b1
10002d7c:	00b100b1 	.word	0x00b100b1
10002d80:	00b100b1 	.word	0x00b100b1
10002d84:	00b100b1 	.word	0x00b100b1
10002d88:	00b100b1 	.word	0x00b100b1
10002d8c:	00b100b1 	.word	0x00b100b1
10002d90:	00b100b1 	.word	0x00b100b1
10002d94:	00b100b1 	.word	0x00b100b1
10002d98:	00b100b1 	.word	0x00b100b1
10002d9c:	00b100b1 	.word	0x00b100b1
10002da0:	00b100b1 	.word	0x00b100b1
10002da4:	013a011e 	.word	0x013a011e
10002da8:	00b1011e 	.word	0x00b1011e
10002dac:	00b100b1 	.word	0x00b100b1
10002db0:	00b100b1 	.word	0x00b100b1
10002db4:	00b100b1 	.word	0x00b100b1
10002db8:	00b100b1 	.word	0x00b100b1
10002dbc:	00b100b1 	.word	0x00b100b1
10002dc0:	00b100b1 	.word	0x00b100b1
10002dc4:	00b100b1 	.word	0x00b100b1
10002dc8:	01b400b1 	.word	0x01b400b1
10002dcc:	00b100b1 	.word	0x00b100b1
10002dd0:	00b100b1 	.word	0x00b100b1
10002dd4:	00b100b1 	.word	0x00b100b1
10002dd8:	00b100b1 	.word	0x00b100b1
10002ddc:	01b400b1 	.word	0x01b400b1
10002de0:	01b40158 	.word	0x01b40158
10002de4:	013a011e 	.word	0x013a011e
10002de8:	011e      	.short	0x011e
10002dea:	2400      	movs	r4, #0
10002dec:	eb04 0484 	add.w	r4, r4, r4, lsl #2
10002df0:	eb01 0444 	add.w	r4, r1, r4, lsl #1
10002df4:	7819      	ldrb	r1, [r3, #0]
10002df6:	461d      	mov	r5, r3
10002df8:	f1a1 0030 	sub.w	r0, r1, #48	@ 0x30
10002dfc:	2809      	cmp	r0, #9
10002dfe:	f1a4 0430 	sub.w	r4, r4, #48	@ 0x30
10002e02:	f103 0301 	add.w	r3, r3, #1
10002e06:	d9f1      	bls.n	10002dec <_vsnprintf+0x190>
10002e08:	292e      	cmp	r1, #46	@ 0x2e
10002e0a:	f47f af6c 	bne.w	10002ce6 <_vsnprintf+0x8a>
10002e0e:	7869      	ldrb	r1, [r5, #1]
10002e10:	4618      	mov	r0, r3
10002e12:	f1a1 0730 	sub.w	r7, r1, #48	@ 0x30
10002e16:	2f09      	cmp	r7, #9
10002e18:	f442 6280 	orr.w	r2, r2, #1024	@ 0x400
10002e1c:	f240 8125 	bls.w	1000306a <_vsnprintf+0x40e>
10002e20:	292a      	cmp	r1, #42	@ 0x2a
10002e22:	f000 8132 	beq.w	1000308a <_vsnprintf+0x42e>
10002e26:	461d      	mov	r5, r3
10002e28:	2700      	movs	r7, #0
10002e2a:	3301      	adds	r3, #1
10002e2c:	e75c      	b.n	10002ce8 <_vsnprintf+0x8c>
10002e2e:	4634      	mov	r4, r6
10002e30:	f8dd 9020 	ldr.w	r9, [sp, #32]
10002e34:	45b1      	cmp	r9, r6
10002e36:	d801      	bhi.n	10002e3c <_vsnprintf+0x1e0>
10002e38:	f109 36ff 	add.w	r6, r9, #4294967295	@ 0xffffffff
10002e3c:	464b      	mov	r3, r9
10002e3e:	4632      	mov	r2, r6
10002e40:	4651      	mov	r1, sl
10002e42:	2000      	movs	r0, #0
10002e44:	47d8      	blx	fp
10002e46:	4620      	mov	r0, r4
10002e48:	b01b      	add	sp, #108	@ 0x6c
10002e4a:	e8bd 8ff0 	ldmia.w	sp!, {r4, r5, r6, r7, r8, r9, sl, fp, pc}
10002e4e:	f1a1 0369 	sub.w	r3, r1, #105	@ 0x69
10002e52:	b2db      	uxtb	r3, r3
10002e54:	2b0f      	cmp	r3, #15
10002e56:	d836      	bhi.n	10002ec6 <_vsnprintf+0x26a>
10002e58:	2001      	movs	r0, #1
10002e5a:	f249 0c41 	movw	ip, #36929	@ 0x9041
10002e5e:	4098      	lsls	r0, r3
10002e60:	ea10 000c 	ands.w	r0, r0, ip
10002e64:	f040 80f4 	bne.w	10003050 <_vsnprintf+0x3f4>
10002e68:	2b0a      	cmp	r3, #10
10002e6a:	d035      	beq.n	10002ed8 <_vsnprintf+0x27c>
10002e6c:	2b07      	cmp	r3, #7
10002e6e:	d12a      	bne.n	10002ec6 <_vsnprintf+0x26a>
10002e70:	f858 1b04 	ldr.w	r1, [r8], #4
10002e74:	2900      	cmp	r1, #0
10002e76:	f040 8110 	bne.w	1000309a <_vsnprintf+0x43e>
10002e7a:	f022 0410 	bic.w	r4, r2, #16
10002e7e:	f412 6180 	ands.w	r1, r2, #1024	@ 0x400
10002e82:	f044 0421 	orr.w	r4, r4, #33	@ 0x21
10002e86:	f000 810a 	beq.w	1000309e <_vsnprintf+0x442>
10002e8a:	aa12      	add	r2, sp, #72	@ 0x48
10002e8c:	2308      	movs	r3, #8
10002e8e:	9305      	str	r3, [sp, #20]
10002e90:	2310      	movs	r3, #16
10002e92:	e9cd 2000 	strd	r2, r0, [sp]
10002e96:	4632      	mov	r2, r6
10002e98:	9406      	str	r4, [sp, #24]
10002e9a:	9704      	str	r7, [sp, #16]
10002e9c:	9303      	str	r3, [sp, #12]
10002e9e:	2300      	movs	r3, #0
10002ea0:	9302      	str	r3, [sp, #8]
10002ea2:	4651      	mov	r1, sl
10002ea4:	4658      	mov	r0, fp
10002ea6:	9b08      	ldr	r3, [sp, #32]
10002ea8:	f7ff f8d0 	bl	1000204c <_ntoa_format>
10002eac:	4606      	mov	r6, r0
10002eae:	e6f3      	b.n	10002c98 <_vsnprintf+0x3c>
10002eb0:	f858 4b04 	ldr.w	r4, [r8], #4
10002eb4:	7869      	ldrb	r1, [r5, #1]
10002eb6:	2c00      	cmp	r4, #0
10002eb8:	461d      	mov	r5, r3
10002eba:	bfbc      	itt	lt
10002ebc:	f042 0202 	orrlt.w	r2, r2, #2
10002ec0:	4264      	neglt	r4, r4
10002ec2:	3301      	adds	r3, #1
10002ec4:	e70c      	b.n	10002ce0 <_vsnprintf+0x84>
10002ec6:	4608      	mov	r0, r1
10002ec8:	e6e1      	b.n	10002c8e <_vsnprintf+0x32>
10002eca:	bf00      	nop
10002ecc:	10002c5d 	.word	0x10002c5d
10002ed0:	20001ee8 	.word	0x20001ee8
10002ed4:	10001fa1 	.word	0x10001fa1
10002ed8:	f858 9b04 	ldr.w	r9, [r8], #4
10002edc:	2f00      	cmp	r7, #0
10002ede:	f899 0000 	ldrb.w	r0, [r9]
10002ee2:	bf14      	ite	ne
10002ee4:	463b      	movne	r3, r7
10002ee6:	f04f 33ff 	moveq.w	r3, #4294967295	@ 0xffffffff
10002eea:	2800      	cmp	r0, #0
10002eec:	f000 8382 	beq.w	100035f4 <_vsnprintf+0x998>
10002ef0:	4649      	mov	r1, r9
10002ef2:	eb03 0c09 	add.w	ip, r3, r9
10002ef6:	e004      	b.n	10002f02 <_vsnprintf+0x2a6>
10002ef8:	f811 3f01 	ldrb.w	r3, [r1, #1]!
10002efc:	2b00      	cmp	r3, #0
10002efe:	f000 8143 	beq.w	10003188 <_vsnprintf+0x52c>
10002f02:	458c      	cmp	ip, r1
10002f04:	d1f8      	bne.n	10002ef8 <_vsnprintf+0x29c>
10002f06:	ebac 0109 	sub.w	r1, ip, r9
10002f0a:	0553      	lsls	r3, r2, #21
10002f0c:	f140 8120 	bpl.w	10003150 <_vsnprintf+0x4f4>
10002f10:	42b9      	cmp	r1, r7
10002f12:	bf28      	it	cs
10002f14:	4639      	movcs	r1, r7
10002f16:	f012 0302 	ands.w	r3, r2, #2
10002f1a:	f000 8283 	beq.w	10003424 <_vsnprintf+0x7c8>
10002f1e:	2302      	movs	r3, #2
10002f20:	e9cd 4809 	strd	r4, r8, [sp, #36]	@ 0x24
10002f24:	4632      	mov	r2, r6
10002f26:	4688      	mov	r8, r1
10002f28:	9c08      	ldr	r4, [sp, #32]
10002f2a:	4437      	add	r7, r6
10002f2c:	930b      	str	r3, [sp, #44]	@ 0x2c
10002f2e:	e007      	b.n	10002f40 <_vsnprintf+0x2e4>
10002f30:	4623      	mov	r3, r4
10002f32:	4651      	mov	r1, sl
10002f34:	47d8      	blx	fp
10002f36:	f819 0f01 	ldrb.w	r0, [r9, #1]!
10002f3a:	3601      	adds	r6, #1
10002f3c:	b110      	cbz	r0, 10002f44 <_vsnprintf+0x2e8>
10002f3e:	4632      	mov	r2, r6
10002f40:	42b7      	cmp	r7, r6
10002f42:	d1f5      	bne.n	10002f30 <_vsnprintf+0x2d4>
10002f44:	9b0b      	ldr	r3, [sp, #44]	@ 0x2c
10002f46:	4641      	mov	r1, r8
10002f48:	9c09      	ldr	r4, [sp, #36]	@ 0x24
10002f4a:	f8dd 8028 	ldr.w	r8, [sp, #40]	@ 0x28
10002f4e:	2b00      	cmp	r3, #0
10002f50:	f43f aea2 	beq.w	10002c98 <_vsnprintf+0x3c>
10002f54:	4637      	mov	r7, r6
10002f56:	428c      	cmp	r4, r1
10002f58:	f67f ae9e 	bls.w	10002c98 <_vsnprintf+0x3c>
10002f5c:	4426      	add	r6, r4
10002f5e:	9c08      	ldr	r4, [sp, #32]
10002f60:	1a76      	subs	r6, r6, r1
10002f62:	463a      	mov	r2, r7
10002f64:	4623      	mov	r3, r4
10002f66:	4651      	mov	r1, sl
10002f68:	2020      	movs	r0, #32
10002f6a:	3701      	adds	r7, #1
10002f6c:	47d8      	blx	fp
10002f6e:	42b7      	cmp	r7, r6
10002f70:	d1f7      	bne.n	10002f62 <_vsnprintf+0x306>
10002f72:	e691      	b.n	10002c98 <_vsnprintf+0x3c>
10002f74:	7869      	ldrb	r1, [r5, #1]
10002f76:	296c      	cmp	r1, #108	@ 0x6c
10002f78:	f47f aee4 	bne.w	10002d44 <_vsnprintf+0xe8>
10002f7c:	78a9      	ldrb	r1, [r5, #2]
10002f7e:	f442 7240 	orr.w	r2, r2, #768	@ 0x300
10002f82:	1ceb      	adds	r3, r5, #3
10002f84:	e6e1      	b.n	10002d4a <_vsnprintf+0xee>
10002f86:	7869      	ldrb	r1, [r5, #1]
10002f88:	f442 7200 	orr.w	r2, r2, #512	@ 0x200
10002f8c:	3301      	adds	r3, #1
10002f8e:	e6dc      	b.n	10002d4a <_vsnprintf+0xee>
10002f90:	7869      	ldrb	r1, [r5, #1]
10002f92:	2968      	cmp	r1, #104	@ 0x68
10002f94:	f000 80fb 	beq.w	1000318e <_vsnprintf+0x532>
10002f98:	f042 0280 	orr.w	r2, r2, #128	@ 0x80
10002f9c:	3301      	adds	r3, #1
10002f9e:	e6d4      	b.n	10002d4a <_vsnprintf+0xee>
10002fa0:	2967      	cmp	r1, #103	@ 0x67
10002fa2:	f000 80c9 	beq.w	10003138 <_vsnprintf+0x4dc>
10002fa6:	2947      	cmp	r1, #71	@ 0x47
10002fa8:	f000 80cd 	beq.w	10003146 <_vsnprintf+0x4ea>
10002fac:	2945      	cmp	r1, #69	@ 0x45
10002fae:	f000 80cc 	beq.w	1000314a <_vsnprintf+0x4ee>
10002fb2:	e9cd 4203 	strd	r4, r2, [sp, #12]
10002fb6:	f108 0807 	add.w	r8, r8, #7
10002fba:	9702      	str	r7, [sp, #8]
10002fbc:	f028 0807 	bic.w	r8, r8, #7
10002fc0:	4632      	mov	r2, r6
10002fc2:	e8f8 6702 	ldrd	r6, r7, [r8], #8
10002fc6:	4651      	mov	r1, sl
10002fc8:	e9cd 6700 	strd	r6, r7, [sp]
10002fcc:	4658      	mov	r0, fp
10002fce:	9b08      	ldr	r3, [sp, #32]
10002fd0:	f7ff fb82 	bl	100026d8 <_etoa>
10002fd4:	4606      	mov	r6, r0
10002fd6:	e65f      	b.n	10002c98 <_vsnprintf+0x3c>
10002fd8:	2946      	cmp	r1, #70	@ 0x46
10002fda:	bf08      	it	eq
10002fdc:	f042 0220 	orreq.w	r2, r2, #32
10002fe0:	e9cd 4203 	strd	r4, r2, [sp, #12]
10002fe4:	f108 0807 	add.w	r8, r8, #7
10002fe8:	9702      	str	r7, [sp, #8]
10002fea:	f028 0807 	bic.w	r8, r8, #7
10002fee:	4632      	mov	r2, r6
10002ff0:	e8f8 6702 	ldrd	r6, r7, [r8], #8
10002ff4:	4651      	mov	r1, sl
10002ff6:	e9cd 6700 	strd	r6, r7, [sp]
10002ffa:	4658      	mov	r0, fp
10002ffc:	9b08      	ldr	r3, [sp, #32]
10002ffe:	f7ff f91f 	bl	10002240 <_ftoa>
10003002:	4606      	mov	r6, r0
10003004:	e648      	b.n	10002c98 <_vsnprintf+0x3c>
10003006:	4632      	mov	r2, r6
10003008:	4651      	mov	r1, sl
1000300a:	2025      	movs	r0, #37	@ 0x25
1000300c:	9b08      	ldr	r3, [sp, #32]
1000300e:	47d8      	blx	fp
10003010:	3601      	adds	r6, #1
10003012:	e641      	b.n	10002c98 <_vsnprintf+0x3c>
10003014:	f108 0304 	add.w	r3, r8, #4
10003018:	0792      	lsls	r2, r2, #30
1000301a:	9309      	str	r3, [sp, #36]	@ 0x24
1000301c:	f106 0701 	add.w	r7, r6, #1
10003020:	f140 80c3 	bpl.w	100031aa <_vsnprintf+0x54e>
10003024:	4632      	mov	r2, r6
10003026:	4651      	mov	r1, sl
10003028:	f898 0000 	ldrb.w	r0, [r8]
1000302c:	9b08      	ldr	r3, [sp, #32]
1000302e:	47d8      	blx	fp
10003030:	2c01      	cmp	r4, #1
10003032:	f240 81b4 	bls.w	1000339e <_vsnprintf+0x742>
10003036:	4426      	add	r6, r4
10003038:	9c08      	ldr	r4, [sp, #32]
1000303a:	463a      	mov	r2, r7
1000303c:	4623      	mov	r3, r4
1000303e:	4651      	mov	r1, sl
10003040:	2020      	movs	r0, #32
10003042:	3701      	adds	r7, #1
10003044:	47d8      	blx	fp
10003046:	42b7      	cmp	r7, r6
10003048:	d1f7      	bne.n	1000303a <_vsnprintf+0x3de>
1000304a:	f8dd 8024 	ldr.w	r8, [sp, #36]	@ 0x24
1000304e:	e623      	b.n	10002c98 <_vsnprintf+0x3c>
10003050:	296f      	cmp	r1, #111	@ 0x6f
10003052:	d074      	beq.n	1000313e <_vsnprintf+0x4e2>
10003054:	f240 8241 	bls.w	100034da <_vsnprintf+0x87e>
10003058:	2978      	cmp	r1, #120	@ 0x78
1000305a:	f000 8186 	beq.w	1000336a <_vsnprintf+0x70e>
1000305e:	f04f 090a 	mov.w	r9, #10
10003062:	f022 0210 	bic.w	r2, r2, #16
10003066:	464b      	mov	r3, r9
10003068:	e038      	b.n	100030dc <_vsnprintf+0x480>
1000306a:	2700      	movs	r7, #0
1000306c:	eb07 0787 	add.w	r7, r7, r7, lsl #2
10003070:	eb01 0147 	add.w	r1, r1, r7, lsl #1
10003074:	f1a1 0730 	sub.w	r7, r1, #48	@ 0x30
10003078:	f810 1f01 	ldrb.w	r1, [r0, #1]!
1000307c:	f1a1 0330 	sub.w	r3, r1, #48	@ 0x30
10003080:	2b09      	cmp	r3, #9
10003082:	d9f3      	bls.n	1000306c <_vsnprintf+0x410>
10003084:	4605      	mov	r5, r0
10003086:	1c43      	adds	r3, r0, #1
10003088:	e62e      	b.n	10002ce8 <_vsnprintf+0x8c>
1000308a:	f858 7b04 	ldr.w	r7, [r8], #4
1000308e:	78a9      	ldrb	r1, [r5, #2]
10003090:	3502      	adds	r5, #2
10003092:	1c6b      	adds	r3, r5, #1
10003094:	ea27 77e7 	bic.w	r7, r7, r7, asr #31
10003098:	e626      	b.n	10002ce8 <_vsnprintf+0x8c>
1000309a:	f042 0421 	orr.w	r4, r2, #33	@ 0x21
1000309e:	aa12      	add	r2, sp, #72	@ 0x48
100030a0:	4694      	mov	ip, r2
100030a2:	e002      	b.n	100030aa <_vsnprintf+0x44e>
100030a4:	2820      	cmp	r0, #32
100030a6:	f43f aef1 	beq.w	10002e8c <_vsnprintf+0x230>
100030aa:	f001 030f 	and.w	r3, r1, #15
100030ae:	2b09      	cmp	r3, #9
100030b0:	bf94      	ite	ls
100030b2:	3330      	addls	r3, #48	@ 0x30
100030b4:	3337      	addhi	r3, #55	@ 0x37
100030b6:	290f      	cmp	r1, #15
100030b8:	f88c 3000 	strb.w	r3, [ip]
100030bc:	f100 0001 	add.w	r0, r0, #1
100030c0:	f10c 0c01 	add.w	ip, ip, #1
100030c4:	ea4f 1111 	mov.w	r1, r1, lsr #4
100030c8:	d8ec      	bhi.n	100030a4 <_vsnprintf+0x448>
100030ca:	e6df      	b.n	10002e8c <_vsnprintf+0x230>
100030cc:	2958      	cmp	r1, #88	@ 0x58
100030ce:	d066      	beq.n	1000319e <_vsnprintf+0x542>
100030d0:	2962      	cmp	r1, #98	@ 0x62
100030d2:	f040 8089 	bne.w	100031e8 <_vsnprintf+0x58c>
100030d6:	f04f 0902 	mov.w	r9, #2
100030da:	464b      	mov	r3, r9
100030dc:	f412 6c80 	ands.w	ip, r2, #1024	@ 0x400
100030e0:	f000 80d4 	beq.w	1000328c <_vsnprintf+0x630>
100030e4:	f022 020d 	bic.w	r2, r2, #13
100030e8:	9209      	str	r2, [sp, #36]	@ 0x24
100030ea:	f412 7100 	ands.w	r1, r2, #512	@ 0x200
100030ee:	f040 817b 	bne.w	100033e8 <_vsnprintf+0x78c>
100030f2:	f412 7080 	ands.w	r0, r2, #256	@ 0x100
100030f6:	f108 0904 	add.w	r9, r8, #4
100030fa:	f040 8238 	bne.w	1000356e <_vsnprintf+0x912>
100030fe:	0651      	lsls	r1, r2, #25
10003100:	f140 813a 	bpl.w	10003378 <_vsnprintf+0x71c>
10003104:	f898 1000 	ldrb.w	r1, [r8]
10003108:	2900      	cmp	r1, #0
1000310a:	f040 814a 	bne.w	100033a2 <_vsnprintf+0x746>
1000310e:	9a09      	ldr	r2, [sp, #36]	@ 0x24
10003110:	f022 0210 	bic.w	r2, r2, #16
10003114:	9209      	str	r2, [sp, #36]	@ 0x24
10003116:	f1bc 0f00 	cmp.w	ip, #0
1000311a:	f000 8142 	beq.w	100033a2 <_vsnprintf+0x746>
1000311e:	4608      	mov	r0, r1
10003120:	aa12      	add	r2, sp, #72	@ 0x48
10003122:	9909      	ldr	r1, [sp, #36]	@ 0x24
10003124:	e9cd 3703 	strd	r3, r7, [sp, #12]
10003128:	e9cd 4105 	strd	r4, r1, [sp, #20]
1000312c:	9001      	str	r0, [sp, #4]
1000312e:	2300      	movs	r3, #0
10003130:	9200      	str	r2, [sp, #0]
10003132:	9302      	str	r3, [sp, #8]
10003134:	4632      	mov	r2, r6
10003136:	e0a1      	b.n	1000327c <_vsnprintf+0x620>
10003138:	f442 6200 	orr.w	r2, r2, #2048	@ 0x800
1000313c:	e739      	b.n	10002fb2 <_vsnprintf+0x356>
1000313e:	f04f 0908 	mov.w	r9, #8
10003142:	464b      	mov	r3, r9
10003144:	e7ca      	b.n	100030dc <_vsnprintf+0x480>
10003146:	f442 6200 	orr.w	r2, r2, #2048	@ 0x800
1000314a:	f042 0220 	orr.w	r2, r2, #32
1000314e:	e730      	b.n	10002fb2 <_vsnprintf+0x356>
10003150:	f012 0302 	ands.w	r3, r2, #2
10003154:	f000 818c 	beq.w	10003470 <_vsnprintf+0x814>
10003158:	2302      	movs	r3, #2
1000315a:	e9cd 4809 	strd	r4, r8, [sp, #36]	@ 0x24
1000315e:	461f      	mov	r7, r3
10003160:	4688      	mov	r8, r1
10003162:	9c08      	ldr	r4, [sp, #32]
10003164:	4632      	mov	r2, r6
10003166:	4623      	mov	r3, r4
10003168:	4651      	mov	r1, sl
1000316a:	47d8      	blx	fp
1000316c:	f819 0f01 	ldrb.w	r0, [r9, #1]!
10003170:	3601      	adds	r6, #1
10003172:	2800      	cmp	r0, #0
10003174:	d1f6      	bne.n	10003164 <_vsnprintf+0x508>
10003176:	463b      	mov	r3, r7
10003178:	4641      	mov	r1, r8
1000317a:	9c09      	ldr	r4, [sp, #36]	@ 0x24
1000317c:	f8dd 8028 	ldr.w	r8, [sp, #40]	@ 0x28
10003180:	2b00      	cmp	r3, #0
10003182:	f43f ad89 	beq.w	10002c98 <_vsnprintf+0x3c>
10003186:	e6e5      	b.n	10002f54 <_vsnprintf+0x2f8>
10003188:	eba1 0109 	sub.w	r1, r1, r9
1000318c:	e6bd      	b.n	10002f0a <_vsnprintf+0x2ae>
1000318e:	78a9      	ldrb	r1, [r5, #2]
10003190:	f042 02c0 	orr.w	r2, r2, #192	@ 0xc0
10003194:	1ceb      	adds	r3, r5, #3
10003196:	e5d8      	b.n	10002d4a <_vsnprintf+0xee>
10003198:	4604      	mov	r4, r0
1000319a:	4606      	mov	r6, r0
1000319c:	e64a      	b.n	10002e34 <_vsnprintf+0x1d8>
1000319e:	f04f 0910 	mov.w	r9, #16
100031a2:	f042 0220 	orr.w	r2, r2, #32
100031a6:	464b      	mov	r3, r9
100031a8:	e798      	b.n	100030dc <_vsnprintf+0x480>
100031aa:	2c01      	cmp	r4, #1
100031ac:	f240 80f1 	bls.w	10003392 <_vsnprintf+0x736>
100031b0:	4637      	mov	r7, r6
100031b2:	f106 39ff 	add.w	r9, r6, #4294967295	@ 0xffffffff
100031b6:	f8cd 8028 	str.w	r8, [sp, #40]	@ 0x28
100031ba:	f8dd 8020 	ldr.w	r8, [sp, #32]
100031be:	44a1      	add	r9, r4
100031c0:	463a      	mov	r2, r7
100031c2:	4643      	mov	r3, r8
100031c4:	4651      	mov	r1, sl
100031c6:	2020      	movs	r0, #32
100031c8:	3701      	adds	r7, #1
100031ca:	47d8      	blx	fp
100031cc:	454f      	cmp	r7, r9
100031ce:	d1f7      	bne.n	100031c0 <_vsnprintf+0x564>
100031d0:	f8dd 8028 	ldr.w	r8, [sp, #40]	@ 0x28
100031d4:	463a      	mov	r2, r7
100031d6:	f898 0000 	ldrb.w	r0, [r8]
100031da:	4651      	mov	r1, sl
100031dc:	9b08      	ldr	r3, [sp, #32]
100031de:	47d8      	blx	fp
100031e0:	4426      	add	r6, r4
100031e2:	f8dd 8024 	ldr.w	r8, [sp, #36]	@ 0x24
100031e6:	e557      	b.n	10002c98 <_vsnprintf+0x3c>
100031e8:	f412 6380 	ands.w	r3, r2, #1024	@ 0x400
100031ec:	f000 80c1 	beq.w	10003372 <_vsnprintf+0x716>
100031f0:	f44f 6380 	mov.w	r3, #1024	@ 0x400
100031f4:	f022 0011 	bic.w	r0, r2, #17
100031f8:	f410 7e00 	ands.w	lr, r0, #512	@ 0x200
100031fc:	d14a      	bne.n	10003294 <_vsnprintf+0x638>
100031fe:	f410 7c80 	ands.w	ip, r0, #256	@ 0x100
10003202:	f108 0904 	add.w	r9, r8, #4
10003206:	f040 8137 	bne.w	10003478 <_vsnprintf+0x81c>
1000320a:	0641      	lsls	r1, r0, #25
1000320c:	f100 80a9 	bmi.w	10003362 <_vsnprintf+0x706>
10003210:	0602      	lsls	r2, r0, #24
10003212:	f140 81e3 	bpl.w	100035dc <_vsnprintf+0x980>
10003216:	f9b8 2000 	ldrsh.w	r2, [r8]
1000321a:	ea82 71e2 	eor.w	r1, r2, r2, asr #31
1000321e:	eba1 71e2 	sub.w	r1, r1, r2, asr #31
10003222:	fa1f fe81 	uxth.w	lr, r1
10003226:	0fd1      	lsrs	r1, r2, #31
10003228:	9109      	str	r1, [sp, #36]	@ 0x24
1000322a:	2a00      	cmp	r2, #0
1000322c:	f000 815f 	beq.w	100034ee <_vsnprintf+0x892>
10003230:	4673      	mov	r3, lr
10003232:	aa12      	add	r2, sp, #72	@ 0x48
10003234:	4696      	mov	lr, r2
10003236:	f8df 83a0 	ldr.w	r8, [pc, #928]	@ 100035d8 <_vsnprintf+0x97c>
1000323a:	940a      	str	r4, [sp, #40]	@ 0x28
1000323c:	e003      	b.n	10003246 <_vsnprintf+0x5ea>
1000323e:	f1bc 0f20 	cmp.w	ip, #32
10003242:	4623      	mov	r3, r4
10003244:	d00f      	beq.n	10003266 <_vsnprintf+0x60a>
10003246:	fba8 1403 	umull	r1, r4, r8, r3
1000324a:	08e4      	lsrs	r4, r4, #3
1000324c:	eb04 0184 	add.w	r1, r4, r4, lsl #2
10003250:	eba3 0141 	sub.w	r1, r3, r1, lsl #1
10003254:	f10e 0e01 	add.w	lr, lr, #1
10003258:	3130      	adds	r1, #48	@ 0x30
1000325a:	2b09      	cmp	r3, #9
1000325c:	f10c 0c01 	add.w	ip, ip, #1
10003260:	f80e 1c01 	strb.w	r1, [lr, #-1]
10003264:	d8eb      	bhi.n	1000323e <_vsnprintf+0x5e2>
10003266:	9c0a      	ldr	r4, [sp, #40]	@ 0x28
10003268:	9b09      	ldr	r3, [sp, #36]	@ 0x24
1000326a:	9200      	str	r2, [sp, #0]
1000326c:	e9cd c301 	strd	ip, r3, [sp, #4]
10003270:	230a      	movs	r3, #10
10003272:	4632      	mov	r2, r6
10003274:	e9cd 4005 	strd	r4, r0, [sp, #20]
10003278:	9704      	str	r7, [sp, #16]
1000327a:	9303      	str	r3, [sp, #12]
1000327c:	4651      	mov	r1, sl
1000327e:	4658      	mov	r0, fp
10003280:	9b08      	ldr	r3, [sp, #32]
10003282:	f7fe fee3 	bl	1000204c <_ntoa_format>
10003286:	46c8      	mov	r8, r9
10003288:	4606      	mov	r6, r0
1000328a:	e505      	b.n	10002c98 <_vsnprintf+0x3c>
1000328c:	f022 020c 	bic.w	r2, r2, #12
10003290:	9209      	str	r2, [sp, #36]	@ 0x24
10003292:	e72a      	b.n	100030ea <_vsnprintf+0x48e>
10003294:	f108 0807 	add.w	r8, r8, #7
10003298:	f028 0807 	bic.w	r8, r8, #7
1000329c:	f8d8 2004 	ldr.w	r2, [r8, #4]
100032a0:	f858 cb08 	ldr.w	ip, [r8], #8
100032a4:	0fd1      	lsrs	r1, r2, #31
100032a6:	ea5c 0e02 	orrs.w	lr, ip, r2
100032aa:	d06c      	beq.n	10003386 <_vsnprintf+0x72a>
100032ac:	2a00      	cmp	r2, #0
100032ae:	4663      	mov	r3, ip
100032b0:	da02      	bge.n	100032b8 <_vsnprintf+0x65c>
100032b2:	425b      	negs	r3, r3
100032b4:	eb62 0242 	sbc.w	r2, r2, r2, lsl #1
100032b8:	4691      	mov	r9, r2
100032ba:	9309      	str	r3, [sp, #36]	@ 0x24
100032bc:	aa12      	add	r2, sp, #72	@ 0x48
100032be:	4694      	mov	ip, r2
100032c0:	f04f 0e00 	mov.w	lr, #0
100032c4:	e9cd 180a 	strd	r1, r8, [sp, #40]	@ 0x28
100032c8:	e9cd 470c 	strd	r4, r7, [sp, #48]	@ 0x30
100032cc:	960e      	str	r6, [sp, #56]	@ 0x38
100032ce:	920f      	str	r2, [sp, #60]	@ 0x3c
100032d0:	e003      	b.n	100032da <_vsnprintf+0x67e>
100032d2:	f1be 0f20 	cmp.w	lr, #32
100032d6:	463b      	mov	r3, r7
100032d8:	d030      	beq.n	1000333c <_vsnprintf+0x6e0>
100032da:	f04f 32cc 	mov.w	r2, #3435973836	@ 0xcccccccc
100032de:	eb13 0109 	adds.w	r1, r3, r9
100032e2:	4fbd      	ldr	r7, [pc, #756]	@ (100035d8 <_vsnprintf+0x97c>)
100032e4:	f141 0100 	adc.w	r1, r1, #0
100032e8:	fba7 4601 	umull	r4, r6, r7, r1
100032ec:	f026 0403 	bic.w	r4, r6, #3
100032f0:	eb04 0496 	add.w	r4, r4, r6, lsr #2
100032f4:	1b09      	subs	r1, r1, r4
100032f6:	1a5c      	subs	r4, r3, r1
100032f8:	fb02 f604 	mul.w	r6, r2, r4
100032fc:	463a      	mov	r2, r7
100032fe:	f169 0800 	sbc.w	r8, r9, #0
10003302:	fb02 6608 	mla	r6, r2, r8, r6
10003306:	2205      	movs	r2, #5
10003308:	fba4 7407 	umull	r7, r4, r4, r7
1000330c:	f007 0801 	and.w	r8, r7, #1
10003310:	4426      	add	r6, r4
10003312:	fba8 4802 	umull	r4, r8, r8, r2
10003316:	1864      	adds	r4, r4, r1
10003318:	2b0a      	cmp	r3, #10
1000331a:	f10c 0c01 	add.w	ip, ip, #1
1000331e:	ea4f 0757 	mov.w	r7, r7, lsr #1
10003322:	f104 0430 	add.w	r4, r4, #48	@ 0x30
10003326:	f179 0900 	sbcs.w	r9, r9, #0
1000332a:	f10e 0e01 	add.w	lr, lr, #1
1000332e:	f80c 4c01 	strb.w	r4, [ip, #-1]
10003332:	ea47 77c6 	orr.w	r7, r7, r6, lsl #31
10003336:	ea4f 0956 	mov.w	r9, r6, lsr #1
1000333a:	d2ca      	bcs.n	100032d2 <_vsnprintf+0x676>
1000333c:	4673      	mov	r3, lr
1000333e:	e9dd 180a 	ldrd	r1, r8, [sp, #40]	@ 0x28
10003342:	e9dd 470c 	ldrd	r4, r7, [sp, #48]	@ 0x30
10003346:	9e0e      	ldr	r6, [sp, #56]	@ 0x38
10003348:	9a0f      	ldr	r2, [sp, #60]	@ 0x3c
1000334a:	f8cd e024 	str.w	lr, [sp, #36]	@ 0x24
1000334e:	e9cd 3101 	strd	r3, r1, [sp, #4]
10003352:	230a      	movs	r3, #10
10003354:	9200      	str	r2, [sp, #0]
10003356:	e9cd 4005 	strd	r4, r0, [sp, #20]
1000335a:	4632      	mov	r2, r6
1000335c:	9704      	str	r7, [sp, #16]
1000335e:	9303      	str	r3, [sp, #12]
10003360:	e59f      	b.n	10002ea2 <_vsnprintf+0x246>
10003362:	f898 2000 	ldrb.w	r2, [r8]
10003366:	4696      	mov	lr, r2
10003368:	e75d      	b.n	10003226 <_vsnprintf+0x5ca>
1000336a:	f04f 0910 	mov.w	r9, #16
1000336e:	464b      	mov	r3, r9
10003370:	e6b4      	b.n	100030dc <_vsnprintf+0x480>
10003372:	f022 0010 	bic.w	r0, r2, #16
10003376:	e73f      	b.n	100031f8 <_vsnprintf+0x59c>
10003378:	0611      	lsls	r1, r2, #24
1000337a:	bf4c      	ite	mi
1000337c:	f8b8 1000 	ldrhmi.w	r1, [r8]
10003380:	f8d8 1000 	ldrpl.w	r1, [r8]
10003384:	e6c0      	b.n	10003108 <_vsnprintf+0x4ac>
10003386:	2b00      	cmp	r3, #0
10003388:	f040 8142 	bne.w	10003610 <_vsnprintf+0x9b4>
1000338c:	4699      	mov	r9, r3
1000338e:	9309      	str	r3, [sp, #36]	@ 0x24
10003390:	e794      	b.n	100032bc <_vsnprintf+0x660>
10003392:	4632      	mov	r2, r6
10003394:	4651      	mov	r1, sl
10003396:	f898 0000 	ldrb.w	r0, [r8]
1000339a:	9b08      	ldr	r3, [sp, #32]
1000339c:	47d8      	blx	fp
1000339e:	463e      	mov	r6, r7
100033a0:	e653      	b.n	1000304a <_vsnprintf+0x3ee>
100033a2:	9a09      	ldr	r2, [sp, #36]	@ 0x24
100033a4:	940a      	str	r4, [sp, #40]	@ 0x28
100033a6:	f012 0f20 	tst.w	r2, #32
100033aa:	bf14      	ite	ne
100033ac:	f04f 0841 	movne.w	r8, #65	@ 0x41
100033b0:	f04f 0861 	moveq.w	r8, #97	@ 0x61
100033b4:	aa12      	add	r2, sp, #72	@ 0x48
100033b6:	4694      	mov	ip, r2
100033b8:	f1a8 080a 	sub.w	r8, r8, #10
100033bc:	e002      	b.n	100033c4 <_vsnprintf+0x768>
100033be:	2820      	cmp	r0, #32
100033c0:	4671      	mov	r1, lr
100033c2:	d00f      	beq.n	100033e4 <_vsnprintf+0x788>
100033c4:	fbb1 fef3 	udiv	lr, r1, r3
100033c8:	fb03 141e 	mls	r4, r3, lr, r1
100033cc:	2c09      	cmp	r4, #9
100033ce:	bf94      	ite	ls
100033d0:	3430      	addls	r4, #48	@ 0x30
100033d2:	4444      	addhi	r4, r8
100033d4:	4299      	cmp	r1, r3
100033d6:	f88c 4000 	strb.w	r4, [ip]
100033da:	f100 0001 	add.w	r0, r0, #1
100033de:	f10c 0c01 	add.w	ip, ip, #1
100033e2:	d2ec      	bcs.n	100033be <_vsnprintf+0x762>
100033e4:	9c0a      	ldr	r4, [sp, #40]	@ 0x28
100033e6:	e69c      	b.n	10003122 <_vsnprintf+0x4c6>
100033e8:	f108 0807 	add.w	r8, r8, #7
100033ec:	f028 0807 	bic.w	r8, r8, #7
100033f0:	f8d8 2004 	ldr.w	r2, [r8, #4]
100033f4:	f858 1b08 	ldr.w	r1, [r8], #8
100033f8:	920a      	str	r2, [sp, #40]	@ 0x28
100033fa:	430a      	orrs	r2, r1
100033fc:	468e      	mov	lr, r1
100033fe:	d17b      	bne.n	100034f8 <_vsnprintf+0x89c>
10003400:	9a09      	ldr	r2, [sp, #36]	@ 0x24
10003402:	f022 0210 	bic.w	r2, r2, #16
10003406:	9209      	str	r2, [sp, #36]	@ 0x24
10003408:	f1bc 0f00 	cmp.w	ip, #0
1000340c:	d074      	beq.n	100034f8 <_vsnprintf+0x89c>
1000340e:	2000      	movs	r0, #0
10003410:	aa12      	add	r2, sp, #72	@ 0x48
10003412:	9909      	ldr	r1, [sp, #36]	@ 0x24
10003414:	e9cd 2000 	strd	r2, r0, [sp]
10003418:	e9cd 4105 	strd	r4, r1, [sp, #20]
1000341c:	4632      	mov	r2, r6
1000341e:	e9cd 3703 	strd	r3, r7, [sp, #12]
10003422:	e53c      	b.n	10002e9e <_vsnprintf+0x242>
10003424:	428c      	cmp	r4, r1
10003426:	bf98      	it	ls
10003428:	3101      	addls	r1, #1
1000342a:	f67f ad79 	bls.w	10002f20 <_vsnprintf+0x2c4>
1000342e:	f44f 6380 	mov.w	r3, #1024	@ 0x400
10003432:	e9cd 9409 	strd	r9, r4, [sp, #36]	@ 0x24
10003436:	4699      	mov	r9, r3
10003438:	19a2      	adds	r2, r4, r6
1000343a:	970b      	str	r7, [sp, #44]	@ 0x2c
1000343c:	9f08      	ldr	r7, [sp, #32]
1000343e:	1a54      	subs	r4, r2, r1
10003440:	4632      	mov	r2, r6
10003442:	463b      	mov	r3, r7
10003444:	4651      	mov	r1, sl
10003446:	2020      	movs	r0, #32
10003448:	3601      	adds	r6, #1
1000344a:	47d8      	blx	fp
1000344c:	42a6      	cmp	r6, r4
1000344e:	d1f7      	bne.n	10003440 <_vsnprintf+0x7e4>
10003450:	e9dd 470a 	ldrd	r4, r7, [sp, #40]	@ 0x28
10003454:	464b      	mov	r3, r9
10003456:	f8dd 9024 	ldr.w	r9, [sp, #36]	@ 0x24
1000345a:	f899 0000 	ldrb.w	r0, [r9]
1000345e:	2800      	cmp	r0, #0
10003460:	f43f ac1a 	beq.w	10002c98 <_vsnprintf+0x3c>
10003464:	1c61      	adds	r1, r4, #1
10003466:	2b00      	cmp	r3, #0
10003468:	f43f ae77 	beq.w	1000315a <_vsnprintf+0x4fe>
1000346c:	2300      	movs	r3, #0
1000346e:	e557      	b.n	10002f20 <_vsnprintf+0x2c4>
10003470:	428c      	cmp	r4, r1
10003472:	d8de      	bhi.n	10003432 <_vsnprintf+0x7d6>
10003474:	3101      	adds	r1, #1
10003476:	e670      	b.n	1000315a <_vsnprintf+0x4fe>
10003478:	f8d8 2000 	ldr.w	r2, [r8]
1000347c:	0fd1      	lsrs	r1, r2, #31
1000347e:	2a00      	cmp	r2, #0
10003480:	f000 80b3 	beq.w	100035ea <_vsnprintf+0x98e>
10003484:	ea82 73e2 	eor.w	r3, r2, r2, asr #31
10003488:	eba3 73e2 	sub.w	r3, r3, r2, asr #31
1000348c:	aa12      	add	r2, sp, #72	@ 0x48
1000348e:	4694      	mov	ip, r2
10003490:	e9cd 1409 	strd	r1, r4, [sp, #36]	@ 0x24
10003494:	f8df 8140 	ldr.w	r8, [pc, #320]	@ 100035d8 <_vsnprintf+0x97c>
10003498:	e003      	b.n	100034a2 <_vsnprintf+0x846>
1000349a:	f1be 0f20 	cmp.w	lr, #32
1000349e:	4623      	mov	r3, r4
100034a0:	d00f      	beq.n	100034c2 <_vsnprintf+0x866>
100034a2:	fba8 1403 	umull	r1, r4, r8, r3
100034a6:	08e4      	lsrs	r4, r4, #3
100034a8:	eb04 0184 	add.w	r1, r4, r4, lsl #2
100034ac:	eba3 0141 	sub.w	r1, r3, r1, lsl #1
100034b0:	f10c 0c01 	add.w	ip, ip, #1
100034b4:	3130      	adds	r1, #48	@ 0x30
100034b6:	2b09      	cmp	r3, #9
100034b8:	f10e 0e01 	add.w	lr, lr, #1
100034bc:	f80c 1c01 	strb.w	r1, [ip, #-1]
100034c0:	d8eb      	bhi.n	1000349a <_vsnprintf+0x83e>
100034c2:	e9dd 1409 	ldrd	r1, r4, [sp, #36]	@ 0x24
100034c6:	230a      	movs	r3, #10
100034c8:	9200      	str	r2, [sp, #0]
100034ca:	e9cd 4005 	strd	r4, r0, [sp, #20]
100034ce:	4632      	mov	r2, r6
100034d0:	e9cd e101 	strd	lr, r1, [sp, #4]
100034d4:	9704      	str	r7, [sp, #16]
100034d6:	9303      	str	r3, [sp, #12]
100034d8:	e6d0      	b.n	1000327c <_vsnprintf+0x620>
100034da:	2969      	cmp	r1, #105	@ 0x69
100034dc:	f022 0010 	bic.w	r0, r2, #16
100034e0:	f040 8091 	bne.w	10003606 <_vsnprintf+0x9aa>
100034e4:	f412 6380 	ands.w	r3, r2, #1024	@ 0x400
100034e8:	f43f ae86 	beq.w	100031f8 <_vsnprintf+0x59c>
100034ec:	e680      	b.n	100031f0 <_vsnprintf+0x594>
100034ee:	2b00      	cmp	r3, #0
100034f0:	f43f ae9f 	beq.w	10003232 <_vsnprintf+0x5d6>
100034f4:	aa12      	add	r2, sp, #72	@ 0x48
100034f6:	e6b7      	b.n	10003268 <_vsnprintf+0x60c>
100034f8:	9a09      	ldr	r2, [sp, #36]	@ 0x24
100034fa:	e9cd 840b 	strd	r8, r4, [sp, #44]	@ 0x2c
100034fe:	f012 0f20 	tst.w	r2, #32
10003502:	bf14      	ite	ne
10003504:	2141      	movne	r1, #65	@ 0x41
10003506:	2161      	moveq	r1, #97	@ 0x61
10003508:	e9cd 760d 	strd	r7, r6, [sp, #52]	@ 0x34
1000350c:	e9cd 3b0f 	strd	r3, fp, [sp, #60]	@ 0x3c
10003510:	f8cd a044 	str.w	sl, [sp, #68]	@ 0x44
10003514:	2700      	movs	r7, #0
10003516:	46f0      	mov	r8, lr
10003518:	9c0a      	ldr	r4, [sp, #40]	@ 0x28
1000351a:	ae12      	add	r6, sp, #72	@ 0x48
1000351c:	f10d 0b48 	add.w	fp, sp, #72	@ 0x48
10003520:	f1a1 0a0a 	sub.w	sl, r1, #10
10003524:	e003      	b.n	1000352e <_vsnprintf+0x8d2>
10003526:	2f20      	cmp	r7, #32
10003528:	4680      	mov	r8, r0
1000352a:	460c      	mov	r4, r1
1000352c:	d013      	beq.n	10003556 <_vsnprintf+0x8fa>
1000352e:	4621      	mov	r1, r4
10003530:	464a      	mov	r2, r9
10003532:	2300      	movs	r3, #0
10003534:	4640      	mov	r0, r8
10003536:	f002 fd63 	bl	10006000 <____aeabi_uldivmod_veneer>
1000353a:	b2d2      	uxtb	r2, r2
1000353c:	2a09      	cmp	r2, #9
1000353e:	bf94      	ite	ls
10003540:	3230      	addls	r2, #48	@ 0x30
10003542:	4452      	addhi	r2, sl
10003544:	45c8      	cmp	r8, r9
10003546:	f174 0400 	sbcs.w	r4, r4, #0
1000354a:	7032      	strb	r2, [r6, #0]
1000354c:	f107 0701 	add.w	r7, r7, #1
10003550:	f106 0601 	add.w	r6, r6, #1
10003554:	d2e7      	bcs.n	10003526 <_vsnprintf+0x8ca>
10003556:	4638      	mov	r0, r7
10003558:	e9dd 840b 	ldrd	r8, r4, [sp, #44]	@ 0x2c
1000355c:	465a      	mov	r2, fp
1000355e:	9e0e      	ldr	r6, [sp, #56]	@ 0x38
10003560:	9f0d      	ldr	r7, [sp, #52]	@ 0x34
10003562:	9b0f      	ldr	r3, [sp, #60]	@ 0x3c
10003564:	f8dd a044 	ldr.w	sl, [sp, #68]	@ 0x44
10003568:	f8dd b040 	ldr.w	fp, [sp, #64]	@ 0x40
1000356c:	e751      	b.n	10003412 <_vsnprintf+0x7b6>
1000356e:	f8d8 e000 	ldr.w	lr, [r8]
10003572:	f1be 0f00 	cmp.w	lr, #0
10003576:	d10d      	bne.n	10003594 <_vsnprintf+0x938>
10003578:	f022 0210 	bic.w	r2, r2, #16
1000357c:	9209      	str	r2, [sp, #36]	@ 0x24
1000357e:	f1bc 0f00 	cmp.w	ip, #0
10003582:	d007      	beq.n	10003594 <_vsnprintf+0x938>
10003584:	aa12      	add	r2, sp, #72	@ 0x48
10003586:	9809      	ldr	r0, [sp, #36]	@ 0x24
10003588:	e9cd 3703 	strd	r3, r7, [sp, #12]
1000358c:	e9cd 4005 	strd	r4, r0, [sp, #20]
10003590:	9101      	str	r1, [sp, #4]
10003592:	e5cc      	b.n	1000312e <_vsnprintf+0x4d2>
10003594:	9a09      	ldr	r2, [sp, #36]	@ 0x24
10003596:	f012 0f20 	tst.w	r2, #32
1000359a:	bf14      	ite	ne
1000359c:	2041      	movne	r0, #65	@ 0x41
1000359e:	2061      	moveq	r0, #97	@ 0x61
100035a0:	aa12      	add	r2, sp, #72	@ 0x48
100035a2:	4694      	mov	ip, r2
100035a4:	920a      	str	r2, [sp, #40]	@ 0x28
100035a6:	f1a0 020a 	sub.w	r2, r0, #10
100035aa:	e002      	b.n	100035b2 <_vsnprintf+0x956>
100035ac:	2920      	cmp	r1, #32
100035ae:	46c6      	mov	lr, r8
100035b0:	d00f      	beq.n	100035d2 <_vsnprintf+0x976>
100035b2:	fbbe f8f3 	udiv	r8, lr, r3
100035b6:	fb03 e018 	mls	r0, r3, r8, lr
100035ba:	2809      	cmp	r0, #9
100035bc:	bf94      	ite	ls
100035be:	3030      	addls	r0, #48	@ 0x30
100035c0:	1880      	addhi	r0, r0, r2
100035c2:	459e      	cmp	lr, r3
100035c4:	f88c 0000 	strb.w	r0, [ip]
100035c8:	f101 0101 	add.w	r1, r1, #1
100035cc:	f10c 0c01 	add.w	ip, ip, #1
100035d0:	d2ec      	bcs.n	100035ac <_vsnprintf+0x950>
100035d2:	9a0a      	ldr	r2, [sp, #40]	@ 0x28
100035d4:	e7d7      	b.n	10003586 <_vsnprintf+0x92a>
100035d6:	bf00      	nop
100035d8:	cccccccd 	.word	0xcccccccd
100035dc:	f8d8 2000 	ldr.w	r2, [r8]
100035e0:	ea82 7ee2 	eor.w	lr, r2, r2, asr #31
100035e4:	ebae 7ee2 	sub.w	lr, lr, r2, asr #31
100035e8:	e61d      	b.n	10003226 <_vsnprintf+0x5ca>
100035ea:	2b00      	cmp	r3, #0
100035ec:	f43f af4e 	beq.w	1000348c <_vsnprintf+0x830>
100035f0:	aa12      	add	r2, sp, #72	@ 0x48
100035f2:	e768      	b.n	100034c6 <_vsnprintf+0x86a>
100035f4:	f412 6180 	ands.w	r1, r2, #1024	@ 0x400
100035f8:	d00e      	beq.n	10003618 <_vsnprintf+0x9bc>
100035fa:	f012 0102 	ands.w	r1, r2, #2
100035fe:	d014      	beq.n	1000362a <_vsnprintf+0x9ce>
10003600:	4601      	mov	r1, r0
10003602:	4637      	mov	r7, r6
10003604:	e4a7      	b.n	10002f56 <_vsnprintf+0x2fa>
10003606:	f04f 090a 	mov.w	r9, #10
1000360a:	4602      	mov	r2, r0
1000360c:	464b      	mov	r3, r9
1000360e:	e565      	b.n	100030dc <_vsnprintf+0x480>
10003610:	2300      	movs	r3, #0
10003612:	aa12      	add	r2, sp, #72	@ 0x48
10003614:	9309      	str	r3, [sp, #36]	@ 0x24
10003616:	e69a      	b.n	1000334e <_vsnprintf+0x6f2>
10003618:	f012 0302 	ands.w	r3, r2, #2
1000361c:	f47f ac9a 	bne.w	10002f54 <_vsnprintf+0x2f8>
10003620:	2c00      	cmp	r4, #0
10003622:	f47f af06 	bne.w	10003432 <_vsnprintf+0x7d6>
10003626:	f7ff bb37 	b.w	10002c98 <_vsnprintf+0x3c>
1000362a:	2c00      	cmp	r4, #0
1000362c:	f47f aeff 	bne.w	1000342e <_vsnprintf+0x7d2>
10003630:	f7ff bb32 	b.w	10002c98 <_vsnprintf+0x3c>

10003634 <vfctprintf>:
10003634:	468c      	mov	ip, r1
10003636:	b510      	push	{r4, lr}
10003638:	b084      	sub	sp, #16
1000363a:	9300      	str	r3, [sp, #0]
1000363c:	9002      	str	r0, [sp, #8]
1000363e:	4613      	mov	r3, r2
10003640:	a902      	add	r1, sp, #8
10003642:	f04f 32ff 	mov.w	r2, #4294967295	@ 0xffffffff
10003646:	4803      	ldr	r0, [pc, #12]	@ (10003654 <vfctprintf+0x20>)
10003648:	f8cd c00c 	str.w	ip, [sp, #12]
1000364c:	f7ff fb06 	bl	10002c5c <_vsnprintf>
10003650:	b004      	add	sp, #16
10003652:	bd10      	pop	{r4, pc}
10003654:	10002231 	.word	0x10002231

10003658 <weak_raw_vprintf>:
10003658:	b510      	push	{r4, lr}
1000365a:	4a09      	ldr	r2, [pc, #36]	@ (10003680 <weak_raw_vprintf+0x28>)
1000365c:	b084      	sub	sp, #16
1000365e:	6814      	ldr	r4, [r2, #0]
10003660:	b14c      	cbz	r4, 10003676 <weak_raw_vprintf+0x1e>
10003662:	4603      	mov	r3, r0
10003664:	9100      	str	r1, [sp, #0]
10003666:	f04f 32ff 	mov.w	r2, #4294967295	@ 0xffffffff
1000366a:	a903      	add	r1, sp, #12
1000366c:	4805      	ldr	r0, [pc, #20]	@ (10003684 <weak_raw_vprintf+0x2c>)
1000366e:	47a0      	blx	r4
10003670:	2001      	movs	r0, #1
10003672:	b004      	add	sp, #16
10003674:	bd10      	pop	{r4, pc}
10003676:	f000 f97d 	bl	10003974 <__wrap_puts>
1000367a:	4620      	mov	r0, r4
1000367c:	b004      	add	sp, #16
1000367e:	bd10      	pop	{r4, pc}
10003680:	20001ee8 	.word	0x20001ee8
10003684:	10002229 	.word	0x10002229

10003688 <_exit>:
10003688:	be00      	bkpt	0x0000
1000368a:	e7fd      	b.n	10003688 <_exit>

1000368c <_fini>:
1000368c:	4770      	bx	lr
1000368e:	bf00      	nop

10003690 <exit>:
10003690:	b508      	push	{r3, lr}
10003692:	f7ff fff9 	bl	10003688 <_exit>
10003696:	bf00      	nop

10003698 <runtime_init>:
10003698:	b538      	push	{r3, r4, r5, lr}
1000369a:	4c06      	ldr	r4, [pc, #24]	@ (100036b4 <runtime_init+0x1c>)
1000369c:	4d06      	ldr	r5, [pc, #24]	@ (100036b8 <runtime_init+0x20>)
1000369e:	f7fe f815 	bl	100016cc <runtime_run_initializers>
100036a2:	42ac      	cmp	r4, r5
100036a4:	d204      	bcs.n	100036b0 <runtime_init+0x18>
100036a6:	f854 3b04 	ldr.w	r3, [r4], #4
100036aa:	4798      	blx	r3
100036ac:	42ac      	cmp	r4, r5
100036ae:	d3fa      	bcc.n	100036a6 <runtime_init+0xe>
100036b0:	bd38      	pop	{r3, r4, r5, pc}
100036b2:	bf00      	nop
100036b4:	10006070 	.word	0x10006070
100036b8:	10006074 	.word	0x10006074

100036bc <stdio_out_chars_no_crlf>:
100036bc:	6803      	ldr	r3, [r0, #0]
100036be:	4608      	mov	r0, r1
100036c0:	4611      	mov	r1, r2
100036c2:	4718      	bx	r3

100036c4 <stdio_out_chars_crlf>:
100036c4:	b570      	push	{r4, r5, r6, lr}
100036c6:	4605      	mov	r5, r0
100036c8:	4608      	mov	r0, r1
100036ca:	7d69      	ldrb	r1, [r5, #21]
100036cc:	b082      	sub	sp, #8
100036ce:	2900      	cmp	r1, #0
100036d0:	d04f      	beq.n	10003772 <stdio_out_chars_crlf+0xae>
100036d2:	2a00      	cmp	r2, #0
100036d4:	dd25      	ble.n	10003722 <stdio_out_chars_crlf+0x5e>
100036d6:	7803      	ldrb	r3, [r0, #0]
100036d8:	4614      	mov	r4, r2
100036da:	2b0a      	cmp	r3, #10
100036dc:	4606      	mov	r6, r0
100036de:	d022      	beq.n	10003726 <stdio_out_chars_crlf+0x62>
100036e0:	2c01      	cmp	r4, #1
100036e2:	f04f 0e00 	mov.w	lr, #0
100036e6:	d00d      	beq.n	10003704 <stdio_out_chars_crlf+0x40>
100036e8:	4632      	mov	r2, r6
100036ea:	2301      	movs	r3, #1
100036ec:	f812 cf01 	ldrb.w	ip, [r2, #1]!
100036f0:	4619      	mov	r1, r3
100036f2:	f1bc 0f0a 	cmp.w	ip, #10
100036f6:	f103 0301 	add.w	r3, r3, #1
100036fa:	d020      	beq.n	1000373e <stdio_out_chars_crlf+0x7a>
100036fc:	429c      	cmp	r4, r3
100036fe:	d1f5      	bne.n	100036ec <stdio_out_chars_crlf+0x28>
10003700:	4574      	cmp	r4, lr
10003702:	dd05      	ble.n	10003710 <stdio_out_chars_crlf+0x4c>
10003704:	682b      	ldr	r3, [r5, #0]
10003706:	eba4 010e 	sub.w	r1, r4, lr
1000370a:	eb06 000e 	add.w	r0, r6, lr
1000370e:	4798      	blx	r3
10003710:	1931      	adds	r1, r6, r4
10003712:	f811 3c01 	ldrb.w	r3, [r1, #-1]
10003716:	f1a3 030d 	sub.w	r3, r3, #13
1000371a:	fab3 f383 	clz	r3, r3
1000371e:	095b      	lsrs	r3, r3, #5
10003720:	752b      	strb	r3, [r5, #20]
10003722:	b002      	add	sp, #8
10003724:	bd70      	pop	{r4, r5, r6, pc}
10003726:	7d2b      	ldrb	r3, [r5, #20]
10003728:	2b00      	cmp	r3, #0
1000372a:	d1d9      	bne.n	100036e0 <stdio_out_chars_crlf+0x1c>
1000372c:	2102      	movs	r1, #2
1000372e:	682b      	ldr	r3, [r5, #0]
10003730:	4813      	ldr	r0, [pc, #76]	@ (10003780 <stdio_out_chars_crlf+0xbc>)
10003732:	4798      	blx	r3
10003734:	2c01      	cmp	r4, #1
10003736:	d0eb      	beq.n	10003710 <stdio_out_chars_crlf+0x4c>
10003738:	f04f 0e01 	mov.w	lr, #1
1000373c:	e7d4      	b.n	100036e8 <stdio_out_chars_crlf+0x24>
1000373e:	f812 0c01 	ldrb.w	r0, [r2, #-1]
10003742:	280d      	cmp	r0, #13
10003744:	d0da      	beq.n	100036fc <stdio_out_chars_crlf+0x38>
10003746:	458e      	cmp	lr, r1
10003748:	eb06 000e 	add.w	r0, r6, lr
1000374c:	eba1 010e 	sub.w	r1, r1, lr
10003750:	da05      	bge.n	1000375e <stdio_out_chars_crlf+0x9a>
10003752:	e9cd 3200 	strd	r3, r2, [sp]
10003756:	682b      	ldr	r3, [r5, #0]
10003758:	4798      	blx	r3
1000375a:	e9dd 3200 	ldrd	r3, r2, [sp]
1000375e:	e9cd 3200 	strd	r3, r2, [sp]
10003762:	2102      	movs	r1, #2
10003764:	682b      	ldr	r3, [r5, #0]
10003766:	4806      	ldr	r0, [pc, #24]	@ (10003780 <stdio_out_chars_crlf+0xbc>)
10003768:	4798      	blx	r3
1000376a:	9b00      	ldr	r3, [sp, #0]
1000376c:	9a01      	ldr	r2, [sp, #4]
1000376e:	469e      	mov	lr, r3
10003770:	e7c4      	b.n	100036fc <stdio_out_chars_crlf+0x38>
10003772:	4611      	mov	r1, r2
10003774:	682b      	ldr	r3, [r5, #0]
10003776:	b002      	add	sp, #8
10003778:	e8bd 4070 	ldmia.w	sp!, {r4, r5, r6, lr}
1000377c:	4718      	bx	r3
1000377e:	bf00      	nop
10003780:	10006400 	.word	0x10006400

10003784 <stdio_buffered_printer>:
10003784:	680b      	ldr	r3, [r1, #0]
10003786:	1c5a      	adds	r2, r3, #1
10003788:	2a80      	cmp	r2, #128	@ 0x80
1000378a:	440b      	add	r3, r1
1000378c:	600a      	str	r2, [r1, #0]
1000378e:	7118      	strb	r0, [r3, #4]
10003790:	d000      	beq.n	10003794 <stdio_buffered_printer+0x10>
10003792:	4770      	bx	lr
10003794:	b530      	push	{r4, r5, lr}
10003796:	4b0e      	ldr	r3, [pc, #56]	@ (100037d0 <stdio_buffered_printer+0x4c>)
10003798:	460c      	mov	r4, r1
1000379a:	6818      	ldr	r0, [r3, #0]
1000379c:	b083      	sub	sp, #12
1000379e:	b1a0      	cbz	r0, 100037ca <stdio_buffered_printer+0x46>
100037a0:	1d0d      	adds	r5, r1, #4
100037a2:	e001      	b.n	100037a8 <stdio_buffered_printer+0x24>
100037a4:	6900      	ldr	r0, [r0, #16]
100037a6:	b180      	cbz	r0, 100037ca <stdio_buffered_printer+0x46>
100037a8:	6803      	ldr	r3, [r0, #0]
100037aa:	2b00      	cmp	r3, #0
100037ac:	d0fa      	beq.n	100037a4 <stdio_buffered_printer+0x20>
100037ae:	4b09      	ldr	r3, [pc, #36]	@ (100037d4 <stdio_buffered_printer+0x50>)
100037b0:	681b      	ldr	r3, [r3, #0]
100037b2:	b10b      	cbz	r3, 100037b8 <stdio_buffered_printer+0x34>
100037b4:	4283      	cmp	r3, r0
100037b6:	d1f5      	bne.n	100037a4 <stdio_buffered_printer+0x20>
100037b8:	4629      	mov	r1, r5
100037ba:	6822      	ldr	r2, [r4, #0]
100037bc:	9001      	str	r0, [sp, #4]
100037be:	f7ff ff81 	bl	100036c4 <stdio_out_chars_crlf>
100037c2:	9801      	ldr	r0, [sp, #4]
100037c4:	6900      	ldr	r0, [r0, #16]
100037c6:	2800      	cmp	r0, #0
100037c8:	d1ee      	bne.n	100037a8 <stdio_buffered_printer+0x24>
100037ca:	6020      	str	r0, [r4, #0]
100037cc:	b003      	add	sp, #12
100037ce:	bd30      	pop	{r4, r5, pc}
100037d0:	20001adc 	.word	0x20001adc
100037d4:	20001ae4 	.word	0x20001ae4

100037d8 <stdio_put_string>:
100037d8:	e92d 47f0 	stmdb	sp!, {r4, r5, r6, r7, r8, r9, sl, lr}
100037dc:	b082      	sub	sp, #8
100037de:	4690      	mov	r8, r2
100037e0:	461c      	mov	r4, r3
100037e2:	460d      	mov	r5, r1
100037e4:	4607      	mov	r7, r0
100037e6:	f7fd fdcf 	bl	10001388 <time_us_64>
100037ea:	f04f 3cff 	mov.w	ip, #4294967295	@ 0xffffffff
100037ee:	f06f 4600 	mvn.w	r6, #2147483648	@ 0x80000000
100037f2:	4a2e      	ldr	r2, [pc, #184]	@ (100038ac <stdio_put_string+0xd4>)
100037f4:	1882      	adds	r2, r0, r2
100037f6:	f141 0300 	adc.w	r3, r1, #0
100037fa:	4594      	cmp	ip, r2
100037fc:	eb76 0103 	sbcs.w	r1, r6, r3
10003800:	bf3c      	itt	cc
10003802:	4662      	movcc	r2, ip
10003804:	4633      	movcc	r3, r6
10003806:	482a      	ldr	r0, [pc, #168]	@ (100038b0 <stdio_put_string+0xd8>)
10003808:	f002 fbf6 	bl	10005ff8 <__mutex_try_enter_block_until_veneer>
1000380c:	1c6b      	adds	r3, r5, #1
1000380e:	4682      	mov	sl, r0
10003810:	d040      	beq.n	10003894 <stdio_put_string+0xbc>
10003812:	b30c      	cbz	r4, 10003858 <stdio_put_string+0x80>
10003814:	4e27      	ldr	r6, [pc, #156]	@ (100038b4 <stdio_put_string+0xdc>)
10003816:	4b28      	ldr	r3, [pc, #160]	@ (100038b8 <stdio_put_string+0xe0>)
10003818:	681c      	ldr	r4, [r3, #0]
1000381a:	b1b4      	cbz	r4, 1000384a <stdio_put_string+0x72>
1000381c:	f1b8 0f00 	cmp.w	r8, #0
10003820:	d11c      	bne.n	1000385c <stdio_put_string+0x84>
10003822:	f8df 809c 	ldr.w	r8, [pc, #156]	@ 100038c0 <stdio_put_string+0xe8>
10003826:	e001      	b.n	1000382c <stdio_put_string+0x54>
10003828:	6924      	ldr	r4, [r4, #16]
1000382a:	b174      	cbz	r4, 1000384a <stdio_put_string+0x72>
1000382c:	6823      	ldr	r3, [r4, #0]
1000382e:	2b00      	cmp	r3, #0
10003830:	d0fa      	beq.n	10003828 <stdio_put_string+0x50>
10003832:	f8d8 3000 	ldr.w	r3, [r8]
10003836:	b10b      	cbz	r3, 1000383c <stdio_put_string+0x64>
10003838:	429c      	cmp	r4, r3
1000383a:	d1f5      	bne.n	10003828 <stdio_put_string+0x50>
1000383c:	4620      	mov	r0, r4
1000383e:	462a      	mov	r2, r5
10003840:	4639      	mov	r1, r7
10003842:	47b0      	blx	r6
10003844:	6924      	ldr	r4, [r4, #16]
10003846:	2c00      	cmp	r4, #0
10003848:	d1f0      	bne.n	1000382c <stdio_put_string+0x54>
1000384a:	f1ba 0f00 	cmp.w	sl, #0
1000384e:	d126      	bne.n	1000389e <stdio_put_string+0xc6>
10003850:	4628      	mov	r0, r5
10003852:	b002      	add	sp, #8
10003854:	e8bd 87f0 	ldmia.w	sp!, {r4, r5, r6, r7, r8, r9, sl, pc}
10003858:	4e18      	ldr	r6, [pc, #96]	@ (100038bc <stdio_put_string+0xe4>)
1000385a:	e7dc      	b.n	10003816 <stdio_put_string+0x3e>
1000385c:	f04f 090a 	mov.w	r9, #10
10003860:	f8df 805c 	ldr.w	r8, [pc, #92]	@ 100038c0 <stdio_put_string+0xe8>
10003864:	e002      	b.n	1000386c <stdio_put_string+0x94>
10003866:	6924      	ldr	r4, [r4, #16]
10003868:	2c00      	cmp	r4, #0
1000386a:	d0ee      	beq.n	1000384a <stdio_put_string+0x72>
1000386c:	6823      	ldr	r3, [r4, #0]
1000386e:	2b00      	cmp	r3, #0
10003870:	d0f9      	beq.n	10003866 <stdio_put_string+0x8e>
10003872:	f8d8 3000 	ldr.w	r3, [r8]
10003876:	b10b      	cbz	r3, 1000387c <stdio_put_string+0xa4>
10003878:	42a3      	cmp	r3, r4
1000387a:	d1f4      	bne.n	10003866 <stdio_put_string+0x8e>
1000387c:	462a      	mov	r2, r5
1000387e:	4639      	mov	r1, r7
10003880:	4620      	mov	r0, r4
10003882:	47b0      	blx	r6
10003884:	2201      	movs	r2, #1
10003886:	4620      	mov	r0, r4
10003888:	f10d 0107 	add.w	r1, sp, #7
1000388c:	f88d 9007 	strb.w	r9, [sp, #7]
10003890:	47b0      	blx	r6
10003892:	e7e8      	b.n	10003866 <stdio_put_string+0x8e>
10003894:	4638      	mov	r0, r7
10003896:	f002 fb71 	bl	10005f7c <strlen>
1000389a:	4605      	mov	r5, r0
1000389c:	e7b9      	b.n	10003812 <stdio_put_string+0x3a>
1000389e:	4804      	ldr	r0, [pc, #16]	@ (100038b0 <stdio_put_string+0xd8>)
100038a0:	f002 fb9e 	bl	10005fe0 <__mutex_exit_veneer>
100038a4:	4628      	mov	r0, r5
100038a6:	b002      	add	sp, #8
100038a8:	e8bd 87f0 	ldmia.w	sp!, {r4, r5, r6, r7, r8, r9, sl, pc}
100038ac:	000f4240 	.word	0x000f4240
100038b0:	200015bc 	.word	0x200015bc
100038b4:	100036c5 	.word	0x100036c5
100038b8:	20001adc 	.word	0x20001adc
100038bc:	100036bd 	.word	0x100036bd
100038c0:	20001ae4 	.word	0x20001ae4

100038c4 <stdio_set_driver_enabled>:
100038c4:	4a08      	ldr	r2, [pc, #32]	@ (100038e8 <stdio_set_driver_enabled+0x24>)
100038c6:	6813      	ldr	r3, [r2, #0]
100038c8:	b923      	cbnz	r3, 100038d4 <stdio_set_driver_enabled+0x10>
100038ca:	e00a      	b.n	100038e2 <stdio_set_driver_enabled+0x1e>
100038cc:	f103 0210 	add.w	r2, r3, #16
100038d0:	691b      	ldr	r3, [r3, #16]
100038d2:	b133      	cbz	r3, 100038e2 <stdio_set_driver_enabled+0x1e>
100038d4:	4283      	cmp	r3, r0
100038d6:	d1f9      	bne.n	100038cc <stdio_set_driver_enabled+0x8>
100038d8:	b929      	cbnz	r1, 100038e6 <stdio_set_driver_enabled+0x22>
100038da:	6918      	ldr	r0, [r3, #16]
100038dc:	6010      	str	r0, [r2, #0]
100038de:	6119      	str	r1, [r3, #16]
100038e0:	4770      	bx	lr
100038e2:	b101      	cbz	r1, 100038e6 <stdio_set_driver_enabled+0x22>
100038e4:	6010      	str	r0, [r2, #0]
100038e6:	4770      	bx	lr
100038e8:	20001adc 	.word	0x20001adc

100038ec <stdio_init_all>:
100038ec:	f000 ba70 	b.w	10003dd0 <stdio_usb_init>

100038f0 <__wrap_putchar>:
100038f0:	b5f0      	push	{r4, r5, r6, r7, lr}
100038f2:	b083      	sub	sp, #12
100038f4:	4606      	mov	r6, r0
100038f6:	f88d 0007 	strb.w	r0, [sp, #7]
100038fa:	f7fd fd45 	bl	10001388 <time_us_64>
100038fe:	f04f 35ff 	mov.w	r5, #4294967295	@ 0xffffffff
10003902:	f06f 4400 	mvn.w	r4, #2147483648	@ 0x80000000
10003906:	4a17      	ldr	r2, [pc, #92]	@ (10003964 <__wrap_putchar+0x74>)
10003908:	1882      	adds	r2, r0, r2
1000390a:	f141 0300 	adc.w	r3, r1, #0
1000390e:	4295      	cmp	r5, r2
10003910:	eb74 0103 	sbcs.w	r1, r4, r3
10003914:	bf3c      	itt	cc
10003916:	4623      	movcc	r3, r4
10003918:	462a      	movcc	r2, r5
1000391a:	4813      	ldr	r0, [pc, #76]	@ (10003968 <__wrap_putchar+0x78>)
1000391c:	f002 fb6c 	bl	10005ff8 <__mutex_try_enter_block_until_veneer>
10003920:	4b12      	ldr	r3, [pc, #72]	@ (1000396c <__wrap_putchar+0x7c>)
10003922:	4607      	mov	r7, r0
10003924:	681c      	ldr	r4, [r3, #0]
10003926:	b19c      	cbz	r4, 10003950 <__wrap_putchar+0x60>
10003928:	4d11      	ldr	r5, [pc, #68]	@ (10003970 <__wrap_putchar+0x80>)
1000392a:	e001      	b.n	10003930 <__wrap_putchar+0x40>
1000392c:	6924      	ldr	r4, [r4, #16]
1000392e:	b17c      	cbz	r4, 10003950 <__wrap_putchar+0x60>
10003930:	6823      	ldr	r3, [r4, #0]
10003932:	2b00      	cmp	r3, #0
10003934:	d0fa      	beq.n	1000392c <__wrap_putchar+0x3c>
10003936:	682b      	ldr	r3, [r5, #0]
10003938:	b10b      	cbz	r3, 1000393e <__wrap_putchar+0x4e>
1000393a:	429c      	cmp	r4, r3
1000393c:	d1f6      	bne.n	1000392c <__wrap_putchar+0x3c>
1000393e:	4620      	mov	r0, r4
10003940:	2201      	movs	r2, #1
10003942:	f10d 0107 	add.w	r1, sp, #7
10003946:	f7ff febd 	bl	100036c4 <stdio_out_chars_crlf>
1000394a:	6924      	ldr	r4, [r4, #16]
1000394c:	2c00      	cmp	r4, #0
1000394e:	d1ef      	bne.n	10003930 <__wrap_putchar+0x40>
10003950:	b917      	cbnz	r7, 10003958 <__wrap_putchar+0x68>
10003952:	4630      	mov	r0, r6
10003954:	b003      	add	sp, #12
10003956:	bdf0      	pop	{r4, r5, r6, r7, pc}
10003958:	4803      	ldr	r0, [pc, #12]	@ (10003968 <__wrap_putchar+0x78>)
1000395a:	f002 fb41 	bl	10005fe0 <__mutex_exit_veneer>
1000395e:	4630      	mov	r0, r6
10003960:	b003      	add	sp, #12
10003962:	bdf0      	pop	{r4, r5, r6, r7, pc}
10003964:	000f4240 	.word	0x000f4240
10003968:	200015bc 	.word	0x200015bc
1000396c:	20001adc 	.word	0x20001adc
10003970:	20001ae4 	.word	0x20001ae4

10003974 <__wrap_puts>:
10003974:	b538      	push	{r3, r4, r5, lr}
10003976:	4604      	mov	r4, r0
10003978:	f002 fb00 	bl	10005f7c <strlen>
1000397c:	2301      	movs	r3, #1
1000397e:	4605      	mov	r5, r0
10003980:	461a      	mov	r2, r3
10003982:	4620      	mov	r0, r4
10003984:	4629      	mov	r1, r5
10003986:	f7ff ff27 	bl	100037d8 <stdio_put_string>
1000398a:	4b08      	ldr	r3, [pc, #32]	@ (100039ac <__wrap_puts+0x38>)
1000398c:	681c      	ldr	r4, [r3, #0]
1000398e:	b12c      	cbz	r4, 1000399c <__wrap_puts+0x28>
10003990:	6863      	ldr	r3, [r4, #4]
10003992:	b12b      	cbz	r3, 100039a0 <__wrap_puts+0x2c>
10003994:	4798      	blx	r3
10003996:	6924      	ldr	r4, [r4, #16]
10003998:	2c00      	cmp	r4, #0
1000399a:	d1f9      	bne.n	10003990 <__wrap_puts+0x1c>
1000399c:	4628      	mov	r0, r5
1000399e:	bd38      	pop	{r3, r4, r5, pc}
100039a0:	6924      	ldr	r4, [r4, #16]
100039a2:	2c00      	cmp	r4, #0
100039a4:	d1f4      	bne.n	10003990 <__wrap_puts+0x1c>
100039a6:	4628      	mov	r0, r5
100039a8:	bd38      	pop	{r3, r4, r5, pc}
100039aa:	bf00      	nop
100039ac:	20001adc 	.word	0x20001adc

100039b0 <__wrap_vprintf>:
100039b0:	e92d 41f0 	stmdb	sp!, {r4, r5, r6, r7, r8, lr}
100039b4:	b0a2      	sub	sp, #136	@ 0x88
100039b6:	460e      	mov	r6, r1
100039b8:	4605      	mov	r5, r0
100039ba:	f7fd fce5 	bl	10001388 <time_us_64>
100039be:	f04f 3cff 	mov.w	ip, #4294967295	@ 0xffffffff
100039c2:	f06f 4400 	mvn.w	r4, #2147483648	@ 0x80000000
100039c6:	4a25      	ldr	r2, [pc, #148]	@ (10003a5c <__wrap_vprintf+0xac>)
100039c8:	1882      	adds	r2, r0, r2
100039ca:	f141 0300 	adc.w	r3, r1, #0
100039ce:	4594      	cmp	ip, r2
100039d0:	eb74 0103 	sbcs.w	r1, r4, r3
100039d4:	bf3c      	itt	cc
100039d6:	4623      	movcc	r3, r4
100039d8:	4662      	movcc	r2, ip
100039da:	4821      	ldr	r0, [pc, #132]	@ (10003a60 <__wrap_vprintf+0xb0>)
100039dc:	f002 fb0c 	bl	10005ff8 <__mutex_try_enter_block_until_veneer>
100039e0:	2400      	movs	r4, #0
100039e2:	4633      	mov	r3, r6
100039e4:	4607      	mov	r7, r0
100039e6:	462a      	mov	r2, r5
100039e8:	481e      	ldr	r0, [pc, #120]	@ (10003a64 <__wrap_vprintf+0xb4>)
100039ea:	a901      	add	r1, sp, #4
100039ec:	9401      	str	r4, [sp, #4]
100039ee:	f7ff fe21 	bl	10003634 <vfctprintf>
100039f2:	4e1d      	ldr	r6, [pc, #116]	@ (10003a68 <__wrap_vprintf+0xb8>)
100039f4:	9b01      	ldr	r3, [sp, #4]
100039f6:	4680      	mov	r8, r0
100039f8:	6834      	ldr	r4, [r6, #0]
100039fa:	b1bb      	cbz	r3, 10003a2c <__wrap_vprintf+0x7c>
100039fc:	2c00      	cmp	r4, #0
100039fe:	d02a      	beq.n	10003a56 <__wrap_vprintf+0xa6>
10003a00:	4d1a      	ldr	r5, [pc, #104]	@ (10003a6c <__wrap_vprintf+0xbc>)
10003a02:	e001      	b.n	10003a08 <__wrap_vprintf+0x58>
10003a04:	6924      	ldr	r4, [r4, #16]
10003a06:	b174      	cbz	r4, 10003a26 <__wrap_vprintf+0x76>
10003a08:	6823      	ldr	r3, [r4, #0]
10003a0a:	2b00      	cmp	r3, #0
10003a0c:	d0fa      	beq.n	10003a04 <__wrap_vprintf+0x54>
10003a0e:	682b      	ldr	r3, [r5, #0]
10003a10:	b10b      	cbz	r3, 10003a16 <__wrap_vprintf+0x66>
10003a12:	42a3      	cmp	r3, r4
10003a14:	d1f6      	bne.n	10003a04 <__wrap_vprintf+0x54>
10003a16:	4620      	mov	r0, r4
10003a18:	9a01      	ldr	r2, [sp, #4]
10003a1a:	a902      	add	r1, sp, #8
10003a1c:	f7ff fe52 	bl	100036c4 <stdio_out_chars_crlf>
10003a20:	6924      	ldr	r4, [r4, #16]
10003a22:	2c00      	cmp	r4, #0
10003a24:	d1f0      	bne.n	10003a08 <__wrap_vprintf+0x58>
10003a26:	4623      	mov	r3, r4
10003a28:	6834      	ldr	r4, [r6, #0]
10003a2a:	9301      	str	r3, [sp, #4]
10003a2c:	b12c      	cbz	r4, 10003a3a <__wrap_vprintf+0x8a>
10003a2e:	6863      	ldr	r3, [r4, #4]
10003a30:	b143      	cbz	r3, 10003a44 <__wrap_vprintf+0x94>
10003a32:	4798      	blx	r3
10003a34:	6924      	ldr	r4, [r4, #16]
10003a36:	2c00      	cmp	r4, #0
10003a38:	d1f9      	bne.n	10003a2e <__wrap_vprintf+0x7e>
10003a3a:	b92f      	cbnz	r7, 10003a48 <__wrap_vprintf+0x98>
10003a3c:	4640      	mov	r0, r8
10003a3e:	b022      	add	sp, #136	@ 0x88
10003a40:	e8bd 81f0 	ldmia.w	sp!, {r4, r5, r6, r7, r8, pc}
10003a44:	6924      	ldr	r4, [r4, #16]
10003a46:	e7f1      	b.n	10003a2c <__wrap_vprintf+0x7c>
10003a48:	4805      	ldr	r0, [pc, #20]	@ (10003a60 <__wrap_vprintf+0xb0>)
10003a4a:	f002 fac9 	bl	10005fe0 <__mutex_exit_veneer>
10003a4e:	4640      	mov	r0, r8
10003a50:	b022      	add	sp, #136	@ 0x88
10003a52:	e8bd 81f0 	ldmia.w	sp!, {r4, r5, r6, r7, r8, pc}
10003a56:	9401      	str	r4, [sp, #4]
10003a58:	e7ef      	b.n	10003a3a <__wrap_vprintf+0x8a>
10003a5a:	bf00      	nop
10003a5c:	000f4240 	.word	0x000f4240
10003a60:	200015bc 	.word	0x200015bc
10003a64:	10003785 	.word	0x10003785
10003a68:	20001adc 	.word	0x20001adc
10003a6c:	20001ae4 	.word	0x20001ae4

10003a70 <__wrap_printf>:
10003a70:	b40f      	push	{r0, r1, r2, r3}
10003a72:	b500      	push	{lr}
10003a74:	b083      	sub	sp, #12
10003a76:	a904      	add	r1, sp, #16
10003a78:	f851 0b04 	ldr.w	r0, [r1], #4
10003a7c:	9101      	str	r1, [sp, #4]
10003a7e:	f7ff ff97 	bl	100039b0 <__wrap_vprintf>
10003a82:	b003      	add	sp, #12
10003a84:	f85d eb04 	ldr.w	lr, [sp], #4
10003a88:	b004      	add	sp, #16
10003a8a:	4770      	bx	lr

10003a8c <stdio_usb_set_chars_available_callback>:
10003a8c:	4a02      	ldr	r2, [pc, #8]	@ (10003a98 <stdio_usb_set_chars_available_callback+0xc>)
10003a8e:	4b03      	ldr	r3, [pc, #12]	@ (10003a9c <stdio_usb_set_chars_available_callback+0x10>)
10003a90:	6010      	str	r0, [r2, #0]
10003a92:	6019      	str	r1, [r3, #0]
10003a94:	4770      	bx	lr
10003a96:	bf00      	nop
10003a98:	20001a7c 	.word	0x20001a7c
10003a9c:	20001a80 	.word	0x20001a80

10003aa0 <timer_task>:
10003aa0:	4b18      	ldr	r3, [pc, #96]	@ (10003b04 <timer_task+0x64>)
10003aa2:	b570      	push	{r4, r5, r6, lr}
10003aa4:	681a      	ldr	r2, [r3, #0]
10003aa6:	2a00      	cmp	r2, #0
10003aa8:	d028      	beq.n	10003afc <timer_task+0x5c>
10003aaa:	f3ef 8110 	mrs	r1, PRIMASK
10003aae:	b672      	cpsid	i
10003ab0:	e8d2 4fcf 	ldaexb	r4, [r2]
10003ab4:	2001      	movs	r0, #1
10003ab6:	2c00      	cmp	r4, #0
10003ab8:	d1fa      	bne.n	10003ab0 <timer_task+0x10>
10003aba:	e8c2 0f44 	strexb	r4, r0, [r2]
10003abe:	2c00      	cmp	r4, #0
10003ac0:	d1f6      	bne.n	10003ab0 <timer_task+0x10>
10003ac2:	f3bf 8f5f 	dmb	sy
10003ac6:	2200      	movs	r2, #0
10003ac8:	4c0f      	ldr	r4, [pc, #60]	@ (10003b08 <timer_task+0x68>)
10003aca:	6818      	ldr	r0, [r3, #0]
10003acc:	6059      	str	r1, [r3, #4]
10003ace:	7022      	strb	r2, [r4, #0]
10003ad0:	e8c0 2f8f 	stlb	r2, [r0]
10003ad4:	f381 8810 	msr	PRIMASK, r1
10003ad8:	2400      	movs	r4, #0
10003ada:	2500      	movs	r5, #0
10003adc:	4e0b      	ldr	r6, [pc, #44]	@ (10003b0c <timer_task+0x6c>)
10003ade:	7830      	ldrb	r0, [r6, #0]
10003ae0:	f7fc fe6c 	bl	100007bc <irq_is_enabled>
10003ae4:	b920      	cbnz	r0, 10003af0 <timer_task+0x50>
10003ae6:	2400      	movs	r4, #0
10003ae8:	2500      	movs	r5, #0
10003aea:	4620      	mov	r0, r4
10003aec:	4629      	mov	r1, r5
10003aee:	bd70      	pop	{r4, r5, r6, pc}
10003af0:	7830      	ldrb	r0, [r6, #0]
10003af2:	f7fc fe73 	bl	100007dc <irq_set_pending>
10003af6:	4620      	mov	r0, r4
10003af8:	4629      	mov	r1, r5
10003afa:	bd70      	pop	{r4, r5, r6, pc}
10003afc:	f44f 747a 	mov.w	r4, #1000	@ 0x3e8
10003b00:	2500      	movs	r5, #0
10003b02:	e7eb      	b.n	10003adc <timer_task+0x3c>
10003b04:	20001ff4 	.word	0x20001ff4
10003b08:	20002048 	.word	0x20002048
10003b0c:	20002047 	.word	0x20002047

10003b10 <usb_irq>:
10003b10:	4b01      	ldr	r3, [pc, #4]	@ (10003b18 <usb_irq+0x8>)
10003b12:	7818      	ldrb	r0, [r3, #0]
10003b14:	f7fc be62 	b.w	100007dc <irq_set_pending>
10003b18:	20002047 	.word	0x20002047

10003b1c <stdio_usb_in_chars>:
10003b1c:	b538      	push	{r3, r4, r5, lr}
10003b1e:	4604      	mov	r4, r0
10003b20:	2000      	movs	r0, #0
10003b22:	460d      	mov	r5, r1
10003b24:	f001 fba6 	bl	10005274 <tud_cdc_n_connected>
10003b28:	b3a8      	cbz	r0, 10003b96 <stdio_usb_in_chars+0x7a>
10003b2a:	2000      	movs	r0, #0
10003b2c:	f001 fbb8 	bl	100052a0 <tud_cdc_n_available>
10003b30:	b388      	cbz	r0, 10003b96 <stdio_usb_in_chars+0x7a>
10003b32:	f7fd fc29 	bl	10001388 <time_us_64>
10003b36:	f04f 3eff 	mov.w	lr, #4294967295	@ 0xffffffff
10003b3a:	f06f 4c00 	mvn.w	ip, #2147483648	@ 0x80000000
10003b3e:	4a17      	ldr	r2, [pc, #92]	@ (10003b9c <stdio_usb_in_chars+0x80>)
10003b40:	1882      	adds	r2, r0, r2
10003b42:	f141 0300 	adc.w	r3, r1, #0
10003b46:	4596      	cmp	lr, r2
10003b48:	eb7c 0103 	sbcs.w	r1, ip, r3
10003b4c:	bf3c      	itt	cc
10003b4e:	4672      	movcc	r2, lr
10003b50:	4663      	movcc	r3, ip
10003b52:	4813      	ldr	r0, [pc, #76]	@ (10003ba0 <stdio_usb_in_chars+0x84>)
10003b54:	f002 fa50 	bl	10005ff8 <__mutex_try_enter_block_until_veneer>
10003b58:	b1e8      	cbz	r0, 10003b96 <stdio_usb_in_chars+0x7a>
10003b5a:	2000      	movs	r0, #0
10003b5c:	f001 fb8a 	bl	10005274 <tud_cdc_n_connected>
10003b60:	b958      	cbnz	r0, 10003b7a <stdio_usb_in_chars+0x5e>
10003b62:	4601      	mov	r1, r0
10003b64:	f04f 30ff 	mov.w	r0, #4294967295	@ 0xffffffff
10003b68:	f000 fd8e 	bl	10004688 <tud_task_ext>
10003b6c:	f06f 0402 	mvn.w	r4, #2
10003b70:	480b      	ldr	r0, [pc, #44]	@ (10003ba0 <stdio_usb_in_chars+0x84>)
10003b72:	f002 fa35 	bl	10005fe0 <__mutex_exit_veneer>
10003b76:	4620      	mov	r0, r4
10003b78:	bd38      	pop	{r3, r4, r5, pc}
10003b7a:	2000      	movs	r0, #0
10003b7c:	f001 fb90 	bl	100052a0 <tud_cdc_n_available>
10003b80:	2800      	cmp	r0, #0
10003b82:	d0ee      	beq.n	10003b62 <stdio_usb_in_chars+0x46>
10003b84:	4621      	mov	r1, r4
10003b86:	462a      	mov	r2, r5
10003b88:	2000      	movs	r0, #0
10003b8a:	f001 fb93 	bl	100052b4 <tud_cdc_n_read>
10003b8e:	4604      	mov	r4, r0
10003b90:	2800      	cmp	r0, #0
10003b92:	d1ed      	bne.n	10003b70 <stdio_usb_in_chars+0x54>
10003b94:	e7ea      	b.n	10003b6c <stdio_usb_in_chars+0x50>
10003b96:	f06f 0402 	mvn.w	r4, #2
10003b9a:	e7ec      	b.n	10003b76 <stdio_usb_in_chars+0x5a>
10003b9c:	000f4240 	.word	0x000f4240
10003ba0:	20002028 	.word	0x20002028

10003ba4 <stdio_usb_out_flush>:
10003ba4:	b508      	push	{r3, lr}
10003ba6:	f7fd fbef 	bl	10001388 <time_us_64>
10003baa:	f04f 3eff 	mov.w	lr, #4294967295	@ 0xffffffff
10003bae:	f06f 4c00 	mvn.w	ip, #2147483648	@ 0x80000000
10003bb2:	4a0f      	ldr	r2, [pc, #60]	@ (10003bf0 <stdio_usb_out_flush+0x4c>)
10003bb4:	1882      	adds	r2, r0, r2
10003bb6:	f141 0300 	adc.w	r3, r1, #0
10003bba:	4596      	cmp	lr, r2
10003bbc:	eb7c 0103 	sbcs.w	r1, ip, r3
10003bc0:	bf3c      	itt	cc
10003bc2:	4672      	movcc	r2, lr
10003bc4:	4663      	movcc	r3, ip
10003bc6:	480b      	ldr	r0, [pc, #44]	@ (10003bf4 <stdio_usb_out_flush+0x50>)
10003bc8:	f002 fa16 	bl	10005ff8 <__mutex_try_enter_block_until_veneer>
10003bcc:	b170      	cbz	r0, 10003bec <stdio_usb_out_flush+0x48>
10003bce:	f04f 30ff 	mov.w	r0, #4294967295	@ 0xffffffff
10003bd2:	2100      	movs	r1, #0
10003bd4:	f000 fd58 	bl	10004688 <tud_task_ext>
10003bd8:	2000      	movs	r0, #0
10003bda:	f001 fbb1 	bl	10005340 <tud_cdc_n_write_flush>
10003bde:	2800      	cmp	r0, #0
10003be0:	d1f5      	bne.n	10003bce <stdio_usb_out_flush+0x2a>
10003be2:	e8bd 4008 	ldmia.w	sp!, {r3, lr}
10003be6:	4803      	ldr	r0, [pc, #12]	@ (10003bf4 <stdio_usb_out_flush+0x50>)
10003be8:	f002 b9fa 	b.w	10005fe0 <__mutex_exit_veneer>
10003bec:	bd08      	pop	{r3, pc}
10003bee:	bf00      	nop
10003bf0:	000f4240 	.word	0x000f4240
10003bf4:	20002028 	.word	0x20002028

10003bf8 <stdio_usb_out_chars>:
10003bf8:	e92d 41f0 	stmdb	sp!, {r4, r5, r6, r7, r8, lr}
10003bfc:	4607      	mov	r7, r0
10003bfe:	460e      	mov	r6, r1
10003c00:	f7fd fbc2 	bl	10001388 <time_us_64>
10003c04:	f04f 35ff 	mov.w	r5, #4294967295	@ 0xffffffff
10003c08:	f06f 4400 	mvn.w	r4, #2147483648	@ 0x80000000
10003c0c:	4a32      	ldr	r2, [pc, #200]	@ (10003cd8 <stdio_usb_out_chars+0xe0>)
10003c0e:	1882      	adds	r2, r0, r2
10003c10:	f141 0300 	adc.w	r3, r1, #0
10003c14:	4295      	cmp	r5, r2
10003c16:	eb74 0103 	sbcs.w	r1, r4, r3
10003c1a:	bf3c      	itt	cc
10003c1c:	462a      	movcc	r2, r5
10003c1e:	4623      	movcc	r3, r4
10003c20:	482e      	ldr	r0, [pc, #184]	@ (10003cdc <stdio_usb_out_chars+0xe4>)
10003c22:	f002 f9e9 	bl	10005ff8 <__mutex_try_enter_block_until_veneer>
10003c26:	b908      	cbnz	r0, 10003c2c <stdio_usb_out_chars+0x34>
10003c28:	e8bd 81f0 	ldmia.w	sp!, {r4, r5, r6, r7, r8, pc}
10003c2c:	2000      	movs	r0, #0
10003c2e:	f001 fb21 	bl	10005274 <tud_cdc_n_connected>
10003c32:	2800      	cmp	r0, #0
10003c34:	d045      	beq.n	10003cc2 <stdio_usb_out_chars+0xca>
10003c36:	2e00      	cmp	r6, #0
10003c38:	dd3e      	ble.n	10003cb8 <stdio_usb_out_chars+0xc0>
10003c3a:	2500      	movs	r5, #0
10003c3c:	f8df 80a4 	ldr.w	r8, [pc, #164]	@ 10003ce4 <stdio_usb_out_chars+0xec>
10003c40:	e012      	b.n	10003c68 <stdio_usb_out_chars+0x70>
10003c42:	4622      	mov	r2, r4
10003c44:	2000      	movs	r0, #0
10003c46:	f001 fbc5 	bl	100053d4 <tud_cdc_n_write>
10003c4a:	2100      	movs	r1, #0
10003c4c:	4405      	add	r5, r0
10003c4e:	f04f 30ff 	mov.w	r0, #4294967295	@ 0xffffffff
10003c52:	f000 fd19 	bl	10004688 <tud_task_ext>
10003c56:	2000      	movs	r0, #0
10003c58:	f001 fb72 	bl	10005340 <tud_cdc_n_write_flush>
10003c5c:	f7fd fb94 	bl	10001388 <time_us_64>
10003c60:	e9c8 0100 	strd	r0, r1, [r8]
10003c64:	42ae      	cmp	r6, r5
10003c66:	dd27      	ble.n	10003cb8 <stdio_usb_out_chars+0xc0>
10003c68:	2000      	movs	r0, #0
10003c6a:	f001 fbd1 	bl	10005410 <tud_cdc_n_write_available>
10003c6e:	1b74      	subs	r4, r6, r5
10003c70:	4284      	cmp	r4, r0
10003c72:	bfa8      	it	ge
10003c74:	4604      	movge	r4, r0
10003c76:	1979      	adds	r1, r7, r5
10003c78:	2c00      	cmp	r4, #0
10003c7a:	d1e2      	bne.n	10003c42 <stdio_usb_out_chars+0x4a>
10003c7c:	4621      	mov	r1, r4
10003c7e:	f04f 30ff 	mov.w	r0, #4294967295	@ 0xffffffff
10003c82:	f000 fd01 	bl	10004688 <tud_task_ext>
10003c86:	4620      	mov	r0, r4
10003c88:	f001 fb5a 	bl	10005340 <tud_cdc_n_write_flush>
10003c8c:	4620      	mov	r0, r4
10003c8e:	f001 faf1 	bl	10005274 <tud_cdc_n_connected>
10003c92:	b188      	cbz	r0, 10003cb8 <stdio_usb_out_chars+0xc0>
10003c94:	4620      	mov	r0, r4
10003c96:	f001 fbbb 	bl	10005410 <tud_cdc_n_write_available>
10003c9a:	2800      	cmp	r0, #0
10003c9c:	d1e2      	bne.n	10003c64 <stdio_usb_out_chars+0x6c>
10003c9e:	f7fd fb73 	bl	10001388 <time_us_64>
10003ca2:	4a0f      	ldr	r2, [pc, #60]	@ (10003ce0 <stdio_usb_out_chars+0xe8>)
10003ca4:	f8d8 3000 	ldr.w	r3, [r8]
10003ca8:	189b      	adds	r3, r3, r2
10003caa:	f8d8 2004 	ldr.w	r2, [r8, #4]
10003cae:	f142 0200 	adc.w	r2, r2, #0
10003cb2:	4283      	cmp	r3, r0
10003cb4:	418a      	sbcs	r2, r1
10003cb6:	d2d5      	bcs.n	10003c64 <stdio_usb_out_chars+0x6c>
10003cb8:	4808      	ldr	r0, [pc, #32]	@ (10003cdc <stdio_usb_out_chars+0xe4>)
10003cba:	e8bd 41f0 	ldmia.w	sp!, {r4, r5, r6, r7, r8, lr}
10003cbe:	f002 b98f 	b.w	10005fe0 <__mutex_exit_veneer>
10003cc2:	2000      	movs	r0, #0
10003cc4:	e8bd 41f0 	ldmia.w	sp!, {r4, r5, r6, r7, r8, lr}
10003cc8:	2100      	movs	r1, #0
10003cca:	4b06      	ldr	r3, [pc, #24]	@ (10003ce4 <stdio_usb_out_chars+0xec>)
10003ccc:	e9c3 0100 	strd	r0, r1, [r3]
10003cd0:	4802      	ldr	r0, [pc, #8]	@ (10003cdc <stdio_usb_out_chars+0xe4>)
10003cd2:	f002 b985 	b.w	10005fe0 <__mutex_exit_veneer>
10003cd6:	bf00      	nop
10003cd8:	000f4240 	.word	0x000f4240
10003cdc:	20002028 	.word	0x20002028
10003ce0:	0007a120 	.word	0x0007a120
10003ce4:	20001810 	.word	0x20001810

10003ce8 <low_priority_worker_irq>:
10003ce8:	b510      	push	{r4, lr}
10003cea:	2100      	movs	r1, #0
10003cec:	b084      	sub	sp, #16
10003cee:	4832      	ldr	r0, [pc, #200]	@ (10003db8 <low_priority_worker_irq+0xd0>)
10003cf0:	f002 f97a 	bl	10005fe8 <__mutex_try_enter_veneer>
10003cf4:	bb28      	cbnz	r0, 10003d42 <low_priority_worker_irq+0x5a>
10003cf6:	4b31      	ldr	r3, [pc, #196]	@ (10003dbc <low_priority_worker_irq+0xd4>)
10003cf8:	681a      	ldr	r2, [r3, #0]
10003cfa:	b302      	cbz	r2, 10003d3e <low_priority_worker_irq+0x56>
10003cfc:	f3ef 8110 	mrs	r1, PRIMASK
10003d00:	b672      	cpsid	i
10003d02:	e8d2 efcf 	ldaexb	lr, [r2]
10003d06:	f05f 0c01 	movs.w	ip, #1
10003d0a:	f1be 0f00 	cmp.w	lr, #0
10003d0e:	d1f8      	bne.n	10003d02 <low_priority_worker_irq+0x1a>
10003d10:	e8c2 cf4e 	strexb	lr, ip, [r2]
10003d14:	f1be 0f00 	cmp.w	lr, #0
10003d18:	d1f3      	bne.n	10003d02 <low_priority_worker_irq+0x1a>
10003d1a:	f3bf 8f5f 	dmb	sy
10003d1e:	f8df c0a8 	ldr.w	ip, [pc, #168]	@ 10003dc8 <low_priority_worker_irq+0xe0>
10003d22:	f8d3 e000 	ldr.w	lr, [r3]
10003d26:	f89c 2000 	ldrb.w	r2, [ip]
10003d2a:	6059      	str	r1, [r3, #4]
10003d2c:	b2d3      	uxtb	r3, r2
10003d2e:	2201      	movs	r2, #1
10003d30:	f88c 2000 	strb.w	r2, [ip]
10003d34:	e8ce 0f8f 	stlb	r0, [lr]
10003d38:	f381 8810 	msr	PRIMASK, r1
10003d3c:	b1cb      	cbz	r3, 10003d72 <low_priority_worker_irq+0x8a>
10003d3e:	b004      	add	sp, #16
10003d40:	bd10      	pop	{r4, pc}
10003d42:	2100      	movs	r1, #0
10003d44:	f04f 30ff 	mov.w	r0, #4294967295	@ 0xffffffff
10003d48:	f000 fc9e 	bl	10004688 <tud_task_ext>
10003d4c:	2000      	movs	r0, #0
10003d4e:	f001 faa7 	bl	100052a0 <tud_cdc_n_available>
10003d52:	4604      	mov	r4, r0
10003d54:	4818      	ldr	r0, [pc, #96]	@ (10003db8 <low_priority_worker_irq+0xd0>)
10003d56:	f002 f943 	bl	10005fe0 <__mutex_exit_veneer>
10003d5a:	2c00      	cmp	r4, #0
10003d5c:	d0ef      	beq.n	10003d3e <low_priority_worker_irq+0x56>
10003d5e:	4b18      	ldr	r3, [pc, #96]	@ (10003dc0 <low_priority_worker_irq+0xd8>)
10003d60:	681b      	ldr	r3, [r3, #0]
10003d62:	2b00      	cmp	r3, #0
10003d64:	d0eb      	beq.n	10003d3e <low_priority_worker_irq+0x56>
10003d66:	4a17      	ldr	r2, [pc, #92]	@ (10003dc4 <low_priority_worker_irq+0xdc>)
10003d68:	6810      	ldr	r0, [r2, #0]
10003d6a:	b004      	add	sp, #16
10003d6c:	e8bd 4010 	ldmia.w	sp!, {r4, lr}
10003d70:	4718      	bx	r3
10003d72:	f7fd f945 	bl	10001000 <alarm_pool_get_default>
10003d76:	4604      	mov	r4, r0
10003d78:	f7fd fb06 	bl	10001388 <time_us_64>
10003d7c:	f04f 3eff 	mov.w	lr, #4294967295	@ 0xffffffff
10003d80:	f06f 4c00 	mvn.w	ip, #2147483648	@ 0x80000000
10003d84:	f510 727a 	adds.w	r2, r0, #1000	@ 0x3e8
10003d88:	f141 0300 	adc.w	r3, r1, #0
10003d8c:	4596      	cmp	lr, r2
10003d8e:	eb7c 0103 	sbcs.w	r1, ip, r3
10003d92:	bf38      	it	cc
10003d94:	4663      	movcc	r3, ip
10003d96:	f04f 0100 	mov.w	r1, #0
10003d9a:	f04f 0c01 	mov.w	ip, #1
10003d9e:	bf38      	it	cc
10003da0:	4672      	movcc	r2, lr
10003da2:	f8df e028 	ldr.w	lr, [pc, #40]	@ 10003dcc <low_priority_worker_irq+0xe4>
10003da6:	4620      	mov	r0, r4
10003da8:	e9cd 1c01 	strd	r1, ip, [sp, #4]
10003dac:	f8cd e000 	str.w	lr, [sp]
10003db0:	f7fd f92a 	bl	10001008 <alarm_pool_add_alarm_at>
10003db4:	b004      	add	sp, #16
10003db6:	bd10      	pop	{r4, pc}
10003db8:	20002028 	.word	0x20002028
10003dbc:	20001ff4 	.word	0x20001ff4
10003dc0:	20001a7c 	.word	0x20001a7c
10003dc4:	20001a80 	.word	0x20001a80
10003dc8:	20002048 	.word	0x20002048
10003dcc:	10003aa1 	.word	0x10003aa1

10003dd0 <stdio_usb_init>:
10003dd0:	f04f 4350 	mov.w	r3, #3489660928	@ 0xd0000000
10003dd4:	b530      	push	{r4, r5, lr}
10003dd6:	b085      	sub	sp, #20
10003dd8:	681c      	ldr	r4, [r3, #0]
10003dda:	f7fd f911 	bl	10001000 <alarm_pool_get_default>
10003dde:	f7fd fa2d 	bl	1000123c <alarm_pool_core_num>
10003de2:	42a0      	cmp	r0, r4
10003de4:	d002      	beq.n	10003dec <stdio_usb_init+0x1c>
10003de6:	2000      	movs	r0, #0
10003de8:	b005      	add	sp, #20
10003dea:	bd30      	pop	{r4, r5, pc}
10003dec:	2100      	movs	r1, #0
10003dee:	4b2c      	ldr	r3, [pc, #176]	@ (10003ea0 <stdio_usb_init+0xd0>)
10003df0:	4608      	mov	r0, r1
10003df2:	781b      	ldrb	r3, [r3, #0]
10003df4:	f001 fcdc 	bl	100057b0 <tusb_rhport_init>
10003df8:	482a      	ldr	r0, [pc, #168]	@ (10003ea4 <stdio_usb_init+0xd4>)
10003dfa:	6803      	ldr	r3, [r0, #0]
10003dfc:	2b00      	cmp	r3, #0
10003dfe:	d04b      	beq.n	10003e98 <stdio_usb_init+0xc8>
10003e00:	2001      	movs	r0, #1
10003e02:	f7fc fe8d 	bl	10000b20 <user_irq_claim_unused>
10003e06:	4603      	mov	r3, r0
10003e08:	4c27      	ldr	r4, [pc, #156]	@ (10003ea8 <stdio_usb_init+0xd8>)
10003e0a:	4928      	ldr	r1, [pc, #160]	@ (10003eac <stdio_usb_init+0xdc>)
10003e0c:	b2c0      	uxtb	r0, r0
10003e0e:	7023      	strb	r3, [r4, #0]
10003e10:	f7fc fd00 	bl	10000814 <irq_set_exclusive_handler>
10003e14:	7820      	ldrb	r0, [r4, #0]
10003e16:	2101      	movs	r1, #1
10003e18:	f7fc fcba 	bl	10000790 <irq_set_enabled>
10003e1c:	200e      	movs	r0, #14
10003e1e:	f7fc fce9 	bl	100007f4 <irq_has_shared_handler>
10003e22:	bb60      	cbnz	r0, 10003e7e <stdio_usb_init+0xae>
10003e24:	4b22      	ldr	r3, [pc, #136]	@ (10003eb0 <stdio_usb_init+0xe0>)
10003e26:	f06f 4400 	mvn.w	r4, #2147483648	@ 0x80000000
10003e2a:	e9c3 0000 	strd	r0, r0, [r3]
10003e2e:	f7fd f8e7 	bl	10001000 <alarm_pool_get_default>
10003e32:	4605      	mov	r5, r0
10003e34:	f7fd faa8 	bl	10001388 <time_us_64>
10003e38:	f04f 3cff 	mov.w	ip, #4294967295	@ 0xffffffff
10003e3c:	f510 727a 	adds.w	r2, r0, #1000	@ 0x3e8
10003e40:	f141 0300 	adc.w	r3, r1, #0
10003e44:	4594      	cmp	ip, r2
10003e46:	eb74 0103 	sbcs.w	r1, r4, r3
10003e4a:	bf38      	it	cc
10003e4c:	4623      	movcc	r3, r4
10003e4e:	f04f 0100 	mov.w	r1, #0
10003e52:	f04f 0401 	mov.w	r4, #1
10003e56:	bf38      	it	cc
10003e58:	4662      	movcc	r2, ip
10003e5a:	f8df c060 	ldr.w	ip, [pc, #96]	@ 10003ebc <stdio_usb_init+0xec>
10003e5e:	4628      	mov	r0, r5
10003e60:	e9cd 1401 	strd	r1, r4, [sp, #4]
10003e64:	f8cd c000 	str.w	ip, [sp]
10003e68:	f7fd f8ce 	bl	10001008 <alarm_pool_add_alarm_at>
10003e6c:	2800      	cmp	r0, #0
10003e6e:	dbba      	blt.n	10003de6 <stdio_usb_init+0x16>
10003e70:	2101      	movs	r1, #1
10003e72:	4810      	ldr	r0, [pc, #64]	@ (10003eb4 <stdio_usb_init+0xe4>)
10003e74:	f7ff fd26 	bl	100038c4 <stdio_set_driver_enabled>
10003e78:	2001      	movs	r0, #1
10003e7a:	b005      	add	sp, #20
10003e7c:	bd30      	pop	{r4, r5, pc}
10003e7e:	2001      	movs	r0, #1
10003e80:	f7fc fc40 	bl	10000704 <spin_lock_claim_unused>
10003e84:	4601      	mov	r1, r0
10003e86:	480a      	ldr	r0, [pc, #40]	@ (10003eb0 <stdio_usb_init+0xe0>)
10003e88:	f7fc fea8 	bl	10000bdc <critical_section_init_with_lock_num>
10003e8c:	2200      	movs	r2, #0
10003e8e:	200e      	movs	r0, #14
10003e90:	4909      	ldr	r1, [pc, #36]	@ (10003eb8 <stdio_usb_init+0xe8>)
10003e92:	f7fc fcf1 	bl	10000878 <irq_add_shared_handler>
10003e96:	e7eb      	b.n	10003e70 <stdio_usb_init+0xa0>
10003e98:	f7fc fe84 	bl	10000ba4 <mutex_init>
10003e9c:	e7b0      	b.n	10003e00 <stdio_usb_init+0x30>
10003e9e:	bf00      	nop
10003ea0:	100065c4 	.word	0x100065c4
10003ea4:	20002028 	.word	0x20002028
10003ea8:	20002047 	.word	0x20002047
10003eac:	10003ce9 	.word	0x10003ce9
10003eb0:	20001ff4 	.word	0x20001ff4
10003eb4:	20001584 	.word	0x20001584
10003eb8:	10003b11 	.word	0x10003b11
10003ebc:	10003aa1 	.word	0x10003aa1

10003ec0 <tud_descriptor_device_cb>:
10003ec0:	4800      	ldr	r0, [pc, #0]	@ (10003ec4 <tud_descriptor_device_cb+0x4>)
10003ec2:	4770      	bx	lr
10003ec4:	1000647c 	.word	0x1000647c

10003ec8 <tud_descriptor_configuration_cb>:
10003ec8:	4800      	ldr	r0, [pc, #0]	@ (10003ecc <tud_descriptor_configuration_cb+0x4>)
10003eca:	4770      	bx	lr
10003ecc:	10006428 	.word	0x10006428

10003ed0 <tud_descriptor_string_cb>:
10003ed0:	b500      	push	{lr}
10003ed2:	4a1c      	ldr	r2, [pc, #112]	@ (10003f44 <tud_descriptor_string_cb+0x74>)
10003ed4:	4603      	mov	r3, r0
10003ed6:	7811      	ldrb	r1, [r2, #0]
10003ed8:	b083      	sub	sp, #12
10003eda:	b331      	cbz	r1, 10003f2a <tud_descriptor_string_cb+0x5a>
10003edc:	b963      	cbnz	r3, 10003ef8 <tud_descriptor_string_cb+0x28>
10003ede:	f240 4209 	movw	r2, #1033	@ 0x409
10003ee2:	f44f 7341 	mov.w	r3, #772	@ 0x304
10003ee6:	f8df c060 	ldr.w	ip, [pc, #96]	@ 10003f48 <tud_descriptor_string_cb+0x78>
10003eea:	f8ac 2002 	strh.w	r2, [ip, #2]
10003eee:	4816      	ldr	r0, [pc, #88]	@ (10003f48 <tud_descriptor_string_cb+0x78>)
10003ef0:	f8ac 3000 	strh.w	r3, [ip]
10003ef4:	b003      	add	sp, #12
10003ef6:	bd00      	pop	{pc}
10003ef8:	2b05      	cmp	r3, #5
10003efa:	d820      	bhi.n	10003f3e <tud_descriptor_string_cb+0x6e>
10003efc:	4a13      	ldr	r2, [pc, #76]	@ (10003f4c <tud_descriptor_string_cb+0x7c>)
10003efe:	f8df c048 	ldr.w	ip, [pc, #72]	@ 10003f48 <tud_descriptor_string_cb+0x78>
10003f02:	f852 1023 	ldr.w	r1, [r2, r3, lsl #2]
10003f06:	4660      	mov	r0, ip
10003f08:	2300      	movs	r3, #0
10003f0a:	3901      	subs	r1, #1
10003f0c:	e003      	b.n	10003f16 <tud_descriptor_string_cb+0x46>
10003f0e:	2b13      	cmp	r3, #19
10003f10:	f820 2f02 	strh.w	r2, [r0, #2]!
10003f14:	d010      	beq.n	10003f38 <tud_descriptor_string_cb+0x68>
10003f16:	f811 2f01 	ldrb.w	r2, [r1, #1]!
10003f1a:	3301      	adds	r3, #1
10003f1c:	b2db      	uxtb	r3, r3
10003f1e:	2a00      	cmp	r2, #0
10003f20:	d1f5      	bne.n	10003f0e <tud_descriptor_string_cb+0x3e>
10003f22:	005b      	lsls	r3, r3, #1
10003f24:	f443 7340 	orr.w	r3, r3, #768	@ 0x300
10003f28:	e7e1      	b.n	10003eee <tud_descriptor_string_cb+0x1e>
10003f2a:	9001      	str	r0, [sp, #4]
10003f2c:	2111      	movs	r1, #17
10003f2e:	4610      	mov	r0, r2
10003f30:	f000 f824 	bl	10003f7c <pico_get_unique_board_id_string>
10003f34:	9b01      	ldr	r3, [sp, #4]
10003f36:	e7d1      	b.n	10003edc <tud_descriptor_string_cb+0xc>
10003f38:	f44f 734a 	mov.w	r3, #808	@ 0x328
10003f3c:	e7d7      	b.n	10003eee <tud_descriptor_string_cb+0x1e>
10003f3e:	2000      	movs	r0, #0
10003f40:	e7d8      	b.n	10003ef4 <tud_descriptor_string_cb+0x24>
10003f42:	bf00      	nop
10003f44:	20002030 	.word	0x20002030
10003f48:	20001ab4 	.word	0x20001ab4
10003f4c:	10006410 	.word	0x10006410

10003f50 <_retrieve_unique_id_on_boot>:
10003f50:	b500      	push	{lr}
10003f52:	f245 3047 	movw	r0, #21319	@ 0x5347
10003f56:	b08b      	sub	sp, #44	@ 0x2c
10003f58:	f7fd fb5c 	bl	10001614 <rom_func_lookup>
10003f5c:	2201      	movs	r2, #1
10003f5e:	4603      	mov	r3, r0
10003f60:	2109      	movs	r1, #9
10003f62:	a801      	add	r0, sp, #4
10003f64:	4798      	blx	r3
10003f66:	e9dd 3203 	ldrd	r3, r2, [sp, #12]
10003f6a:	4903      	ldr	r1, [pc, #12]	@ (10003f78 <_retrieve_unique_id_on_boot+0x28>)
10003f6c:	ba12      	rev	r2, r2
10003f6e:	ba1b      	rev	r3, r3
10003f70:	e9c1 2300 	strd	r2, r3, [r1]
10003f74:	b00b      	add	sp, #44	@ 0x2c
10003f76:	bd00      	pop	{pc}
10003f78:	20002020 	.word	0x20002020

10003f7c <pico_get_unique_board_id_string>:
10003f7c:	2901      	cmp	r1, #1
10003f7e:	f000 80bb 	beq.w	100040f8 <pico_get_unique_board_id_string+0x17c>
10003f82:	4a61      	ldr	r2, [pc, #388]	@ (10004108 <pico_get_unique_board_id_string+0x18c>)
10003f84:	3901      	subs	r1, #1
10003f86:	7813      	ldrb	r3, [r2, #0]
10003f88:	ea4f 1c23 	mov.w	ip, r3, asr #4
10003f8c:	f1bc 0f09 	cmp.w	ip, #9
10003f90:	bfcc      	ite	gt
10003f92:	f10c 0c37 	addgt.w	ip, ip, #55	@ 0x37
10003f96:	f10c 0c30 	addle.w	ip, ip, #48	@ 0x30
10003f9a:	2901      	cmp	r1, #1
10003f9c:	f880 c000 	strb.w	ip, [r0]
10003fa0:	f000 80ad 	beq.w	100040fe <pico_get_unique_board_id_string+0x182>
10003fa4:	f003 030f 	and.w	r3, r3, #15
10003fa8:	2b09      	cmp	r3, #9
10003faa:	bf8c      	ite	hi
10003fac:	3337      	addhi	r3, #55	@ 0x37
10003fae:	3330      	addls	r3, #48	@ 0x30
10003fb0:	2902      	cmp	r1, #2
10003fb2:	7043      	strb	r3, [r0, #1]
10003fb4:	f000 80a3 	beq.w	100040fe <pico_get_unique_board_id_string+0x182>
10003fb8:	7853      	ldrb	r3, [r2, #1]
10003fba:	ea4f 1c23 	mov.w	ip, r3, asr #4
10003fbe:	f1bc 0f09 	cmp.w	ip, #9
10003fc2:	bfcc      	ite	gt
10003fc4:	f10c 0c37 	addgt.w	ip, ip, #55	@ 0x37
10003fc8:	f10c 0c30 	addle.w	ip, ip, #48	@ 0x30
10003fcc:	2903      	cmp	r1, #3
10003fce:	f880 c002 	strb.w	ip, [r0, #2]
10003fd2:	f000 8094 	beq.w	100040fe <pico_get_unique_board_id_string+0x182>
10003fd6:	f003 030f 	and.w	r3, r3, #15
10003fda:	2b09      	cmp	r3, #9
10003fdc:	bf8c      	ite	hi
10003fde:	3337      	addhi	r3, #55	@ 0x37
10003fe0:	3330      	addls	r3, #48	@ 0x30
10003fe2:	2904      	cmp	r1, #4
10003fe4:	70c3      	strb	r3, [r0, #3]
10003fe6:	f000 808a 	beq.w	100040fe <pico_get_unique_board_id_string+0x182>
10003fea:	7893      	ldrb	r3, [r2, #2]
10003fec:	ea4f 1c23 	mov.w	ip, r3, asr #4
10003ff0:	f1bc 0f09 	cmp.w	ip, #9
10003ff4:	bfcc      	ite	gt
10003ff6:	f10c 0c37 	addgt.w	ip, ip, #55	@ 0x37
10003ffa:	f10c 0c30 	addle.w	ip, ip, #48	@ 0x30
10003ffe:	2905      	cmp	r1, #5
10004000:	f880 c004 	strb.w	ip, [r0, #4]
10004004:	d07b      	beq.n	100040fe <pico_get_unique_board_id_string+0x182>
10004006:	f003 030f 	and.w	r3, r3, #15
1000400a:	2b09      	cmp	r3, #9
1000400c:	bf8c      	ite	hi
1000400e:	3337      	addhi	r3, #55	@ 0x37
10004010:	3330      	addls	r3, #48	@ 0x30
10004012:	2906      	cmp	r1, #6
10004014:	7143      	strb	r3, [r0, #5]
10004016:	d072      	beq.n	100040fe <pico_get_unique_board_id_string+0x182>
10004018:	78d3      	ldrb	r3, [r2, #3]
1000401a:	ea4f 1c23 	mov.w	ip, r3, asr #4
1000401e:	f1bc 0f09 	cmp.w	ip, #9
10004022:	bfcc      	ite	gt
10004024:	f10c 0c37 	addgt.w	ip, ip, #55	@ 0x37
10004028:	f10c 0c30 	addle.w	ip, ip, #48	@ 0x30
1000402c:	2907      	cmp	r1, #7
1000402e:	f880 c006 	strb.w	ip, [r0, #6]
10004032:	d064      	beq.n	100040fe <pico_get_unique_board_id_string+0x182>
10004034:	f003 030f 	and.w	r3, r3, #15
10004038:	2b09      	cmp	r3, #9
1000403a:	bf8c      	ite	hi
1000403c:	3337      	addhi	r3, #55	@ 0x37
1000403e:	3330      	addls	r3, #48	@ 0x30
10004040:	2908      	cmp	r1, #8
10004042:	71c3      	strb	r3, [r0, #7]
10004044:	d05b      	beq.n	100040fe <pico_get_unique_board_id_string+0x182>
10004046:	7913      	ldrb	r3, [r2, #4]
10004048:	ea4f 1c23 	mov.w	ip, r3, asr #4
1000404c:	f1bc 0f09 	cmp.w	ip, #9
10004050:	bfcc      	ite	gt
10004052:	f10c 0c37 	addgt.w	ip, ip, #55	@ 0x37
10004056:	f10c 0c30 	addle.w	ip, ip, #48	@ 0x30
1000405a:	2909      	cmp	r1, #9
1000405c:	f880 c008 	strb.w	ip, [r0, #8]
10004060:	d04d      	beq.n	100040fe <pico_get_unique_board_id_string+0x182>
10004062:	f003 030f 	and.w	r3, r3, #15
10004066:	2b09      	cmp	r3, #9
10004068:	bf8c      	ite	hi
1000406a:	3337      	addhi	r3, #55	@ 0x37
1000406c:	3330      	addls	r3, #48	@ 0x30
1000406e:	290a      	cmp	r1, #10
10004070:	7243      	strb	r3, [r0, #9]
10004072:	d044      	beq.n	100040fe <pico_get_unique_board_id_string+0x182>
10004074:	7953      	ldrb	r3, [r2, #5]
10004076:	ea4f 1c23 	mov.w	ip, r3, asr #4
1000407a:	f1bc 0f09 	cmp.w	ip, #9
1000407e:	bfcc      	ite	gt
10004080:	f10c 0c37 	addgt.w	ip, ip, #55	@ 0x37
10004084:	f10c 0c30 	addle.w	ip, ip, #48	@ 0x30
10004088:	290b      	cmp	r1, #11
1000408a:	f880 c00a 	strb.w	ip, [r0, #10]
1000408e:	d036      	beq.n	100040fe <pico_get_unique_board_id_string+0x182>
10004090:	f003 030f 	and.w	r3, r3, #15
10004094:	2b09      	cmp	r3, #9
10004096:	bf8c      	ite	hi
10004098:	3337      	addhi	r3, #55	@ 0x37
1000409a:	3330      	addls	r3, #48	@ 0x30
1000409c:	290c      	cmp	r1, #12
1000409e:	72c3      	strb	r3, [r0, #11]
100040a0:	d02d      	beq.n	100040fe <pico_get_unique_board_id_string+0x182>
100040a2:	7993      	ldrb	r3, [r2, #6]
100040a4:	ea4f 1c23 	mov.w	ip, r3, asr #4
100040a8:	f1bc 0f09 	cmp.w	ip, #9
100040ac:	bfcc      	ite	gt
100040ae:	f10c 0c37 	addgt.w	ip, ip, #55	@ 0x37
100040b2:	f10c 0c30 	addle.w	ip, ip, #48	@ 0x30
100040b6:	290d      	cmp	r1, #13
100040b8:	f880 c00c 	strb.w	ip, [r0, #12]
100040bc:	d01f      	beq.n	100040fe <pico_get_unique_board_id_string+0x182>
100040be:	f003 030f 	and.w	r3, r3, #15
100040c2:	2b09      	cmp	r3, #9
100040c4:	bf8c      	ite	hi
100040c6:	3337      	addhi	r3, #55	@ 0x37
100040c8:	3330      	addls	r3, #48	@ 0x30
100040ca:	290e      	cmp	r1, #14
100040cc:	7343      	strb	r3, [r0, #13]
100040ce:	d016      	beq.n	100040fe <pico_get_unique_board_id_string+0x182>
100040d0:	79d3      	ldrb	r3, [r2, #7]
100040d2:	111a      	asrs	r2, r3, #4
100040d4:	2a09      	cmp	r2, #9
100040d6:	bfcc      	ite	gt
100040d8:	3237      	addgt	r2, #55	@ 0x37
100040da:	3230      	addle	r2, #48	@ 0x30
100040dc:	290f      	cmp	r1, #15
100040de:	7382      	strb	r2, [r0, #14]
100040e0:	d00d      	beq.n	100040fe <pico_get_unique_board_id_string+0x182>
100040e2:	f003 030f 	and.w	r3, r3, #15
100040e6:	2b09      	cmp	r3, #9
100040e8:	bf94      	ite	ls
100040ea:	3330      	addls	r3, #48	@ 0x30
100040ec:	3337      	addhi	r3, #55	@ 0x37
100040ee:	2910      	cmp	r1, #16
100040f0:	73c3      	strb	r3, [r0, #15]
100040f2:	bf18      	it	ne
100040f4:	3010      	addne	r0, #16
100040f6:	d002      	beq.n	100040fe <pico_get_unique_board_id_string+0x182>
100040f8:	2300      	movs	r3, #0
100040fa:	7003      	strb	r3, [r0, #0]
100040fc:	4770      	bx	lr
100040fe:	2300      	movs	r3, #0
10004100:	4408      	add	r0, r1
10004102:	7003      	strb	r3, [r0, #0]
10004104:	4770      	bx	lr
10004106:	bf00      	nop
10004108:	20002020 	.word	0x20002020

1000410c <usb_reset_interface_init>:
1000410c:	4770      	bx	lr
1000410e:	bf00      	nop

10004110 <usb_reset_interface_reset>:
10004110:	2200      	movs	r2, #0
10004112:	4b01      	ldr	r3, [pc, #4]	@ (10004118 <usb_reset_interface_reset+0x8>)
10004114:	701a      	strb	r2, [r3, #0]
10004116:	4770      	bx	lr
10004118:	20002045 	.word	0x20002045

1000411c <usb_reset_interface_open>:
1000411c:	794b      	ldrb	r3, [r1, #5]
1000411e:	2bff      	cmp	r3, #255	@ 0xff
10004120:	d10b      	bne.n	1000413a <usb_reset_interface_open+0x1e>
10004122:	7988      	ldrb	r0, [r1, #6]
10004124:	b948      	cbnz	r0, 1000413a <usb_reset_interface_open+0x1e>
10004126:	79cb      	ldrb	r3, [r1, #7]
10004128:	2b01      	cmp	r3, #1
1000412a:	d107      	bne.n	1000413c <usb_reset_interface_open+0x20>
1000412c:	2a08      	cmp	r2, #8
1000412e:	d905      	bls.n	1000413c <usb_reset_interface_open+0x20>
10004130:	4b03      	ldr	r3, [pc, #12]	@ (10004140 <usb_reset_interface_open+0x24>)
10004132:	788a      	ldrb	r2, [r1, #2]
10004134:	2009      	movs	r0, #9
10004136:	701a      	strb	r2, [r3, #0]
10004138:	4770      	bx	lr
1000413a:	2000      	movs	r0, #0
1000413c:	4770      	bx	lr
1000413e:	bf00      	nop
10004140:	20002045 	.word	0x20002045

10004144 <usb_reset_interface_xfer_cb>:
10004144:	2001      	movs	r0, #1
10004146:	4770      	bx	lr

10004148 <usb_reset_interface_control_xfer_cb>:
10004148:	2901      	cmp	r1, #1
1000414a:	d001      	beq.n	10004150 <usb_reset_interface_control_xfer_cb+0x8>
1000414c:	2001      	movs	r0, #1
1000414e:	4770      	bx	lr
10004150:	b508      	push	{r3, lr}
10004152:	4b10      	ldr	r3, [pc, #64]	@ (10004194 <usb_reset_interface_control_xfer_cb+0x4c>)
10004154:	8891      	ldrh	r1, [r2, #4]
10004156:	781b      	ldrb	r3, [r3, #0]
10004158:	4299      	cmp	r1, r3
1000415a:	d001      	beq.n	10004160 <usb_reset_interface_control_xfer_cb+0x18>
1000415c:	2000      	movs	r0, #0
1000415e:	bd08      	pop	{r3, pc}
10004160:	7853      	ldrb	r3, [r2, #1]
10004162:	2b01      	cmp	r3, #1
10004164:	d008      	beq.n	10004178 <usb_reset_interface_control_xfer_cb+0x30>
10004166:	2b02      	cmp	r3, #2
10004168:	d1f8      	bne.n	1000415c <usb_reset_interface_control_xfer_cb+0x14>
1000416a:	2100      	movs	r1, #0
1000416c:	2264      	movs	r2, #100	@ 0x64
1000416e:	4608      	mov	r0, r1
10004170:	f7fd f9d0 	bl	10001514 <watchdog_reboot>
10004174:	2001      	movs	r0, #1
10004176:	bd08      	pop	{r3, pc}
10004178:	8851      	ldrh	r1, [r2, #2]
1000417a:	f411 7280 	ands.w	r2, r1, #256	@ 0x100
1000417e:	bf1a      	itte	ne
10004180:	f3c1 12c0 	ubfxne	r2, r1, #7, #1
10004184:	0a48      	lsrne	r0, r1, #9
10004186:	f04f 30ff 	moveq.w	r0, #4294967295	@ 0xffffffff
1000418a:	f001 0103 	and.w	r1, r1, #3
1000418e:	f7fd fa4d 	bl	1000162c <rom_reset_usb_boot_extra>
10004192:	bf00      	nop
10004194:	20002045 	.word	0x20002045

10004198 <tud_descriptor_bos_cb>:
10004198:	4800      	ldr	r0, [pc, #0]	@ (1000419c <tud_descriptor_bos_cb+0x4>)
1000419a:	4770      	bx	lr
1000419c:	10006538 	.word	0x10006538

100041a0 <tud_vendor_control_xfer_cb>:
100041a0:	2901      	cmp	r1, #1
100041a2:	d107      	bne.n	100041b4 <tud_vendor_control_xfer_cb+0x14>
100041a4:	7853      	ldrb	r3, [r2, #1]
100041a6:	2b01      	cmp	r3, #1
100041a8:	d102      	bne.n	100041b0 <tud_vendor_control_xfer_cb+0x10>
100041aa:	8893      	ldrh	r3, [r2, #4]
100041ac:	2b07      	cmp	r3, #7
100041ae:	d003      	beq.n	100041b8 <tud_vendor_control_xfer_cb+0x18>
100041b0:	2000      	movs	r0, #0
100041b2:	4770      	bx	lr
100041b4:	2001      	movs	r0, #1
100041b6:	4770      	bx	lr
100041b8:	4611      	mov	r1, r2
100041ba:	23a6      	movs	r3, #166	@ 0xa6
100041bc:	4a01      	ldr	r2, [pc, #4]	@ (100041c4 <tud_vendor_control_xfer_cb+0x24>)
100041be:	f000 bf1f 	b.w	10005000 <tud_control_xfer>
100041c2:	bf00      	nop
100041c4:	10006490 	.word	0x10006490

100041c8 <usbd_app_driver_get_cb>:
100041c8:	4603      	mov	r3, r0
100041ca:	2201      	movs	r2, #1
100041cc:	4801      	ldr	r0, [pc, #4]	@ (100041d4 <usbd_app_driver_get_cb+0xc>)
100041ce:	701a      	strb	r2, [r3, #0]
100041d0:	4770      	bx	lr
100041d2:	bf00      	nop
100041d4:	1000655c 	.word	0x1000655c

100041d8 <tud_cdc_line_coding_cb>:
100041d8:	b508      	push	{r3, lr}
100041da:	680b      	ldr	r3, [r1, #0]
100041dc:	f5b3 6f96 	cmp.w	r3, #1200	@ 0x4b0
100041e0:	d000      	beq.n	100041e4 <tud_cdc_line_coding_cb+0xc>
100041e2:	bd08      	pop	{r3, pc}
100041e4:	2200      	movs	r2, #0
100041e6:	f04f 30ff 	mov.w	r0, #4294967295	@ 0xffffffff
100041ea:	4611      	mov	r1, r2
100041ec:	f7fd fa1e 	bl	1000162c <rom_reset_usb_boot_extra>

100041f0 <dcd_init>:
100041f0:	b510      	push	{r4, lr}
100041f2:	f000 f92d 	bl	10004450 <rp2040_usb_init>
100041f6:	230c      	movs	r3, #12
100041f8:	4c1c      	ldr	r4, [pc, #112]	@ (1000426c <dcd_init+0x7c>)
100041fa:	22ff      	movs	r2, #255	@ 0xff
100041fc:	67a3      	str	r3, [r4, #120]	@ 0x78
100041fe:	200e      	movs	r0, #14
10004200:	491b      	ldr	r1, [pc, #108]	@ (10004270 <dcd_init+0x80>)
10004202:	f7fc fb39 	bl	10000878 <irq_add_shared_handler>
10004206:	2240      	movs	r2, #64	@ 0x40
10004208:	2100      	movs	r1, #0
1000420a:	481a      	ldr	r0, [pc, #104]	@ (10004274 <dcd_init+0x84>)
1000420c:	f001 fdfc 	bl	10005e08 <memset>
10004210:	f04f 0c80 	mov.w	ip, #128	@ 0x80
10004214:	2001      	movs	r0, #1
10004216:	4a17      	ldr	r2, [pc, #92]	@ (10004274 <dcd_init+0x84>)
10004218:	2300      	movs	r3, #0
1000421a:	f8a2 c022 	strh.w	ip, [r2, #34]	@ 0x22
1000421e:	7050      	strb	r0, [r2, #1]
10004220:	4610      	mov	r0, r2
10004222:	2240      	movs	r2, #64	@ 0x40
10004224:	4914      	ldr	r1, [pc, #80]	@ (10004278 <dcd_init+0x88>)
10004226:	8302      	strh	r2, [r0, #24]
10004228:	8702      	strh	r2, [r0, #56]	@ 0x38
1000422a:	4a14      	ldr	r2, [pc, #80]	@ (1000427c <dcd_init+0x8c>)
1000422c:	6081      	str	r1, [r0, #8]
1000422e:	6043      	str	r3, [r0, #4]
10004230:	f8c2 3084 	str.w	r3, [r2, #132]	@ 0x84
10004234:	f8c2 3080 	str.w	r3, [r2, #128]	@ 0x80
10004238:	f880 3021 	strb.w	r3, [r0, #33]	@ 0x21
1000423c:	f880 303b 	strb.w	r3, [r0, #59]	@ 0x3b
10004240:	6243      	str	r3, [r0, #36]	@ 0x24
10004242:	4b0f      	ldr	r3, [pc, #60]	@ (10004280 <dcd_init+0x90>)
10004244:	60c3      	str	r3, [r0, #12]
10004246:	62c3      	str	r3, [r0, #44]	@ 0x2c
10004248:	3b80      	subs	r3, #128	@ 0x80
1000424a:	6283      	str	r3, [r0, #40]	@ 0x28
1000424c:	f001 feec 	bl	10006028 <__reset_non_control_endpoints_veneer>
10004250:	f04f 5c00 	mov.w	ip, #536870912	@ 0x20000000
10004254:	f44f 3280 	mov.w	r2, #65536	@ 0x10000
10004258:	2001      	movs	r0, #1
1000425a:	490a      	ldr	r1, [pc, #40]	@ (10004284 <dcd_init+0x94>)
1000425c:	4b0a      	ldr	r3, [pc, #40]	@ (10004288 <dcd_init+0x98>)
1000425e:	6420      	str	r0, [r4, #64]	@ 0x40
10004260:	f8c4 c04c 	str.w	ip, [r4, #76]	@ 0x4c
10004264:	f8c4 1090 	str.w	r1, [r4, #144]	@ 0x90
10004268:	64da      	str	r2, [r3, #76]	@ 0x4c
1000426a:	bd10      	pop	{r4, pc}
1000426c:	50110000 	.word	0x50110000
10004270:	200003d1 	.word	0x200003d1
10004274:	20001ae8 	.word	0x20001ae8
10004278:	50100084 	.word	0x50100084
1000427c:	50100000 	.word	0x50100000
10004280:	50100100 	.word	0x50100100
10004284:	0001d010 	.word	0x0001d010
10004288:	50112000 	.word	0x50112000

1000428c <dcd_int_enable>:
1000428c:	2101      	movs	r1, #1
1000428e:	200e      	movs	r0, #14
10004290:	f7fc ba7e 	b.w	10000790 <irq_set_enabled>

10004294 <dcd_set_address>:
10004294:	2200      	movs	r2, #0
10004296:	4802      	ldr	r0, [pc, #8]	@ (100042a0 <dcd_set_address+0xc>)
10004298:	4611      	mov	r1, r2
1000429a:	f000 b8f9 	b.w	10004490 <hw_endpoint_xfer_start>
1000429e:	bf00      	nop
100042a0:	20001b08 	.word	0x20001b08

100042a4 <dcd_sof_enable>:
100042a4:	4b04      	ldr	r3, [pc, #16]	@ (100042b8 <dcd_sof_enable+0x14>)
100042a6:	7019      	strb	r1, [r3, #0]
100042a8:	b121      	cbz	r1, 100042b4 <dcd_sof_enable+0x10>
100042aa:	f44f 3200 	mov.w	r2, #131072	@ 0x20000
100042ae:	4b03      	ldr	r3, [pc, #12]	@ (100042bc <dcd_sof_enable+0x18>)
100042b0:	f8c3 2090 	str.w	r2, [r3, #144]	@ 0x90
100042b4:	4770      	bx	lr
100042b6:	bf00      	nop
100042b8:	20002042 	.word	0x20002042
100042bc:	50112000 	.word	0x50112000

100042c0 <dcd_edpt0_status_complete>:
100042c0:	780b      	ldrb	r3, [r1, #0]
100042c2:	065b      	lsls	r3, r3, #25
100042c4:	d000      	beq.n	100042c8 <dcd_edpt0_status_complete+0x8>
100042c6:	4770      	bx	lr
100042c8:	784b      	ldrb	r3, [r1, #1]
100042ca:	2b05      	cmp	r3, #5
100042cc:	d1fb      	bne.n	100042c6 <dcd_edpt0_status_complete+0x6>
100042ce:	884b      	ldrh	r3, [r1, #2]
100042d0:	4a01      	ldr	r2, [pc, #4]	@ (100042d8 <dcd_edpt0_status_complete+0x18>)
100042d2:	b2db      	uxtb	r3, r3
100042d4:	6013      	str	r3, [r2, #0]
100042d6:	e7f6      	b.n	100042c6 <dcd_edpt0_status_complete+0x6>
100042d8:	50110000 	.word	0x50110000

100042dc <dcd_edpt_open>:
100042dc:	78cb      	ldrb	r3, [r1, #3]
100042de:	e92d 41f0 	stmdb	sp!, {r4, r5, r6, r7, r8, lr}
100042e2:	f003 0e03 	and.w	lr, r3, #3
100042e6:	f1be 0f01 	cmp.w	lr, #1
100042ea:	f3c3 0001 	ubfx	r0, r3, #0, #2
100042ee:	d057      	beq.n	100043a0 <dcd_edpt_open+0xc4>
100042f0:	2600      	movs	r6, #0
100042f2:	788c      	ldrb	r4, [r1, #2]
100042f4:	f8df c0d4 	ldr.w	ip, [pc, #212]	@ 100043cc <dcd_edpt_open+0xf0>
100042f8:	f004 027f 	and.w	r2, r4, #127	@ 0x7f
100042fc:	0053      	lsls	r3, r2, #1
100042fe:	8889      	ldrh	r1, [r1, #4]
10004300:	4698      	mov	r8, r3
10004302:	eb03 13d4 	add.w	r3, r3, r4, lsr #7
10004306:	eb0c 1343 	add.w	r3, ip, r3, lsl #5
1000430a:	09e5      	lsrs	r5, r4, #7
1000430c:	76d8      	strb	r0, [r3, #27]
1000430e:	f3c1 010a 	ubfx	r1, r1, #0, #11
10004312:	f085 0001 	eor.w	r0, r5, #1
10004316:	709c      	strb	r4, [r3, #2]
10004318:	8319      	strh	r1, [r3, #24]
1000431a:	7058      	strb	r0, [r3, #1]
1000431c:	70de      	strb	r6, [r3, #3]
1000431e:	00d3      	lsls	r3, r2, #3
10004320:	bb6d      	cbnz	r5, 1000437e <dcd_edpt_open+0xa2>
10004322:	4825      	ldr	r0, [pc, #148]	@ (100043b8 <dcd_edpt_open+0xdc>)
10004324:	3304      	adds	r3, #4
10004326:	eb0c 1482 	add.w	r4, ip, r2, lsl #6
1000432a:	181f      	adds	r7, r3, r0
1000432c:	60a7      	str	r7, [r4, #8]
1000432e:	501e      	str	r6, [r3, r0]
10004330:	b36a      	cbz	r2, 1000438e <dcd_edpt_open+0xb2>
10004332:	4b22      	ldr	r3, [pc, #136]	@ (100043bc <dcd_edpt_open+0xe0>)
10004334:	eb03 03c2 	add.w	r3, r3, r2, lsl #3
10004338:	6063      	str	r3, [r4, #4]
1000433a:	313f      	adds	r1, #63	@ 0x3f
1000433c:	0989      	lsrs	r1, r1, #6
1000433e:	f1be 0f02 	cmp.w	lr, #2
10004342:	bf14      	ite	ne
10004344:	018b      	lslne	r3, r1, #6
10004346:	01cb      	lsleq	r3, r1, #7
10004348:	491d      	ldr	r1, [pc, #116]	@ (100043c0 <dcd_edpt_open+0xe4>)
1000434a:	eb08 0205 	add.w	r2, r8, r5
1000434e:	eb0c 1c42 	add.w	ip, ip, r2, lsl #5
10004352:	680a      	ldr	r2, [r1, #0]
10004354:	481b      	ldr	r0, [pc, #108]	@ (100043c4 <dcd_edpt_open+0xe8>)
10004356:	4413      	add	r3, r2
10004358:	4283      	cmp	r3, r0
1000435a:	600b      	str	r3, [r1, #0]
1000435c:	f8cc 200c 	str.w	r2, [ip, #12]
10004360:	d828      	bhi.n	100043b4 <dcd_edpt_open+0xd8>
10004362:	f082 43a0 	eor.w	r3, r2, #1342177280	@ 0x50000000
10004366:	f483 1380 	eor.w	r3, r3, #1048576	@ 0x100000
1000436a:	f8dc 2004 	ldr.w	r2, [ip, #4]
1000436e:	ea43 638e 	orr.w	r3, r3, lr, lsl #26
10004372:	f043 4300 	orr.w	r3, r3, #2147483648	@ 0x80000000
10004376:	6013      	str	r3, [r2, #0]
10004378:	2001      	movs	r0, #1
1000437a:	e8bd 81f0 	ldmia.w	sp!, {r4, r5, r6, r7, r8, pc}
1000437e:	480e      	ldr	r0, [pc, #56]	@ (100043b8 <dcd_edpt_open+0xdc>)
10004380:	eb0c 1482 	add.w	r4, ip, r2, lsl #6
10004384:	4403      	add	r3, r0
10004386:	62a3      	str	r3, [r4, #40]	@ 0x28
10004388:	f840 6032 	str.w	r6, [r0, r2, lsl #3]
1000438c:	b95a      	cbnz	r2, 100043a6 <dcd_edpt_open+0xca>
1000438e:	4613      	mov	r3, r2
10004390:	4a0d      	ldr	r2, [pc, #52]	@ (100043c8 <dcd_edpt_open+0xec>)
10004392:	eb0c 1c45 	add.w	ip, ip, r5, lsl #5
10004396:	f8cc 200c 	str.w	r2, [ip, #12]
1000439a:	f8cc 3004 	str.w	r3, [ip, #4]
1000439e:	e7eb      	b.n	10004378 <dcd_edpt_open+0x9c>
100043a0:	2000      	movs	r0, #0
100043a2:	e8bd 81f0 	ldmia.w	sp!, {r4, r5, r6, r7, r8, pc}
100043a6:	00d2      	lsls	r2, r2, #3
100043a8:	f102 42a0 	add.w	r2, r2, #1342177280	@ 0x50000000
100043ac:	f502 1280 	add.w	r2, r2, #1048576	@ 0x100000
100043b0:	6262      	str	r2, [r4, #36]	@ 0x24
100043b2:	e7c2      	b.n	1000433a <dcd_edpt_open+0x5e>
100043b4:	f7fd f984 	bl	100016c0 <hard_assertion_failure>
100043b8:	50100080 	.word	0x50100080
100043bc:	50100004 	.word	0x50100004
100043c0:	20001ff0 	.word	0x20001ff0
100043c4:	50100fff 	.word	0x50100fff
100043c8:	50100100 	.word	0x50100100
100043cc:	20001ae8 	.word	0x20001ae8

100043d0 <dcd_edpt_close_all>:
100043d0:	f001 be2a 	b.w	10006028 <__reset_non_control_endpoints_veneer>

100043d4 <dcd_edpt_xfer>:
100043d4:	b508      	push	{r3, lr}
100043d6:	4696      	mov	lr, r2
100043d8:	f8df c01c 	ldr.w	ip, [pc, #28]	@ 100043f8 <dcd_edpt_xfer+0x24>
100043dc:	f001 027f 	and.w	r2, r1, #127	@ 0x7f
100043e0:	09c8      	lsrs	r0, r1, #7
100043e2:	eb00 0042 	add.w	r0, r0, r2, lsl #1
100043e6:	eb0c 1040 	add.w	r0, ip, r0, lsl #5
100043ea:	461a      	mov	r2, r3
100043ec:	4671      	mov	r1, lr
100043ee:	f000 f84f 	bl	10004490 <hw_endpoint_xfer_start>
100043f2:	2001      	movs	r0, #1
100043f4:	bd08      	pop	{r3, pc}
100043f6:	bf00      	nop
100043f8:	20001ae8 	.word	0x20001ae8

100043fc <dcd_edpt_stall>:
100043fc:	f011 027f 	ands.w	r2, r1, #127	@ 0x7f
10004400:	d105      	bne.n	1000440e <dcd_edpt_stall+0x12>
10004402:	2900      	cmp	r1, #0
10004404:	bf0c      	ite	eq
10004406:	2002      	moveq	r0, #2
10004408:	2001      	movne	r0, #1
1000440a:	4b06      	ldr	r3, [pc, #24]	@ (10004424 <dcd_edpt_stall+0x28>)
1000440c:	6698      	str	r0, [r3, #104]	@ 0x68
1000440e:	09c9      	lsrs	r1, r1, #7
10004410:	4b05      	ldr	r3, [pc, #20]	@ (10004428 <dcd_edpt_stall+0x2c>)
10004412:	eb01 0042 	add.w	r0, r1, r2, lsl #1
10004416:	eb03 1040 	add.w	r0, r3, r0, lsl #5
1000441a:	f44f 6200 	mov.w	r2, #2048	@ 0x800
1000441e:	2100      	movs	r1, #0
10004420:	f001 bde6 	b.w	10005ff0 <___hw_endpoint_buffer_control_update32_veneer>
10004424:	50112000 	.word	0x50112000
10004428:	20001ae8 	.word	0x20001ae8

1000442c <dcd_edpt_clear_stall>:
1000442c:	f011 037f 	ands.w	r3, r1, #127	@ 0x7f
10004430:	d100      	bne.n	10004434 <dcd_edpt_clear_stall+0x8>
10004432:	4770      	bx	lr
10004434:	2200      	movs	r2, #0
10004436:	4805      	ldr	r0, [pc, #20]	@ (1000444c <dcd_edpt_clear_stall+0x20>)
10004438:	005b      	lsls	r3, r3, #1
1000443a:	eb03 13d1 	add.w	r3, r3, r1, lsr #7
1000443e:	eb00 1043 	add.w	r0, r0, r3, lsl #5
10004442:	f46f 6100 	mvn.w	r1, #2048	@ 0x800
10004446:	70c2      	strb	r2, [r0, #3]
10004448:	f001 bdd2 	b.w	10005ff0 <___hw_endpoint_buffer_control_update32_veneer>
1000444c:	20001ae8 	.word	0x20001ae8

10004450 <rp2040_usb_init>:
10004450:	f04f 5280 	mov.w	r2, #268435456	@ 0x10000000
10004454:	4809      	ldr	r0, [pc, #36]	@ (1000447c <rp2040_usb_init+0x2c>)
10004456:	490a      	ldr	r1, [pc, #40]	@ (10004480 <rp2040_usb_init+0x30>)
10004458:	b508      	push	{r3, lr}
1000445a:	4b0a      	ldr	r3, [pc, #40]	@ (10004484 <rp2040_usb_init+0x34>)
1000445c:	6002      	str	r2, [r0, #0]
1000445e:	600a      	str	r2, [r1, #0]
10004460:	6899      	ldr	r1, [r3, #8]
10004462:	43c9      	mvns	r1, r1
10004464:	f011 5180 	ands.w	r1, r1, #268435456	@ 0x10000000
10004468:	d1fa      	bne.n	10004460 <rp2040_usb_init+0x10>
1000446a:	f44f 5280 	mov.w	r2, #4096	@ 0x1000
1000446e:	4806      	ldr	r0, [pc, #24]	@ (10004488 <rp2040_usb_init+0x38>)
10004470:	f001 fcca 	bl	10005e08 <memset>
10004474:	2209      	movs	r2, #9
10004476:	4b05      	ldr	r3, [pc, #20]	@ (1000448c <rp2040_usb_init+0x3c>)
10004478:	675a      	str	r2, [r3, #116]	@ 0x74
1000447a:	bd08      	pop	{r3, pc}
1000447c:	40022000 	.word	0x40022000
10004480:	40023000 	.word	0x40023000
10004484:	40020000 	.word	0x40020000
10004488:	50100000 	.word	0x50100000
1000448c:	50110000 	.word	0x50110000

10004490 <hw_endpoint_xfer_start>:
10004490:	2300      	movs	r3, #0
10004492:	f04f 0c01 	mov.w	ip, #1
10004496:	b510      	push	{r4, lr}
10004498:	6101      	str	r1, [r0, #16]
1000449a:	f880 c01a 	strb.w	ip, [r0, #26]
1000449e:	8282      	strh	r2, [r0, #20]
100044a0:	82c3      	strh	r3, [r0, #22]
100044a2:	4604      	mov	r4, r0
100044a4:	f001 fdb8 	bl	10006018 <__e15_is_bulkin_ep_veneer>
100044a8:	b120      	cbz	r0, 100044b4 <hw_endpoint_xfer_start+0x24>
100044aa:	f44f 3200 	mov.w	r2, #131072	@ 0x20000
100044ae:	4b07      	ldr	r3, [pc, #28]	@ (100044cc <hw_endpoint_xfer_start+0x3c>)
100044b0:	f8c3 2090 	str.w	r2, [r3, #144]	@ 0x90
100044b4:	4620      	mov	r0, r4
100044b6:	f001 fdab 	bl	10006010 <__e15_is_critical_frame_period_veneer>
100044ba:	b110      	cbz	r0, 100044c2 <hw_endpoint_xfer_start+0x32>
100044bc:	2301      	movs	r3, #1
100044be:	7723      	strb	r3, [r4, #28]
100044c0:	bd10      	pop	{r4, pc}
100044c2:	4620      	mov	r0, r4
100044c4:	e8bd 4010 	ldmia.w	sp!, {r4, lr}
100044c8:	f001 bd86 	b.w	10005fd8 <__hw_endpoint_start_next_buffer_veneer>
100044cc:	50112000 	.word	0x50112000

100044d0 <configuration_reset>:
100044d0:	e92d 41f0 	stmdb	sp!, {r4, r5, r6, r7, r8, lr}
100044d4:	f04f 0800 	mov.w	r8, #0
100044d8:	4c1b      	ldr	r4, [pc, #108]	@ (10004548 <configuration_reset+0x78>)
100044da:	4605      	mov	r5, r0
100044dc:	4642      	mov	r2, r8
100044de:	7823      	ldrb	r3, [r4, #0]
100044e0:	4f1a      	ldr	r7, [pc, #104]	@ (1000454c <configuration_reset+0x7c>)
100044e2:	4e1b      	ldr	r6, [pc, #108]	@ (10004550 <configuration_reset+0x80>)
100044e4:	e00d      	b.n	10004502 <configuration_reset+0x32>
100044e6:	6833      	ldr	r3, [r6, #0]
100044e8:	eb13 1342 	adds.w	r3, r3, r2, lsl #5
100044ec:	d023      	beq.n	10004536 <configuration_reset+0x66>
100044ee:	68db      	ldr	r3, [r3, #12]
100044f0:	4628      	mov	r0, r5
100044f2:	4798      	blx	r3
100044f4:	f108 0801 	add.w	r8, r8, #1
100044f8:	7823      	ldrb	r3, [r4, #0]
100044fa:	fa5f f288 	uxtb.w	r2, r8
100044fe:	4293      	cmp	r3, r2
10004500:	d306      	bcc.n	10004510 <configuration_reset+0x40>
10004502:	4293      	cmp	r3, r2
10004504:	eba2 0303 	sub.w	r3, r2, r3
10004508:	d8ed      	bhi.n	100044e6 <configuration_reset+0x16>
1000450a:	eb07 1343 	add.w	r3, r7, r3, lsl #5
1000450e:	e7ee      	b.n	100044ee <configuration_reset+0x1e>
10004510:	2254      	movs	r2, #84	@ 0x54
10004512:	2100      	movs	r1, #0
10004514:	480f      	ldr	r0, [pc, #60]	@ (10004554 <configuration_reset+0x84>)
10004516:	f001 fc77 	bl	10005e08 <memset>
1000451a:	f04f 33ff 	mov.w	r3, #4294967295	@ 0xffffffff
1000451e:	4c0d      	ldr	r4, [pc, #52]	@ (10004554 <configuration_reset+0x84>)
10004520:	2220      	movs	r2, #32
10004522:	e9c4 3301 	strd	r3, r3, [r4, #4]
10004526:	e9c4 3303 	strd	r3, r3, [r4, #12]
1000452a:	21ff      	movs	r1, #255	@ 0xff
1000452c:	e8bd 41f0 	ldmia.w	sp!, {r4, r5, r6, r7, r8, lr}
10004530:	4809      	ldr	r0, [pc, #36]	@ (10004558 <configuration_reset+0x88>)
10004532:	f001 bc69 	b.w	10005e08 <memset>
10004536:	f04f 23e0 	mov.w	r3, #3758153728	@ 0xe000e000
1000453a:	f8d3 3df0 	ldr.w	r3, [r3, #3568]	@ 0xdf0
1000453e:	07db      	lsls	r3, r3, #31
10004540:	d500      	bpl.n	10004544 <configuration_reset+0x74>
10004542:	be00      	bkpt	0x0000
10004544:	e8bd 81f0 	ldmia.w	sp!, {r4, r5, r6, r7, r8, pc}
10004548:	20002041 	.word	0x20002041
1000454c:	1000657c 	.word	0x1000657c
10004550:	20001818 	.word	0x20001818
10004554:	20001920 	.word	0x20001920
10004558:	20001934 	.word	0x20001934

1000455c <tud_event_hook_cb>:
1000455c:	4770      	bx	lr
1000455e:	bf00      	nop

10004560 <tud_sof_cb>:
10004560:	4770      	bx	lr
10004562:	bf00      	nop

10004564 <tud_descriptor_device_qualifier_cb>:
10004564:	2000      	movs	r0, #0
10004566:	4770      	bx	lr

10004568 <tud_descriptor_other_speed_configuration_cb>:
10004568:	2000      	movs	r0, #0
1000456a:	4770      	bx	lr

1000456c <tud_mount_cb>:
1000456c:	4770      	bx	lr
1000456e:	bf00      	nop

10004570 <tud_umount_cb>:
10004570:	4770      	bx	lr
10004572:	bf00      	nop

10004574 <tud_suspend_cb>:
10004574:	4770      	bx	lr
10004576:	bf00      	nop

10004578 <tud_resume_cb>:
10004578:	4770      	bx	lr
1000457a:	bf00      	nop

1000457c <tud_mounted>:
1000457c:	4b02      	ldr	r3, [pc, #8]	@ (10004588 <tud_mounted+0xc>)
1000457e:	7858      	ldrb	r0, [r3, #1]
10004580:	3800      	subs	r0, #0
10004582:	bf18      	it	ne
10004584:	2001      	movne	r0, #1
10004586:	4770      	bx	lr
10004588:	20001920 	.word	0x20001920

1000458c <tud_suspended>:
1000458c:	4b02      	ldr	r3, [pc, #8]	@ (10004598 <tud_suspended+0xc>)
1000458e:	7818      	ldrb	r0, [r3, #0]
10004590:	f3c0 0080 	ubfx	r0, r0, #2, #1
10004594:	4770      	bx	lr
10004596:	bf00      	nop
10004598:	20001920 	.word	0x20001920

1000459c <tud_rhport_init>:
1000459c:	e92d 47f0 	stmdb	sp!, {r4, r5, r6, r7, r8, r9, sl, lr}
100045a0:	4f2d      	ldr	r7, [pc, #180]	@ (10004658 <tud_rhport_init+0xbc>)
100045a2:	783b      	ldrb	r3, [r7, #0]
100045a4:	2bff      	cmp	r3, #255	@ 0xff
100045a6:	d154      	bne.n	10004652 <tud_rhport_init+0xb6>
100045a8:	2900      	cmp	r1, #0
100045aa:	d03d      	beq.n	10004628 <tud_rhport_init+0x8c>
100045ac:	2254      	movs	r2, #84	@ 0x54
100045ae:	468a      	mov	sl, r1
100045b0:	4681      	mov	r9, r0
100045b2:	2100      	movs	r1, #0
100045b4:	4829      	ldr	r0, [pc, #164]	@ (1000465c <tud_rhport_init+0xc0>)
100045b6:	f001 fc27 	bl	10005e08 <memset>
100045ba:	2200      	movs	r2, #0
100045bc:	4c28      	ldr	r4, [pc, #160]	@ (10004660 <tud_rhport_init+0xc4>)
100045be:	4b29      	ldr	r3, [pc, #164]	@ (10004664 <tud_rhport_init+0xc8>)
100045c0:	4620      	mov	r0, r4
100045c2:	701a      	strb	r2, [r3, #0]
100045c4:	f7fc faee 	bl	10000ba4 <mutex_init>
100045c8:	4b27      	ldr	r3, [pc, #156]	@ (10004668 <tud_rhport_init+0xcc>)
100045ca:	4828      	ldr	r0, [pc, #160]	@ (1000466c <tud_rhport_init+0xd0>)
100045cc:	601c      	str	r4, [r3, #0]
100045ce:	4c28      	ldr	r4, [pc, #160]	@ (10004670 <tud_rhport_init+0xd4>)
100045d0:	f7fc faf6 	bl	10000bc0 <critical_section_init>
100045d4:	4620      	mov	r0, r4
100045d6:	f001 fbdd 	bl	10005d94 <tu_fifo_clear>
100045da:	4a26      	ldr	r2, [pc, #152]	@ (10004674 <tud_rhport_init+0xd8>)
100045dc:	4b26      	ldr	r3, [pc, #152]	@ (10004678 <tud_rhport_init+0xdc>)
100045de:	6014      	str	r4, [r2, #0]
100045e0:	b123      	cbz	r3, 100045ec <tud_rhport_init+0x50>
100045e2:	4826      	ldr	r0, [pc, #152]	@ (1000467c <tud_rhport_init+0xe0>)
100045e4:	f7ff fdf0 	bl	100041c8 <usbd_app_driver_get_cb>
100045e8:	4b25      	ldr	r3, [pc, #148]	@ (10004680 <tud_rhport_init+0xe4>)
100045ea:	6018      	str	r0, [r3, #0]
100045ec:	f04f 0800 	mov.w	r8, #0
100045f0:	4c22      	ldr	r4, [pc, #136]	@ (1000467c <tud_rhport_init+0xe0>)
100045f2:	4643      	mov	r3, r8
100045f4:	7822      	ldrb	r2, [r4, #0]
100045f6:	4e23      	ldr	r6, [pc, #140]	@ (10004684 <tud_rhport_init+0xe8>)
100045f8:	4d21      	ldr	r5, [pc, #132]	@ (10004680 <tud_rhport_init+0xe4>)
100045fa:	e00d      	b.n	10004618 <tud_rhport_init+0x7c>
100045fc:	682a      	ldr	r2, [r5, #0]
100045fe:	eb12 1343 	adds.w	r3, r2, r3, lsl #5
10004602:	d011      	beq.n	10004628 <tud_rhport_init+0x8c>
10004604:	685b      	ldr	r3, [r3, #4]
10004606:	b17b      	cbz	r3, 10004628 <tud_rhport_init+0x8c>
10004608:	4798      	blx	r3
1000460a:	f108 0801 	add.w	r8, r8, #1
1000460e:	7822      	ldrb	r2, [r4, #0]
10004610:	fa5f f388 	uxtb.w	r3, r8
10004614:	4293      	cmp	r3, r2
10004616:	d811      	bhi.n	1000463c <tud_rhport_init+0xa0>
10004618:	4293      	cmp	r3, r2
1000461a:	d3ef      	bcc.n	100045fc <tud_rhport_init+0x60>
1000461c:	1a9b      	subs	r3, r3, r2
1000461e:	eb06 1343 	add.w	r3, r6, r3, lsl #5
10004622:	685b      	ldr	r3, [r3, #4]
10004624:	2b00      	cmp	r3, #0
10004626:	d1ef      	bne.n	10004608 <tud_rhport_init+0x6c>
10004628:	f04f 23e0 	mov.w	r3, #3758153728	@ 0xe000e000
1000462c:	f8d3 3df0 	ldr.w	r3, [r3, #3568]	@ 0xdf0
10004630:	07db      	lsls	r3, r3, #31
10004632:	d500      	bpl.n	10004636 <tud_rhport_init+0x9a>
10004634:	be00      	bkpt	0x0000
10004636:	2000      	movs	r0, #0
10004638:	e8bd 87f0 	ldmia.w	sp!, {r4, r5, r6, r7, r8, r9, sl, pc}
1000463c:	4651      	mov	r1, sl
1000463e:	4648      	mov	r0, r9
10004640:	f887 9000 	strb.w	r9, [r7]
10004644:	f7ff fdd4 	bl	100041f0 <dcd_init>
10004648:	2800      	cmp	r0, #0
1000464a:	d0ed      	beq.n	10004628 <tud_rhport_init+0x8c>
1000464c:	4648      	mov	r0, r9
1000464e:	f7ff fe1d 	bl	1000428c <dcd_int_enable>
10004652:	2001      	movs	r0, #1
10004654:	e8bd 87f0 	ldmia.w	sp!, {r4, r5, r6, r7, r8, r9, sl, pc}
10004658:	200015b8 	.word	0x200015b8
1000465c:	20001920 	.word	0x20001920
10004660:	20001918 	.word	0x20001918
10004664:	20002043 	.word	0x20002043
10004668:	20001974 	.word	0x20001974
1000466c:	200015b0 	.word	0x200015b0
10004670:	2000159c 	.word	0x2000159c
10004674:	20001978 	.word	0x20001978
10004678:	100041c9 	.word	0x100041c9
1000467c:	20002041 	.word	0x20002041
10004680:	20001818 	.word	0x20001818
10004684:	1000657c 	.word	0x1000657c

10004688 <tud_task_ext>:
10004688:	4ba4      	ldr	r3, [pc, #656]	@ (1000491c <tud_task_ext+0x294>)
1000468a:	781b      	ldrb	r3, [r3, #0]
1000468c:	2bff      	cmp	r3, #255	@ 0xff
1000468e:	f000 8112 	beq.w	100048b6 <tud_task_ext+0x22e>
10004692:	e92d 4ff0 	stmdb	sp!, {r4, r5, r6, r7, r8, r9, sl, fp, lr}
10004696:	4ca2      	ldr	r4, [pc, #648]	@ (10004920 <tud_task_ext+0x298>)
10004698:	4da2      	ldr	r5, [pc, #648]	@ (10004924 <tud_task_ext+0x29c>)
1000469a:	f8df 829c 	ldr.w	r8, [pc, #668]	@ 10004938 <tud_task_ext+0x2b0>
1000469e:	4ea2      	ldr	r6, [pc, #648]	@ (10004928 <tud_task_ext+0x2a0>)
100046a0:	b08b      	sub	sp, #44	@ 0x2c
100046a2:	6827      	ldr	r7, [r4, #0]
100046a4:	697b      	ldr	r3, [r7, #20]
100046a6:	f3ef 8210 	mrs	r2, PRIMASK
100046aa:	b672      	cpsid	i
100046ac:	e8d3 0fcf 	ldaexb	r0, [r3]
100046b0:	2101      	movs	r1, #1
100046b2:	2800      	cmp	r0, #0
100046b4:	d1fa      	bne.n	100046ac <tud_task_ext+0x24>
100046b6:	e8c3 1f40 	strexb	r0, r1, [r3]
100046ba:	2800      	cmp	r0, #0
100046bc:	d1f6      	bne.n	100046ac <tud_task_ext+0x24>
100046be:	f3bf 8f5f 	dmb	sy
100046c2:	61ba      	str	r2, [r7, #24]
100046c4:	4638      	mov	r0, r7
100046c6:	a907      	add	r1, sp, #28
100046c8:	f001 f9aa 	bl	10005a20 <tu_fifo_read>
100046cc:	2300      	movs	r3, #0
100046ce:	697a      	ldr	r2, [r7, #20]
100046d0:	e8c2 3f8f 	stlb	r3, [r2]
100046d4:	69bb      	ldr	r3, [r7, #24]
100046d6:	f383 8810 	msr	PRIMASK, r3
100046da:	2800      	cmp	r0, #0
100046dc:	f000 80c6 	beq.w	1000486c <tud_task_ext+0x1e4>
100046e0:	f89d 301d 	ldrb.w	r3, [sp, #29]
100046e4:	3b01      	subs	r3, #1
100046e6:	2b07      	cmp	r3, #7
100046e8:	f200 8383 	bhi.w	10004df2 <tud_task_ext+0x76a>
100046ec:	e8df f003 	tbb	[pc, r3]
100046f0:	9991ada3 	.word	0x9991ada3
100046f4:	040a358a 	.word	0x040a358a
100046f8:	9b08      	ldr	r3, [sp, #32]
100046fa:	2b00      	cmp	r3, #0
100046fc:	d0d1      	beq.n	100046a2 <tud_task_ext+0x1a>
100046fe:	9809      	ldr	r0, [sp, #36]	@ 0x24
10004700:	4798      	blx	r3
10004702:	e7ce      	b.n	100046a2 <tud_task_ext+0x1a>
10004704:	f89d 1020 	ldrb.w	r1, [sp, #32]
10004708:	f001 077f 	and.w	r7, r1, #127	@ 0x7f
1000470c:	eb05 0047 	add.w	r0, r5, r7, lsl #1
10004710:	eb00 10d1 	add.w	r0, r0, r1, lsr #7
10004714:	f890 3034 	ldrb.w	r3, [r0, #52]	@ 0x34
10004718:	f023 0301 	bic.w	r3, r3, #1
1000471c:	f880 3034 	strb.w	r3, [r0, #52]	@ 0x34
10004720:	f890 3034 	ldrb.w	r3, [r0, #52]	@ 0x34
10004724:	f023 0304 	bic.w	r3, r3, #4
10004728:	f880 3034 	strb.w	r3, [r0, #52]	@ 0x34
1000472c:	2f00      	cmp	r7, #0
1000472e:	f000 80a0 	beq.w	10004872 <tud_task_ext+0x1ea>
10004732:	7d02      	ldrb	r2, [r0, #20]
10004734:	f898 3000 	ldrb.w	r3, [r8]
10004738:	429a      	cmp	r2, r3
1000473a:	f080 808f 	bcs.w	1000485c <tud_task_ext+0x1d4>
1000473e:	4b7b      	ldr	r3, [pc, #492]	@ (1000492c <tud_task_ext+0x2a4>)
10004740:	681b      	ldr	r3, [r3, #0]
10004742:	eb13 1342 	adds.w	r3, r3, r2, lsl #5
10004746:	f000 808a 	beq.w	1000485e <tud_task_ext+0x1d6>
1000474a:	699f      	ldr	r7, [r3, #24]
1000474c:	f89d 2021 	ldrb.w	r2, [sp, #33]	@ 0x21
10004750:	9b09      	ldr	r3, [sp, #36]	@ 0x24
10004752:	f89d 001c 	ldrb.w	r0, [sp, #28]
10004756:	47b8      	blx	r7
10004758:	e7a3      	b.n	100046a2 <tud_task_ext+0x1a>
1000475a:	7833      	ldrb	r3, [r6, #0]
1000475c:	2b00      	cmp	r3, #0
1000475e:	d07e      	beq.n	1000485e <tud_task_ext+0x1d6>
10004760:	7833      	ldrb	r3, [r6, #0]
10004762:	3b01      	subs	r3, #1
10004764:	7033      	strb	r3, [r6, #0]
10004766:	7833      	ldrb	r3, [r6, #0]
10004768:	f003 00ff 	and.w	r0, r3, #255	@ 0xff
1000476c:	2b00      	cmp	r3, #0
1000476e:	d198      	bne.n	100046a2 <tud_task_ext+0x1a>
10004770:	f8df a1b0 	ldr.w	sl, [pc, #432]	@ 10004924 <tud_task_ext+0x29c>
10004774:	f89d b01c 	ldrb.w	fp, [sp, #28]
10004778:	f89a 3000 	ldrb.w	r3, [sl]
1000477c:	f043 0301 	orr.w	r3, r3, #1
10004780:	f88a 3000 	strb.w	r3, [sl]
10004784:	f89a 3034 	ldrb.w	r3, [sl, #52]	@ 0x34
10004788:	f360 0300 	bfi	r3, r0, #0, #1
1000478c:	f88a 3034 	strb.w	r3, [sl, #52]	@ 0x34
10004790:	f89a 3034 	ldrb.w	r3, [sl, #52]	@ 0x34
10004794:	f360 0382 	bfi	r3, r0, #2, #1
10004798:	f88a 3034 	strb.w	r3, [sl, #52]	@ 0x34
1000479c:	f89a 3035 	ldrb.w	r3, [sl, #53]	@ 0x35
100047a0:	f360 0300 	bfi	r3, r0, #0, #1
100047a4:	f88a 3035 	strb.w	r3, [sl, #53]	@ 0x35
100047a8:	f89a 3035 	ldrb.w	r3, [sl, #53]	@ 0x35
100047ac:	f360 0382 	bfi	r3, r0, #2, #1
100047b0:	f88a 3035 	strb.w	r3, [sl, #53]	@ 0x35
100047b4:	f000 fc88 	bl	100050c8 <usbd_control_set_complete_callback>
100047b8:	f89d 3020 	ldrb.w	r3, [sp, #32]
100047bc:	f003 0260 	and.w	r2, r3, #96	@ 0x60
100047c0:	2a60      	cmp	r2, #96	@ 0x60
100047c2:	d066      	beq.n	10004892 <tud_task_ext+0x20a>
100047c4:	2a40      	cmp	r2, #64	@ 0x40
100047c6:	d077      	beq.n	100048b8 <tud_task_ext+0x230>
100047c8:	f003 031f 	and.w	r3, r3, #31
100047cc:	2b01      	cmp	r3, #1
100047ce:	f000 80b5 	beq.w	1000493c <tud_task_ext+0x2b4>
100047d2:	2b02      	cmp	r3, #2
100047d4:	d07c      	beq.n	100048d0 <tud_task_ext+0x248>
100047d6:	2b00      	cmp	r3, #0
100047d8:	d15b      	bne.n	10004892 <tud_task_ext+0x20a>
100047da:	2a20      	cmp	r2, #32
100047dc:	f000 81e7 	beq.w	10004bae <tud_task_ext+0x526>
100047e0:	2a00      	cmp	r2, #0
100047e2:	d156      	bne.n	10004892 <tud_task_ext+0x20a>
100047e4:	f89d 3021 	ldrb.w	r3, [sp, #33]	@ 0x21
100047e8:	2b09      	cmp	r3, #9
100047ea:	d852      	bhi.n	10004892 <tud_task_ext+0x20a>
100047ec:	e8df f013 	tbh	[pc, r3, lsl #1]
100047f0:	019b01ab 	.word	0x019b01ab
100047f4:	01bd0051 	.word	0x01bd0051
100047f8:	018c0051 	.word	0x018c0051
100047fc:	00510162 	.word	0x00510162
10004800:	00e70156 	.word	0x00e70156
10004804:	782b      	ldrb	r3, [r5, #0]
10004806:	07d9      	lsls	r1, r3, #31
10004808:	f57f af4b 	bpl.w	100046a2 <tud_task_ext+0x1a>
1000480c:	f7ff feb4 	bl	10004578 <tud_resume_cb>
10004810:	e747      	b.n	100046a2 <tud_task_ext+0x1a>
10004812:	78eb      	ldrb	r3, [r5, #3]
10004814:	07da      	lsls	r2, r3, #31
10004816:	f57f af44 	bpl.w	100046a2 <tud_task_ext+0x1a>
1000481a:	9808      	ldr	r0, [sp, #32]
1000481c:	f7ff fea0 	bl	10004560 <tud_sof_cb>
10004820:	e73f      	b.n	100046a2 <tud_task_ext+0x1a>
10004822:	782b      	ldrb	r3, [r5, #0]
10004824:	07d8      	lsls	r0, r3, #31
10004826:	f57f af3c 	bpl.w	100046a2 <tud_task_ext+0x1a>
1000482a:	7828      	ldrb	r0, [r5, #0]
1000482c:	f3c0 00c0 	ubfx	r0, r0, #3, #1
10004830:	f7ff fea0 	bl	10004574 <tud_suspend_cb>
10004834:	e735      	b.n	100046a2 <tud_task_ext+0x1a>
10004836:	f89d 001c 	ldrb.w	r0, [sp, #28]
1000483a:	f7ff fe49 	bl	100044d0 <configuration_reset>
1000483e:	f000 fc39 	bl	100050b4 <usbd_control_reset>
10004842:	f89d 3020 	ldrb.w	r3, [sp, #32]
10004846:	70ab      	strb	r3, [r5, #2]
10004848:	e72b      	b.n	100046a2 <tud_task_ext+0x1a>
1000484a:	f89d 001c 	ldrb.w	r0, [sp, #28]
1000484e:	f7ff fe3f 	bl	100044d0 <configuration_reset>
10004852:	f000 fc2f 	bl	100050b4 <usbd_control_reset>
10004856:	f7ff fe8b 	bl	10004570 <tud_umount_cb>
1000485a:	e722      	b.n	100046a2 <tud_task_ext+0x1a>
1000485c:	d011      	beq.n	10004882 <tud_task_ext+0x1fa>
1000485e:	f04f 23e0 	mov.w	r3, #3758153728	@ 0xe000e000
10004862:	f8d3 3df0 	ldr.w	r3, [r3, #3568]	@ 0xdf0
10004866:	07dc      	lsls	r4, r3, #31
10004868:	d500      	bpl.n	1000486c <tud_task_ext+0x1e4>
1000486a:	be00      	bkpt	0x0000
1000486c:	b00b      	add	sp, #44	@ 0x2c
1000486e:	e8bd 8ff0 	ldmia.w	sp!, {r4, r5, r6, r7, r8, r9, sl, fp, pc}
10004872:	9b09      	ldr	r3, [sp, #36]	@ 0x24
10004874:	f89d 2021 	ldrb.w	r2, [sp, #33]	@ 0x21
10004878:	f89d 001c 	ldrb.w	r0, [sp, #28]
1000487c:	f000 fc38 	bl	100050f0 <usbd_control_xfer_cb>
10004880:	e70f      	b.n	100046a2 <tud_task_ext+0x1a>
10004882:	4b2b      	ldr	r3, [pc, #172]	@ (10004930 <tud_task_ext+0x2a8>)
10004884:	e761      	b.n	1000474a <tud_task_ext+0xc2>
10004886:	f7ff fb1f 	bl	10003ec8 <tud_descriptor_configuration_cb>
1000488a:	4602      	mov	r2, r0
1000488c:	2800      	cmp	r0, #0
1000488e:	f040 8185 	bne.w	10004b9c <tud_task_ext+0x514>
10004892:	f04f 23e0 	mov.w	r3, #3758153728	@ 0xe000e000
10004896:	f8d3 3df0 	ldr.w	r3, [r3, #3568]	@ 0xdf0
1000489a:	07df      	lsls	r7, r3, #31
1000489c:	d500      	bpl.n	100048a0 <tud_task_ext+0x218>
1000489e:	be00      	bkpt	0x0000
100048a0:	f89d 001c 	ldrb.w	r0, [sp, #28]
100048a4:	2100      	movs	r1, #0
100048a6:	f7ff fda9 	bl	100043fc <dcd_edpt_stall>
100048aa:	2180      	movs	r1, #128	@ 0x80
100048ac:	f89d 001c 	ldrb.w	r0, [sp, #28]
100048b0:	f7ff fda4 	bl	100043fc <dcd_edpt_stall>
100048b4:	e6f5      	b.n	100046a2 <tud_task_ext+0x1a>
100048b6:	4770      	bx	lr
100048b8:	481e      	ldr	r0, [pc, #120]	@ (10004934 <tud_task_ext+0x2ac>)
100048ba:	f000 fc05 	bl	100050c8 <usbd_control_set_complete_callback>
100048be:	2101      	movs	r1, #1
100048c0:	4658      	mov	r0, fp
100048c2:	aa08      	add	r2, sp, #32
100048c4:	f7ff fc6c 	bl	100041a0 <tud_vendor_control_xfer_cb>
100048c8:	2800      	cmp	r0, #0
100048ca:	f47f aeea 	bne.w	100046a2 <tud_task_ext+0x1a>
100048ce:	e7e7      	b.n	100048a0 <tud_task_ext+0x218>
100048d0:	f89d 1024 	ldrb.w	r1, [sp, #36]	@ 0x24
100048d4:	f011 0f70 	tst.w	r1, #112	@ 0x70
100048d8:	d1db      	bne.n	10004892 <tud_task_ext+0x20a>
100048da:	4817      	ldr	r0, [pc, #92]	@ (10004938 <tud_task_ext+0x2b0>)
100048dc:	f001 037f 	and.w	r3, r1, #127	@ 0x7f
100048e0:	f890 c000 	ldrb.w	ip, [r0]
100048e4:	eb0a 0043 	add.w	r0, sl, r3, lsl #1
100048e8:	eb00 10d1 	add.w	r0, r0, r1, lsr #7
100048ec:	7d00      	ldrb	r0, [r0, #20]
100048ee:	4560      	cmp	r0, ip
100048f0:	d351      	bcc.n	10004996 <tud_task_ext+0x30e>
100048f2:	f040 816e 	bne.w	10004bd2 <tud_task_ext+0x54a>
100048f6:	480e      	ldr	r0, [pc, #56]	@ (10004930 <tud_task_ext+0x2a8>)
100048f8:	9000      	str	r0, [sp, #0]
100048fa:	2a00      	cmp	r2, #0
100048fc:	f000 816d 	beq.w	10004bda <tud_task_ext+0x552>
10004900:	9f00      	ldr	r7, [sp, #0]
10004902:	6978      	ldr	r0, [r7, #20]
10004904:	f000 fbe0 	bl	100050c8 <usbd_control_set_complete_callback>
10004908:	2101      	movs	r1, #1
1000490a:	4658      	mov	r0, fp
1000490c:	697b      	ldr	r3, [r7, #20]
1000490e:	aa08      	add	r2, sp, #32
10004910:	4798      	blx	r3
10004912:	2800      	cmp	r0, #0
10004914:	f47f aec5 	bne.w	100046a2 <tud_task_ext+0x1a>
10004918:	e7c2      	b.n	100048a0 <tud_task_ext+0x218>
1000491a:	bf00      	nop
1000491c:	200015b8 	.word	0x200015b8
10004920:	20001978 	.word	0x20001978
10004924:	20001920 	.word	0x20001920
10004928:	20002043 	.word	0x20002043
1000492c:	20001818 	.word	0x20001818
10004930:	1000657c 	.word	0x1000657c
10004934:	100041a1 	.word	0x100041a1
10004938:	20002041 	.word	0x20002041
1000493c:	f89d 3024 	ldrb.w	r3, [sp, #36]	@ 0x24
10004940:	2b0f      	cmp	r3, #15
10004942:	d8ad      	bhi.n	100048a0 <tud_task_ext+0x218>
10004944:	4ab1      	ldr	r2, [pc, #708]	@ (10004c0c <tud_task_ext+0x584>)
10004946:	4453      	add	r3, sl
10004948:	791b      	ldrb	r3, [r3, #4]
1000494a:	7812      	ldrb	r2, [r2, #0]
1000494c:	4293      	cmp	r3, r2
1000494e:	d330      	bcc.n	100049b2 <tud_task_ext+0x32a>
10004950:	d1a6      	bne.n	100048a0 <tud_task_ext+0x218>
10004952:	4faf      	ldr	r7, [pc, #700]	@ (10004c10 <tud_task_ext+0x588>)
10004954:	6978      	ldr	r0, [r7, #20]
10004956:	f000 fbb7 	bl	100050c8 <usbd_control_set_complete_callback>
1000495a:	2101      	movs	r1, #1
1000495c:	4658      	mov	r0, fp
1000495e:	697b      	ldr	r3, [r7, #20]
10004960:	aa08      	add	r2, sp, #32
10004962:	4798      	blx	r3
10004964:	2800      	cmp	r0, #0
10004966:	f47f ae9c 	bne.w	100046a2 <tud_task_ext+0x1a>
1000496a:	f89d 3020 	ldrb.w	r3, [sp, #32]
1000496e:	f013 0760 	ands.w	r7, r3, #96	@ 0x60
10004972:	d195      	bne.n	100048a0 <tud_task_ext+0x218>
10004974:	f89d 3021 	ldrb.w	r3, [sp, #33]	@ 0x21
10004978:	3b0a      	subs	r3, #10
1000497a:	2b01      	cmp	r3, #1
1000497c:	d890      	bhi.n	100048a0 <tud_task_ext+0x218>
1000497e:	f000 fba3 	bl	100050c8 <usbd_control_set_complete_callback>
10004982:	f89d 3021 	ldrb.w	r3, [sp, #33]	@ 0x21
10004986:	2b0a      	cmp	r3, #10
10004988:	f000 820d 	beq.w	10004da6 <tud_task_ext+0x71e>
1000498c:	4658      	mov	r0, fp
1000498e:	a908      	add	r1, sp, #32
10004990:	f000 fb1a 	bl	10004fc8 <tud_control_status>
10004994:	e685      	b.n	100046a2 <tud_task_ext+0x1a>
10004996:	f8df c27c 	ldr.w	ip, [pc, #636]	@ 10004c14 <tud_task_ext+0x58c>
1000499a:	f8dc c000 	ldr.w	ip, [ip]
1000499e:	eb0c 1040 	add.w	r0, ip, r0, lsl #5
100049a2:	9000      	str	r0, [sp, #0]
100049a4:	2a00      	cmp	r2, #0
100049a6:	f000 8118 	beq.w	10004bda <tud_task_ext+0x552>
100049aa:	2800      	cmp	r0, #0
100049ac:	f43f af78 	beq.w	100048a0 <tud_task_ext+0x218>
100049b0:	e7a6      	b.n	10004900 <tud_task_ext+0x278>
100049b2:	4a98      	ldr	r2, [pc, #608]	@ (10004c14 <tud_task_ext+0x58c>)
100049b4:	6817      	ldr	r7, [r2, #0]
100049b6:	eb17 1743 	adds.w	r7, r7, r3, lsl #5
100049ba:	d1cb      	bne.n	10004954 <tud_task_ext+0x2cc>
100049bc:	e770      	b.n	100048a0 <tud_task_ext+0x218>
100049be:	f89a 2001 	ldrb.w	r2, [sl, #1]
100049c2:	f89d 3022 	ldrb.w	r3, [sp, #34]	@ 0x22
100049c6:	4293      	cmp	r3, r2
100049c8:	f000 815d 	beq.w	10004c86 <tud_task_ext+0x5fe>
100049cc:	f89a 2001 	ldrb.w	r2, [sl, #1]
100049d0:	2a00      	cmp	r2, #0
100049d2:	f040 81d2 	bne.w	10004d7a <tud_task_ext+0x6f2>
100049d6:	f88a 3001 	strb.w	r3, [sl, #1]
100049da:	2b00      	cmp	r3, #0
100049dc:	f000 8151 	beq.w	10004c82 <tud_task_ext+0x5fa>
100049e0:	3b01      	subs	r3, #1
100049e2:	b2d8      	uxtb	r0, r3
100049e4:	f7ff fa70 	bl	10003ec8 <tud_descriptor_configuration_cb>
100049e8:	2800      	cmp	r0, #0
100049ea:	f000 816e 	beq.w	10004cca <tud_task_ext+0x642>
100049ee:	7843      	ldrb	r3, [r0, #1]
100049f0:	2b02      	cmp	r3, #2
100049f2:	f040 816a 	bne.w	10004cca <tud_task_ext+0x642>
100049f6:	79c2      	ldrb	r2, [r0, #7]
100049f8:	f89a 1000 	ldrb.w	r1, [sl]
100049fc:	f3c2 1340 	ubfx	r3, r2, #5, #1
10004a00:	011b      	lsls	r3, r3, #4
10004a02:	f3c2 1280 	ubfx	r2, r2, #6, #1
10004a06:	f021 0130 	bic.w	r1, r1, #48	@ 0x30
10004a0a:	ea43 1342 	orr.w	r3, r3, r2, lsl #5
10004a0e:	430b      	orrs	r3, r1
10004a10:	f88a 3000 	strb.w	r3, [sl]
10004a14:	8843      	ldrh	r3, [r0, #2]
10004a16:	f100 0109 	add.w	r1, r0, #9
10004a1a:	18c3      	adds	r3, r0, r3
10004a1c:	9302      	str	r3, [sp, #8]
10004a1e:	9b02      	ldr	r3, [sp, #8]
10004a20:	428b      	cmp	r3, r1
10004a22:	f240 81bd 	bls.w	10004da0 <tud_task_ext+0x718>
10004a26:	784b      	ldrb	r3, [r1, #1]
10004a28:	2b0b      	cmp	r3, #11
10004a2a:	f000 81c6 	beq.w	10004dba <tud_task_ext+0x732>
10004a2e:	2001      	movs	r0, #1
10004a30:	2b04      	cmp	r3, #4
10004a32:	f040 814a 	bne.w	10004cca <tud_task_ext+0x642>
10004a36:	2200      	movs	r2, #0
10004a38:	9b02      	ldr	r3, [sp, #8]
10004a3a:	9201      	str	r2, [sp, #4]
10004a3c:	1a5b      	subs	r3, r3, r1
10004a3e:	fa1f f983 	uxth.w	r9, r3
10004a42:	4b72      	ldr	r3, [pc, #456]	@ (10004c0c <tud_task_ext+0x584>)
10004a44:	9200      	str	r2, [sp, #0]
10004a46:	781b      	ldrb	r3, [r3, #0]
10004a48:	9003      	str	r0, [sp, #12]
10004a4a:	e01e      	b.n	10004a8a <tud_task_ext+0x402>
10004a4c:	4b71      	ldr	r3, [pc, #452]	@ (10004c14 <tud_task_ext+0x58c>)
10004a4e:	681b      	ldr	r3, [r3, #0]
10004a50:	eb13 1342 	adds.w	r3, r3, r2, lsl #5
10004a54:	f000 8139 	beq.w	10004cca <tud_task_ext+0x642>
10004a58:	691f      	ldr	r7, [r3, #16]
10004a5a:	464a      	mov	r2, r9
10004a5c:	4658      	mov	r0, fp
10004a5e:	9105      	str	r1, [sp, #20]
10004a60:	9304      	str	r3, [sp, #16]
10004a62:	47b8      	blx	r7
10004a64:	9b01      	ldr	r3, [sp, #4]
10004a66:	2808      	cmp	r0, #8
10004a68:	f103 0301 	add.w	r3, r3, #1
10004a6c:	9905      	ldr	r1, [sp, #20]
10004a6e:	9301      	str	r3, [sp, #4]
10004a70:	d903      	bls.n	10004a7a <tud_task_ext+0x3f2>
10004a72:	4581      	cmp	r9, r0
10004a74:	9b04      	ldr	r3, [sp, #16]
10004a76:	f080 810b 	bcs.w	10004c90 <tud_task_ext+0x608>
10004a7a:	4b64      	ldr	r3, [pc, #400]	@ (10004c0c <tud_task_ext+0x584>)
10004a7c:	f89d 2004 	ldrb.w	r2, [sp, #4]
10004a80:	781b      	ldrb	r3, [r3, #0]
10004a82:	9200      	str	r2, [sp, #0]
10004a84:	4293      	cmp	r3, r2
10004a86:	f0c0 8120 	bcc.w	10004cca <tud_task_ext+0x642>
10004a8a:	9a00      	ldr	r2, [sp, #0]
10004a8c:	4293      	cmp	r3, r2
10004a8e:	eba2 0303 	sub.w	r3, r2, r3
10004a92:	d8db      	bhi.n	10004a4c <tud_task_ext+0x3c4>
10004a94:	4a5e      	ldr	r2, [pc, #376]	@ (10004c10 <tud_task_ext+0x588>)
10004a96:	eb02 1343 	add.w	r3, r2, r3, lsl #5
10004a9a:	e7dd      	b.n	10004a58 <tud_task_ext+0x3d0>
10004a9c:	f89a 3001 	ldrb.w	r3, [sl, #1]
10004aa0:	4658      	mov	r0, fp
10004aa2:	f88d 301a 	strb.w	r3, [sp, #26]
10004aa6:	f10d 021a 	add.w	r2, sp, #26
10004aaa:	2301      	movs	r3, #1
10004aac:	a908      	add	r1, sp, #32
10004aae:	f000 faa7 	bl	10005000 <tud_control_xfer>
10004ab2:	e5f6      	b.n	100046a2 <tud_task_ext+0x1a>
10004ab4:	f8bd 0022 	ldrh.w	r0, [sp, #34]	@ 0x22
10004ab8:	0a03      	lsrs	r3, r0, #8
10004aba:	1e5a      	subs	r2, r3, #1
10004abc:	b2c0      	uxtb	r0, r0
10004abe:	2a0e      	cmp	r2, #14
10004ac0:	f63f aeee 	bhi.w	100048a0 <tud_task_ext+0x218>
10004ac4:	a101      	add	r1, pc, #4	@ (adr r1, 10004acc <tud_task_ext+0x444>)
10004ac6:	f851 f022 	ldr.w	pc, [r1, r2, lsl #2]
10004aca:	bf00      	nop
10004acc:	10004cfd 	.word	0x10004cfd
10004ad0:	10004b8b 	.word	0x10004b8b
10004ad4:	10004d39 	.word	0x10004d39
10004ad8:	100048a1 	.word	0x100048a1
10004adc:	100048a1 	.word	0x100048a1
10004ae0:	10004d1b 	.word	0x10004d1b
10004ae4:	10004b8b 	.word	0x10004b8b
10004ae8:	100048a1 	.word	0x100048a1
10004aec:	100048a1 	.word	0x100048a1
10004af0:	100048a1 	.word	0x100048a1
10004af4:	100048a1 	.word	0x100048a1
10004af8:	100048a1 	.word	0x100048a1
10004afc:	100048a1 	.word	0x100048a1
10004b00:	100048a1 	.word	0x100048a1
10004b04:	10004cef 	.word	0x10004cef
10004b08:	a808      	add	r0, sp, #32
10004b0a:	f000 fae3 	bl	100050d4 <usbd_control_set_request>
10004b0e:	4658      	mov	r0, fp
10004b10:	f89d 1022 	ldrb.w	r1, [sp, #34]	@ 0x22
10004b14:	f7ff fbbe 	bl	10004294 <dcd_set_address>
10004b18:	f89a 3000 	ldrb.w	r3, [sl]
10004b1c:	f043 0302 	orr.w	r3, r3, #2
10004b20:	f88a 3000 	strb.w	r3, [sl]
10004b24:	e5bd      	b.n	100046a2 <tud_task_ext+0x1a>
10004b26:	f8bd 3022 	ldrh.w	r3, [sp, #34]	@ 0x22
10004b2a:	2b01      	cmp	r3, #1
10004b2c:	f47f aeb8 	bne.w	100048a0 <tud_task_ext+0x218>
10004b30:	f89a 3000 	ldrb.w	r3, [sl]
10004b34:	4658      	mov	r0, fp
10004b36:	f023 0308 	bic.w	r3, r3, #8
10004b3a:	a908      	add	r1, sp, #32
10004b3c:	f88a 3000 	strb.w	r3, [sl]
10004b40:	f000 fa42 	bl	10004fc8 <tud_control_status>
10004b44:	e5ad      	b.n	100046a2 <tud_task_ext+0x1a>
10004b46:	4658      	mov	r0, fp
10004b48:	f89a 3000 	ldrb.w	r3, [sl]
10004b4c:	089a      	lsrs	r2, r3, #2
10004b4e:	f002 0202 	and.w	r2, r2, #2
10004b52:	f3c3 1340 	ubfx	r3, r3, #5, #1
10004b56:	4313      	orrs	r3, r2
10004b58:	f8ad 301a 	strh.w	r3, [sp, #26]
10004b5c:	f10d 021a 	add.w	r2, sp, #26
10004b60:	2302      	movs	r3, #2
10004b62:	a908      	add	r1, sp, #32
10004b64:	f000 fa4c 	bl	10005000 <tud_control_xfer>
10004b68:	e59b      	b.n	100046a2 <tud_task_ext+0x1a>
10004b6a:	f8bd 3022 	ldrh.w	r3, [sp, #34]	@ 0x22
10004b6e:	2b01      	cmp	r3, #1
10004b70:	f47f ae96 	bne.w	100048a0 <tud_task_ext+0x218>
10004b74:	f89a 3000 	ldrb.w	r3, [sl]
10004b78:	4658      	mov	r0, fp
10004b7a:	f043 0308 	orr.w	r3, r3, #8
10004b7e:	a908      	add	r1, sp, #32
10004b80:	f88a 3000 	strb.w	r3, [sl]
10004b84:	f000 fa20 	bl	10004fc8 <tud_control_status>
10004b88:	e58b      	b.n	100046a2 <tud_task_ext+0x1a>
10004b8a:	2b02      	cmp	r3, #2
10004b8c:	f43f ae7b 	beq.w	10004886 <tud_task_ext+0x1fe>
10004b90:	f7ff fcea 	bl	10004568 <tud_descriptor_other_speed_configuration_cb>
10004b94:	4602      	mov	r2, r0
10004b96:	2800      	cmp	r0, #0
10004b98:	f43f ae82 	beq.w	100048a0 <tud_task_ext+0x218>
10004b9c:	4658      	mov	r0, fp
10004b9e:	8853      	ldrh	r3, [r2, #2]
10004ba0:	a908      	add	r1, sp, #32
10004ba2:	f000 fa2d 	bl	10005000 <tud_control_xfer>
10004ba6:	2800      	cmp	r0, #0
10004ba8:	f47f ad7b 	bne.w	100046a2 <tud_task_ext+0x1a>
10004bac:	e678      	b.n	100048a0 <tud_task_ext+0x218>
10004bae:	f89d 3024 	ldrb.w	r3, [sp, #36]	@ 0x24
10004bb2:	2b0f      	cmp	r3, #15
10004bb4:	f63f ae74 	bhi.w	100048a0 <tud_task_ext+0x218>
10004bb8:	4a14      	ldr	r2, [pc, #80]	@ (10004c0c <tud_task_ext+0x584>)
10004bba:	4453      	add	r3, sl
10004bbc:	791b      	ldrb	r3, [r3, #4]
10004bbe:	7812      	ldrb	r2, [r2, #0]
10004bc0:	4293      	cmp	r3, r2
10004bc2:	d21e      	bcs.n	10004c02 <tud_task_ext+0x57a>
10004bc4:	4a13      	ldr	r2, [pc, #76]	@ (10004c14 <tud_task_ext+0x58c>)
10004bc6:	6817      	ldr	r7, [r2, #0]
10004bc8:	eb17 1743 	adds.w	r7, r7, r3, lsl #5
10004bcc:	f47f ae99 	bne.w	10004902 <tud_task_ext+0x27a>
10004bd0:	e666      	b.n	100048a0 <tud_task_ext+0x218>
10004bd2:	2a00      	cmp	r2, #0
10004bd4:	f47f ae64 	bne.w	100048a0 <tud_task_ext+0x218>
10004bd8:	9200      	str	r2, [sp, #0]
10004bda:	f89d c021 	ldrb.w	ip, [sp, #33]	@ 0x21
10004bde:	f00c 02fd 	and.w	r2, ip, #253	@ 0xfd
10004be2:	2a01      	cmp	r2, #1
10004be4:	d018      	beq.n	10004c18 <tud_task_ext+0x590>
10004be6:	f1bc 0f00 	cmp.w	ip, #0
10004bea:	f47f ae52 	bne.w	10004892 <tud_task_ext+0x20a>
10004bee:	eb0a 0343 	add.w	r3, sl, r3, lsl #1
10004bf2:	eb03 13d1 	add.w	r3, r3, r1, lsr #7
10004bf6:	f893 3034 	ldrb.w	r3, [r3, #52]	@ 0x34
10004bfa:	4658      	mov	r0, fp
10004bfc:	f3c3 0340 	ubfx	r3, r3, #1, #1
10004c00:	e7aa      	b.n	10004b58 <tud_task_ext+0x4d0>
10004c02:	f47f ae4d 	bne.w	100048a0 <tud_task_ext+0x218>
10004c06:	4f02      	ldr	r7, [pc, #8]	@ (10004c10 <tud_task_ext+0x588>)
10004c08:	e67b      	b.n	10004902 <tud_task_ext+0x27a>
10004c0a:	bf00      	nop
10004c0c:	20002041 	.word	0x20002041
10004c10:	1000657c 	.word	0x1000657c
10004c14:	20001818 	.word	0x20001818
10004c18:	f8bd 2022 	ldrh.w	r2, [sp, #34]	@ 0x22
10004c1c:	b9da      	cbnz	r2, 10004c56 <tud_task_ext+0x5ce>
10004c1e:	4879      	ldr	r0, [pc, #484]	@ (10004e04 <tud_task_ext+0x77c>)
10004c20:	f1bc 0f01 	cmp.w	ip, #1
10004c24:	7800      	ldrb	r0, [r0, #0]
10004c26:	f000 808f 	beq.w	10004d48 <tud_task_ext+0x6c0>
10004c2a:	e9cd 1301 	strd	r1, r3, [sp, #4]
10004c2e:	f7ff fbe5 	bl	100043fc <dcd_edpt_stall>
10004c32:	9b02      	ldr	r3, [sp, #8]
10004c34:	9901      	ldr	r1, [sp, #4]
10004c36:	eb0a 0343 	add.w	r3, sl, r3, lsl #1
10004c3a:	eb03 13d1 	add.w	r3, r3, r1, lsr #7
10004c3e:	f893 2034 	ldrb.w	r2, [r3, #52]	@ 0x34
10004c42:	f042 0202 	orr.w	r2, r2, #2
10004c46:	f883 2034 	strb.w	r2, [r3, #52]	@ 0x34
10004c4a:	f893 2034 	ldrb.w	r2, [r3, #52]	@ 0x34
10004c4e:	f042 0201 	orr.w	r2, r2, #1
10004c52:	f883 2034 	strb.w	r2, [r3, #52]	@ 0x34
10004c56:	9b00      	ldr	r3, [sp, #0]
10004c58:	2b00      	cmp	r3, #0
10004c5a:	f43f ad22 	beq.w	100046a2 <tud_task_ext+0x1a>
10004c5e:	461f      	mov	r7, r3
10004c60:	6958      	ldr	r0, [r3, #20]
10004c62:	f000 fa31 	bl	100050c8 <usbd_control_set_complete_callback>
10004c66:	697b      	ldr	r3, [r7, #20]
10004c68:	2101      	movs	r1, #1
10004c6a:	aa08      	add	r2, sp, #32
10004c6c:	4658      	mov	r0, fp
10004c6e:	4798      	blx	r3
10004c70:	2000      	movs	r0, #0
10004c72:	f000 fa29 	bl	100050c8 <usbd_control_set_complete_callback>
10004c76:	f89a 3035 	ldrb.w	r3, [sl, #53]	@ 0x35
10004c7a:	07db      	lsls	r3, r3, #31
10004c7c:	f53f ad11 	bmi.w	100046a2 <tud_task_ext+0x1a>
10004c80:	e684      	b.n	1000498c <tud_task_ext+0x304>
10004c82:	f7ff fc75 	bl	10004570 <tud_umount_cb>
10004c86:	4658      	mov	r0, fp
10004c88:	a908      	add	r1, sp, #32
10004c8a:	f000 f99d 	bl	10004fc8 <tud_control_status>
10004c8e:	e508      	b.n	100046a2 <tud_task_ext+0x1a>
10004c90:	4602      	mov	r2, r0
10004c92:	9803      	ldr	r0, [sp, #12]
10004c94:	2801      	cmp	r0, #1
10004c96:	f000 80a5 	beq.w	10004de4 <tud_task_ext+0x75c>
10004c9a:	2800      	cmp	r0, #0
10004c9c:	f000 8092 	beq.w	10004dc4 <tud_task_ext+0x73c>
10004ca0:	2300      	movs	r3, #0
10004ca2:	f891 e002 	ldrb.w	lr, [r1, #2]
10004ca6:	e007      	b.n	10004cb8 <tud_task_ext+0x630>
10004ca8:	9f00      	ldr	r7, [sp, #0]
10004caa:	f88c 7004 	strb.w	r7, [ip, #4]
10004cae:	fa5f fc83 	uxtb.w	ip, r3
10004cb2:	4560      	cmp	r0, ip
10004cb4:	f240 8086 	bls.w	10004dc4 <tud_task_ext+0x73c>
10004cb8:	eb0e 0c03 	add.w	ip, lr, r3
10004cbc:	fa5a fc8c 	uxtab	ip, sl, ip
10004cc0:	f89c 7004 	ldrb.w	r7, [ip, #4]
10004cc4:	3301      	adds	r3, #1
10004cc6:	2fff      	cmp	r7, #255	@ 0xff
10004cc8:	d0ee      	beq.n	10004ca8 <tud_task_ext+0x620>
10004cca:	f04f 23e0 	mov.w	r3, #3758153728	@ 0xe000e000
10004cce:	f8d3 3df0 	ldr.w	r3, [r3, #3568]	@ 0xdf0
10004cd2:	07d9      	lsls	r1, r3, #31
10004cd4:	d500      	bpl.n	10004cd8 <tud_task_ext+0x650>
10004cd6:	be00      	bkpt	0x0000
10004cd8:	f04f 23e0 	mov.w	r3, #3758153728	@ 0xe000e000
10004cdc:	f8d3 3df0 	ldr.w	r3, [r3, #3568]	@ 0xdf0
10004ce0:	07da      	lsls	r2, r3, #31
10004ce2:	d500      	bpl.n	10004ce6 <tud_task_ext+0x65e>
10004ce4:	be00      	bkpt	0x0000
10004ce6:	2300      	movs	r3, #0
10004ce8:	f88a 3001 	strb.w	r3, [sl, #1]
10004cec:	e5d8      	b.n	100048a0 <tud_task_ext+0x218>
10004cee:	f7ff fa53 	bl	10004198 <tud_descriptor_bos_cb>
10004cf2:	4602      	mov	r2, r0
10004cf4:	2800      	cmp	r0, #0
10004cf6:	f47f af51 	bne.w	10004b9c <tud_task_ext+0x514>
10004cfa:	e5d1      	b.n	100048a0 <tud_task_ext+0x218>
10004cfc:	f7ff f8e0 	bl	10003ec0 <tud_descriptor_device_cb>
10004d00:	4602      	mov	r2, r0
10004d02:	2800      	cmp	r0, #0
10004d04:	f43f adc5 	beq.w	10004892 <tud_task_ext+0x20a>
10004d08:	4658      	mov	r0, fp
10004d0a:	2312      	movs	r3, #18
10004d0c:	a908      	add	r1, sp, #32
10004d0e:	f000 f977 	bl	10005000 <tud_control_xfer>
10004d12:	2800      	cmp	r0, #0
10004d14:	f47f acc5 	bne.w	100046a2 <tud_task_ext+0x1a>
10004d18:	e5c2      	b.n	100048a0 <tud_task_ext+0x218>
10004d1a:	f7ff fc23 	bl	10004564 <tud_descriptor_device_qualifier_cb>
10004d1e:	4602      	mov	r2, r0
10004d20:	2800      	cmp	r0, #0
10004d22:	f43f adbd 	beq.w	100048a0 <tud_task_ext+0x218>
10004d26:	4658      	mov	r0, fp
10004d28:	7813      	ldrb	r3, [r2, #0]
10004d2a:	a908      	add	r1, sp, #32
10004d2c:	f000 f968 	bl	10005000 <tud_control_xfer>
10004d30:	2800      	cmp	r0, #0
10004d32:	f47f acb6 	bne.w	100046a2 <tud_task_ext+0x1a>
10004d36:	e5b3      	b.n	100048a0 <tud_task_ext+0x218>
10004d38:	f8bd 1024 	ldrh.w	r1, [sp, #36]	@ 0x24
10004d3c:	f7ff f8c8 	bl	10003ed0 <tud_descriptor_string_cb>
10004d40:	4602      	mov	r2, r0
10004d42:	2800      	cmp	r0, #0
10004d44:	d1ef      	bne.n	10004d26 <tud_task_ext+0x69e>
10004d46:	e5ab      	b.n	100048a0 <tud_task_ext+0x218>
10004d48:	e9cd 3202 	strd	r3, r2, [sp, #8]
10004d4c:	9101      	str	r1, [sp, #4]
10004d4e:	f7ff fb6d 	bl	1000442c <dcd_edpt_clear_stall>
10004d52:	9b02      	ldr	r3, [sp, #8]
10004d54:	9901      	ldr	r1, [sp, #4]
10004d56:	eb0a 0343 	add.w	r3, sl, r3, lsl #1
10004d5a:	eb03 13d1 	add.w	r3, r3, r1, lsr #7
10004d5e:	f893 1034 	ldrb.w	r1, [r3, #52]	@ 0x34
10004d62:	9a03      	ldr	r2, [sp, #12]
10004d64:	f362 0141 	bfi	r1, r2, #1, #1
10004d68:	f883 1034 	strb.w	r1, [r3, #52]	@ 0x34
10004d6c:	f893 1034 	ldrb.w	r1, [r3, #52]	@ 0x34
10004d70:	f362 0100 	bfi	r1, r2, #0, #1
10004d74:	f883 1034 	strb.w	r1, [r3, #52]	@ 0x34
10004d78:	e76d      	b.n	10004c56 <tud_task_ext+0x5ce>
10004d7a:	2100      	movs	r1, #0
10004d7c:	4658      	mov	r0, fp
10004d7e:	9301      	str	r3, [sp, #4]
10004d80:	f7ff fa90 	bl	100042a4 <dcd_sof_enable>
10004d84:	4658      	mov	r0, fp
10004d86:	f7ff fb23 	bl	100043d0 <dcd_edpt_close_all>
10004d8a:	f89a 2002 	ldrb.w	r2, [sl, #2]
10004d8e:	4658      	mov	r0, fp
10004d90:	9200      	str	r2, [sp, #0]
10004d92:	f7ff fb9d 	bl	100044d0 <configuration_reset>
10004d96:	9a00      	ldr	r2, [sp, #0]
10004d98:	9b01      	ldr	r3, [sp, #4]
10004d9a:	f88a 2002 	strb.w	r2, [sl, #2]
10004d9e:	e61a      	b.n	100049d6 <tud_task_ext+0x34e>
10004da0:	f7ff fbe4 	bl	1000456c <tud_mount_cb>
10004da4:	e76f      	b.n	10004c86 <tud_task_ext+0x5fe>
10004da6:	4658      	mov	r0, fp
10004da8:	2301      	movs	r3, #1
10004daa:	a908      	add	r1, sp, #32
10004dac:	f10d 021a 	add.w	r2, sp, #26
10004db0:	f88d 701a 	strb.w	r7, [sp, #26]
10004db4:	f000 f924 	bl	10005000 <tud_control_xfer>
10004db8:	e473      	b.n	100046a2 <tud_task_ext+0x1a>
10004dba:	780b      	ldrb	r3, [r1, #0]
10004dbc:	78c8      	ldrb	r0, [r1, #3]
10004dbe:	4419      	add	r1, r3
10004dc0:	784b      	ldrb	r3, [r1, #1]
10004dc2:	e635      	b.n	10004a30 <tud_task_ext+0x3a8>
10004dc4:	9f00      	ldr	r7, [sp, #0]
10004dc6:	4810      	ldr	r0, [pc, #64]	@ (10004e08 <tud_task_ext+0x780>)
10004dc8:	463b      	mov	r3, r7
10004dca:	e9cd 1200 	strd	r1, r2, [sp]
10004dce:	f000 fda1 	bl	10005914 <tu_edpt_bind_driver>
10004dd2:	e9dd 1200 	ldrd	r1, r2, [sp]
10004dd6:	4411      	add	r1, r2
10004dd8:	4a0c      	ldr	r2, [pc, #48]	@ (10004e0c <tud_task_ext+0x784>)
10004dda:	7813      	ldrb	r3, [r2, #0]
10004ddc:	42bb      	cmp	r3, r7
10004dde:	f4bf ae1e 	bcs.w	10004a1e <tud_task_ext+0x396>
10004de2:	e772      	b.n	10004cca <tud_task_ext+0x642>
10004de4:	f8d3 c010 	ldr.w	ip, [r3, #16]
10004de8:	4b09      	ldr	r3, [pc, #36]	@ (10004e10 <tud_task_ext+0x788>)
10004dea:	459c      	cmp	ip, r3
10004dec:	bf08      	it	eq
10004dee:	2002      	moveq	r0, #2
10004df0:	e756      	b.n	10004ca0 <tud_task_ext+0x618>
10004df2:	f04f 23e0 	mov.w	r3, #3758153728	@ 0xe000e000
10004df6:	f8d3 3df0 	ldr.w	r3, [r3, #3568]	@ 0xdf0
10004dfa:	07db      	lsls	r3, r3, #31
10004dfc:	f57f ac51 	bpl.w	100046a2 <tud_task_ext+0x1a>
10004e00:	be00      	bkpt	0x0000
10004e02:	e44e      	b.n	100046a2 <tud_task_ext+0x1a>
10004e04:	200015b8 	.word	0x200015b8
10004e08:	20001934 	.word	0x20001934
10004e0c:	20002041 	.word	0x20002041
10004e10:	10005519 	.word	0x10005519

10004e14 <usbd_open_edpt_pair>:
10004e14:	e92d 4ff8 	stmdb	sp!, {r3, r4, r5, r6, r7, r8, r9, sl, fp, lr}
10004e18:	9f0a      	ldr	r7, [sp, #40]	@ 0x28
10004e1a:	2a00      	cmp	r2, #0
10004e1c:	d040      	beq.n	10004ea0 <usbd_open_edpt_pair+0x8c>
10004e1e:	460c      	mov	r4, r1
10004e20:	461e      	mov	r6, r3
10004e22:	4615      	mov	r5, r2
10004e24:	f04f 0b00 	mov.w	fp, #0
10004e28:	f8df 9080 	ldr.w	r9, [pc, #128]	@ 10004eac <usbd_open_edpt_pair+0x98>
10004e2c:	f8df 8080 	ldr.w	r8, [pc, #128]	@ 10004eb0 <usbd_open_edpt_pair+0x9c>
10004e30:	e016      	b.n	10004e60 <usbd_open_edpt_pair+0x4c>
10004e32:	4620      	mov	r0, r4
10004e34:	f898 1002 	ldrb.w	r1, [r8, #2]
10004e38:	f899 a000 	ldrb.w	sl, [r9]
10004e3c:	f000 fd3a 	bl	100058b4 <tu_edpt_validate>
10004e40:	b1d0      	cbz	r0, 10004e78 <usbd_open_edpt_pair+0x64>
10004e42:	4621      	mov	r1, r4
10004e44:	4650      	mov	r0, sl
10004e46:	f7ff fa49 	bl	100042dc <dcd_edpt_open>
10004e4a:	b1e0      	cbz	r0, 10004e86 <usbd_open_edpt_pair+0x72>
10004e4c:	78a3      	ldrb	r3, [r4, #2]
10004e4e:	f10b 0b01 	add.w	fp, fp, #1
10004e52:	09da      	lsrs	r2, r3, #7
10004e54:	d120      	bne.n	10004e98 <usbd_open_edpt_pair+0x84>
10004e56:	45ab      	cmp	fp, r5
10004e58:	703b      	strb	r3, [r7, #0]
10004e5a:	d021      	beq.n	10004ea0 <usbd_open_edpt_pair+0x8c>
10004e5c:	7823      	ldrb	r3, [r4, #0]
10004e5e:	441c      	add	r4, r3
10004e60:	7863      	ldrb	r3, [r4, #1]
10004e62:	2b05      	cmp	r3, #5
10004e64:	d10f      	bne.n	10004e86 <usbd_open_edpt_pair+0x72>
10004e66:	78e1      	ldrb	r1, [r4, #3]
10004e68:	f001 0103 	and.w	r1, r1, #3
10004e6c:	42b1      	cmp	r1, r6
10004e6e:	d10a      	bne.n	10004e86 <usbd_open_edpt_pair+0x72>
10004e70:	78a3      	ldrb	r3, [r4, #2]
10004e72:	f013 0f70 	tst.w	r3, #112	@ 0x70
10004e76:	d0dc      	beq.n	10004e32 <usbd_open_edpt_pair+0x1e>
10004e78:	f04f 23e0 	mov.w	r3, #3758153728	@ 0xe000e000
10004e7c:	f8d3 3df0 	ldr.w	r3, [r3, #3568]	@ 0xdf0
10004e80:	07da      	lsls	r2, r3, #31
10004e82:	d500      	bpl.n	10004e86 <usbd_open_edpt_pair+0x72>
10004e84:	be00      	bkpt	0x0000
10004e86:	f04f 23e0 	mov.w	r3, #3758153728	@ 0xe000e000
10004e8a:	f8d3 3df0 	ldr.w	r3, [r3, #3568]	@ 0xdf0
10004e8e:	07db      	lsls	r3, r3, #31
10004e90:	d409      	bmi.n	10004ea6 <usbd_open_edpt_pair+0x92>
10004e92:	2000      	movs	r0, #0
10004e94:	e8bd 8ff8 	ldmia.w	sp!, {r3, r4, r5, r6, r7, r8, r9, sl, fp, pc}
10004e98:	9a0b      	ldr	r2, [sp, #44]	@ 0x2c
10004e9a:	45ab      	cmp	fp, r5
10004e9c:	7013      	strb	r3, [r2, #0]
10004e9e:	d1dd      	bne.n	10004e5c <usbd_open_edpt_pair+0x48>
10004ea0:	2001      	movs	r0, #1
10004ea2:	e8bd 8ff8 	ldmia.w	sp!, {r3, r4, r5, r6, r7, r8, r9, sl, fp, pc}
10004ea6:	be00      	bkpt	0x0000
10004ea8:	e7f3      	b.n	10004e92 <usbd_open_edpt_pair+0x7e>
10004eaa:	bf00      	nop
10004eac:	200015b8 	.word	0x200015b8
10004eb0:	20001920 	.word	0x20001920

10004eb4 <usbd_edpt_open>:
10004eb4:	788b      	ldrb	r3, [r1, #2]
10004eb6:	f013 0f70 	tst.w	r3, #112	@ 0x70
10004eba:	d008      	beq.n	10004ece <usbd_edpt_open+0x1a>
10004ebc:	f04f 23e0 	mov.w	r3, #3758153728	@ 0xe000e000
10004ec0:	f8d3 3df0 	ldr.w	r3, [r3, #3568]	@ 0xdf0
10004ec4:	07da      	lsls	r2, r3, #31
10004ec6:	d500      	bpl.n	10004eca <usbd_edpt_open+0x16>
10004ec8:	be00      	bkpt	0x0000
10004eca:	2000      	movs	r0, #0
10004ecc:	4770      	bx	lr
10004ece:	b510      	push	{r4, lr}
10004ed0:	b082      	sub	sp, #8
10004ed2:	4608      	mov	r0, r1
10004ed4:	9101      	str	r1, [sp, #4]
10004ed6:	490c      	ldr	r1, [pc, #48]	@ (10004f08 <usbd_edpt_open+0x54>)
10004ed8:	4a0c      	ldr	r2, [pc, #48]	@ (10004f0c <usbd_edpt_open+0x58>)
10004eda:	7889      	ldrb	r1, [r1, #2]
10004edc:	7814      	ldrb	r4, [r2, #0]
10004ede:	f000 fce9 	bl	100058b4 <tu_edpt_validate>
10004ee2:	b948      	cbnz	r0, 10004ef8 <usbd_edpt_open+0x44>
10004ee4:	f04f 23e0 	mov.w	r3, #3758153728	@ 0xe000e000
10004ee8:	f8d3 3df0 	ldr.w	r3, [r3, #3568]	@ 0xdf0
10004eec:	07db      	lsls	r3, r3, #31
10004eee:	d500      	bpl.n	10004ef2 <usbd_edpt_open+0x3e>
10004ef0:	be00      	bkpt	0x0000
10004ef2:	2000      	movs	r0, #0
10004ef4:	b002      	add	sp, #8
10004ef6:	bd10      	pop	{r4, pc}
10004ef8:	4620      	mov	r0, r4
10004efa:	9901      	ldr	r1, [sp, #4]
10004efc:	b002      	add	sp, #8
10004efe:	e8bd 4010 	ldmia.w	sp!, {r4, lr}
10004f02:	f7ff b9eb 	b.w	100042dc <dcd_edpt_open>
10004f06:	bf00      	nop
10004f08:	20001920 	.word	0x20001920
10004f0c:	200015b8 	.word	0x200015b8

10004f10 <usbd_edpt_claim>:
10004f10:	460a      	mov	r2, r1
10004f12:	4b06      	ldr	r3, [pc, #24]	@ (10004f2c <usbd_edpt_claim+0x1c>)
10004f14:	4806      	ldr	r0, [pc, #24]	@ (10004f30 <usbd_edpt_claim+0x20>)
10004f16:	6819      	ldr	r1, [r3, #0]
10004f18:	09d3      	lsrs	r3, r2, #7
10004f1a:	3334      	adds	r3, #52	@ 0x34
10004f1c:	f002 027f 	and.w	r2, r2, #127	@ 0x7f
10004f20:	eb03 0342 	add.w	r3, r3, r2, lsl #1
10004f24:	4418      	add	r0, r3
10004f26:	f000 bc79 	b.w	1000581c <tu_edpt_claim>
10004f2a:	bf00      	nop
10004f2c:	20001974 	.word	0x20001974
10004f30:	20001920 	.word	0x20001920

10004f34 <usbd_edpt_release>:
10004f34:	460a      	mov	r2, r1
10004f36:	4b06      	ldr	r3, [pc, #24]	@ (10004f50 <usbd_edpt_release+0x1c>)
10004f38:	4806      	ldr	r0, [pc, #24]	@ (10004f54 <usbd_edpt_release+0x20>)
10004f3a:	6819      	ldr	r1, [r3, #0]
10004f3c:	09d3      	lsrs	r3, r2, #7
10004f3e:	3334      	adds	r3, #52	@ 0x34
10004f40:	f002 027f 	and.w	r2, r2, #127	@ 0x7f
10004f44:	eb03 0342 	add.w	r3, r3, r2, lsl #1
10004f48:	4418      	add	r0, r3
10004f4a:	f000 bc97 	b.w	1000587c <tu_edpt_release>
10004f4e:	bf00      	nop
10004f50:	20001974 	.word	0x20001974
10004f54:	20001920 	.word	0x20001920

10004f58 <usbd_edpt_xfer>:
10004f58:	b510      	push	{r4, lr}
10004f5a:	4819      	ldr	r0, [pc, #100]	@ (10004fc0 <usbd_edpt_xfer+0x68>)
10004f5c:	f001 047f 	and.w	r4, r1, #127	@ 0x7f
10004f60:	eb00 0044 	add.w	r0, r0, r4, lsl #1
10004f64:	eb00 10d1 	add.w	r0, r0, r1, lsr #7
10004f68:	f890 c034 	ldrb.w	ip, [r0, #52]	@ 0x34
10004f6c:	f01c 0f01 	tst.w	ip, #1
10004f70:	d008      	beq.n	10004f84 <usbd_edpt_xfer+0x2c>
10004f72:	f04f 23e0 	mov.w	r3, #3758153728	@ 0xe000e000
10004f76:	f8d3 3df0 	ldr.w	r3, [r3, #3568]	@ 0xdf0
10004f7a:	07da      	lsls	r2, r3, #31
10004f7c:	d500      	bpl.n	10004f80 <usbd_edpt_xfer+0x28>
10004f7e:	be00      	bkpt	0x0000
10004f80:	2000      	movs	r0, #0
10004f82:	bd10      	pop	{r4, pc}
10004f84:	f100 0430 	add.w	r4, r0, #48	@ 0x30
10004f88:	f894 c004 	ldrb.w	ip, [r4, #4]
10004f8c:	480d      	ldr	r0, [pc, #52]	@ (10004fc4 <usbd_edpt_xfer+0x6c>)
10004f8e:	f04c 0c01 	orr.w	ip, ip, #1
10004f92:	7800      	ldrb	r0, [r0, #0]
10004f94:	f884 c004 	strb.w	ip, [r4, #4]
10004f98:	f7ff fa1c 	bl	100043d4 <dcd_edpt_xfer>
10004f9c:	2800      	cmp	r0, #0
10004f9e:	d1f0      	bne.n	10004f82 <usbd_edpt_xfer+0x2a>
10004fa0:	f04f 21e0 	mov.w	r1, #3758153728	@ 0xe000e000
10004fa4:	7922      	ldrb	r2, [r4, #4]
10004fa6:	f360 0200 	bfi	r2, r0, #0, #1
10004faa:	7122      	strb	r2, [r4, #4]
10004fac:	7922      	ldrb	r2, [r4, #4]
10004fae:	f360 0282 	bfi	r2, r0, #2, #1
10004fb2:	7122      	strb	r2, [r4, #4]
10004fb4:	f8d1 3df0 	ldr.w	r3, [r1, #3568]	@ 0xdf0
10004fb8:	07db      	lsls	r3, r3, #31
10004fba:	d5e1      	bpl.n	10004f80 <usbd_edpt_xfer+0x28>
10004fbc:	be00      	bkpt	0x0000
10004fbe:	e7df      	b.n	10004f80 <usbd_edpt_xfer+0x28>
10004fc0:	20001920 	.word	0x20001920
10004fc4:	200015b8 	.word	0x200015b8

10004fc8 <tud_control_status>:
10004fc8:	f8df c030 	ldr.w	ip, [pc, #48]	@ 10004ffc <tud_control_status+0x34>
10004fcc:	2300      	movs	r3, #0
10004fce:	4662      	mov	r2, ip
10004fd0:	b510      	push	{r4, lr}
10004fd2:	468e      	mov	lr, r1
10004fd4:	4604      	mov	r4, r0
10004fd6:	6808      	ldr	r0, [r1, #0]
10004fd8:	6849      	ldr	r1, [r1, #4]
10004fda:	f8cc 300c 	str.w	r3, [ip, #12]
10004fde:	c203      	stmia	r2!, {r0, r1}
10004fe0:	f89e 1000 	ldrb.w	r1, [lr]
10004fe4:	4620      	mov	r0, r4
10004fe6:	e8bd 4010 	ldmia.w	sp!, {r4, lr}
10004fea:	f081 01ff 	eor.w	r1, r1, #255	@ 0xff
10004fee:	461a      	mov	r2, r3
10004ff0:	f001 0180 	and.w	r1, r1, #128	@ 0x80
10004ff4:	f8cc 3008 	str.w	r3, [ip, #8]
10004ff8:	f7ff bfae 	b.w	10004f58 <usbd_edpt_xfer>
10004ffc:	200018e0 	.word	0x200018e0

10005000 <tud_control_xfer>:
10005000:	f8df c0ac 	ldr.w	ip, [pc, #172]	@ 100050b0 <tud_control_xfer+0xb0>
10005004:	b570      	push	{r4, r5, r6, lr}
10005006:	4615      	mov	r5, r2
10005008:	4662      	mov	r2, ip
1000500a:	2400      	movs	r4, #0
1000500c:	468e      	mov	lr, r1
1000500e:	4606      	mov	r6, r0
10005010:	6808      	ldr	r0, [r1, #0]
10005012:	6849      	ldr	r1, [r1, #4]
10005014:	b082      	sub	sp, #8
10005016:	c203      	stmia	r2!, {r0, r1}
10005018:	f8cc 5008 	str.w	r5, [ip, #8]
1000501c:	f8ac 400e 	strh.w	r4, [ip, #14]
10005020:	f8be 2006 	ldrh.w	r2, [lr, #6]
10005024:	4293      	cmp	r3, r2
10005026:	bf28      	it	cs
10005028:	4613      	movcs	r3, r2
1000502a:	f8ac 300c 	strh.w	r3, [ip, #12]
1000502e:	b18a      	cbz	r2, 10005054 <tud_control_xfer+0x54>
10005030:	b333      	cbz	r3, 10005080 <tud_control_xfer+0x80>
10005032:	b1dd      	cbz	r5, 1000506c <tud_control_xfer+0x6c>
10005034:	f99c 2000 	ldrsb.w	r2, [ip]
10005038:	2b40      	cmp	r3, #64	@ 0x40
1000503a:	bf28      	it	cs
1000503c:	2340      	movcs	r3, #64	@ 0x40
1000503e:	2a00      	cmp	r2, #0
10005040:	db29      	blt.n	10005096 <tud_control_xfer+0x96>
10005042:	4621      	mov	r1, r4
10005044:	4630      	mov	r0, r6
10005046:	4a19      	ldr	r2, [pc, #100]	@ (100050ac <tud_control_xfer+0xac>)
10005048:	f7ff ff86 	bl	10004f58 <usbd_edpt_xfer>
1000504c:	b170      	cbz	r0, 1000506c <tud_control_xfer+0x6c>
1000504e:	2001      	movs	r0, #1
10005050:	b002      	add	sp, #8
10005052:	bd70      	pop	{r4, r5, r6, pc}
10005054:	f89e 1000 	ldrb.w	r1, [lr]
10005058:	4613      	mov	r3, r2
1000505a:	f081 01ff 	eor.w	r1, r1, #255	@ 0xff
1000505e:	4630      	mov	r0, r6
10005060:	f001 0180 	and.w	r1, r1, #128	@ 0x80
10005064:	f7ff ff78 	bl	10004f58 <usbd_edpt_xfer>
10005068:	2800      	cmp	r0, #0
1000506a:	d1f0      	bne.n	1000504e <tud_control_xfer+0x4e>
1000506c:	f04f 23e0 	mov.w	r3, #3758153728	@ 0xe000e000
10005070:	f8d3 3df0 	ldr.w	r3, [r3, #3568]	@ 0xdf0
10005074:	07db      	lsls	r3, r3, #31
10005076:	d500      	bpl.n	1000507a <tud_control_xfer+0x7a>
10005078:	be00      	bkpt	0x0000
1000507a:	2000      	movs	r0, #0
1000507c:	b002      	add	sp, #8
1000507e:	bd70      	pop	{r4, r5, r6, pc}
10005080:	461a      	mov	r2, r3
10005082:	f89c 1000 	ldrb.w	r1, [ip]
10005086:	f001 0180 	and.w	r1, r1, #128	@ 0x80
1000508a:	4630      	mov	r0, r6
1000508c:	f7ff ff64 	bl	10004f58 <usbd_edpt_xfer>
10005090:	2800      	cmp	r0, #0
10005092:	d1dc      	bne.n	1000504e <tud_control_xfer+0x4e>
10005094:	e7ea      	b.n	1000506c <tud_control_xfer+0x6c>
10005096:	461a      	mov	r2, r3
10005098:	4629      	mov	r1, r5
1000509a:	4804      	ldr	r0, [pc, #16]	@ (100050ac <tud_control_xfer+0xac>)
1000509c:	9301      	str	r3, [sp, #4]
1000509e:	f000 fef7 	bl	10005e90 <memcpy>
100050a2:	2180      	movs	r1, #128	@ 0x80
100050a4:	4a01      	ldr	r2, [pc, #4]	@ (100050ac <tud_control_xfer+0xac>)
100050a6:	9b01      	ldr	r3, [sp, #4]
100050a8:	e7ef      	b.n	1000508a <tud_control_xfer+0x8a>
100050aa:	bf00      	nop
100050ac:	200018a0 	.word	0x200018a0
100050b0:	200018e0 	.word	0x200018e0

100050b4 <usbd_control_reset>:
100050b4:	2200      	movs	r2, #0
100050b6:	4b03      	ldr	r3, [pc, #12]	@ (100050c4 <usbd_control_reset+0x10>)
100050b8:	e9c3 2200 	strd	r2, r2, [r3]
100050bc:	e9c3 2202 	strd	r2, r2, [r3, #8]
100050c0:	611a      	str	r2, [r3, #16]
100050c2:	4770      	bx	lr
100050c4:	200018e0 	.word	0x200018e0

100050c8 <usbd_control_set_complete_callback>:
100050c8:	4b01      	ldr	r3, [pc, #4]	@ (100050d0 <usbd_control_set_complete_callback+0x8>)
100050ca:	6118      	str	r0, [r3, #16]
100050cc:	4770      	bx	lr
100050ce:	bf00      	nop
100050d0:	200018e0 	.word	0x200018e0

100050d4 <usbd_control_set_request>:
100050d4:	4601      	mov	r1, r0
100050d6:	4a05      	ldr	r2, [pc, #20]	@ (100050ec <usbd_control_set_request+0x18>)
100050d8:	f04f 0c00 	mov.w	ip, #0
100050dc:	4613      	mov	r3, r2
100050de:	6800      	ldr	r0, [r0, #0]
100050e0:	6849      	ldr	r1, [r1, #4]
100050e2:	e9c2 cc02 	strd	ip, ip, [r2, #8]
100050e6:	c303      	stmia	r3!, {r0, r1}
100050e8:	4770      	bx	lr
100050ea:	bf00      	nop
100050ec:	200018e0 	.word	0x200018e0

100050f0 <usbd_control_xfer_cb>:
100050f0:	b530      	push	{r4, r5, lr}
100050f2:	4c3e      	ldr	r4, [pc, #248]	@ (100051ec <usbd_control_xfer_cb+0xfc>)
100050f4:	09c9      	lsrs	r1, r1, #7
100050f6:	7822      	ldrb	r2, [r4, #0]
100050f8:	4605      	mov	r5, r0
100050fa:	ebb1 1fd2 	cmp.w	r1, r2, lsr #7
100050fe:	b083      	sub	sp, #12
10005100:	d017      	beq.n	10005132 <usbd_control_xfer_cb+0x42>
10005102:	b153      	cbz	r3, 1000511a <usbd_control_xfer_cb+0x2a>
10005104:	f04f 23e0 	mov.w	r3, #3758153728	@ 0xe000e000
10005108:	f8d3 3df0 	ldr.w	r3, [r3, #3568]	@ 0xdf0
1000510c:	07db      	lsls	r3, r3, #31
1000510e:	d402      	bmi.n	10005116 <usbd_control_xfer_cb+0x26>
10005110:	2000      	movs	r0, #0
10005112:	b003      	add	sp, #12
10005114:	bd30      	pop	{r4, r5, pc}
10005116:	be00      	bkpt	0x0000
10005118:	e7fa      	b.n	10005110 <usbd_control_xfer_cb+0x20>
1000511a:	4621      	mov	r1, r4
1000511c:	f7ff f8d0 	bl	100042c0 <dcd_edpt0_status_complete>
10005120:	6923      	ldr	r3, [r4, #16]
10005122:	b11b      	cbz	r3, 1000512c <usbd_control_xfer_cb+0x3c>
10005124:	4622      	mov	r2, r4
10005126:	2103      	movs	r1, #3
10005128:	4628      	mov	r0, r5
1000512a:	4798      	blx	r3
1000512c:	2001      	movs	r0, #1
1000512e:	b003      	add	sp, #12
10005130:	bd30      	pop	{r4, r5, pc}
10005132:	f994 2000 	ldrsb.w	r2, [r4]
10005136:	2a00      	cmp	r2, #0
10005138:	db08      	blt.n	1000514c <usbd_control_xfer_cb+0x5c>
1000513a:	68a0      	ldr	r0, [r4, #8]
1000513c:	2800      	cmp	r0, #0
1000513e:	d0e7      	beq.n	10005110 <usbd_control_xfer_cb+0x20>
10005140:	461a      	mov	r2, r3
10005142:	492b      	ldr	r1, [pc, #172]	@ (100051f0 <usbd_control_xfer_cb+0x100>)
10005144:	9301      	str	r3, [sp, #4]
10005146:	f000 fea3 	bl	10005e90 <memcpy>
1000514a:	9b01      	ldr	r3, [sp, #4]
1000514c:	89e0      	ldrh	r0, [r4, #14]
1000514e:	68a1      	ldr	r1, [r4, #8]
10005150:	88e2      	ldrh	r2, [r4, #6]
10005152:	4418      	add	r0, r3
10005154:	b280      	uxth	r0, r0
10005156:	4419      	add	r1, r3
10005158:	4282      	cmp	r2, r0
1000515a:	81e0      	strh	r0, [r4, #14]
1000515c:	60a1      	str	r1, [r4, #8]
1000515e:	d016      	beq.n	1000518e <usbd_control_xfer_cb+0x9e>
10005160:	2b3f      	cmp	r3, #63	@ 0x3f
10005162:	d914      	bls.n	1000518e <usbd_control_xfer_cb+0x9e>
10005164:	89a2      	ldrh	r2, [r4, #12]
10005166:	f994 4000 	ldrsb.w	r4, [r4]
1000516a:	1a13      	subs	r3, r2, r0
1000516c:	b29b      	uxth	r3, r3
1000516e:	2b40      	cmp	r3, #64	@ 0x40
10005170:	bf28      	it	cs
10005172:	2340      	movcs	r3, #64	@ 0x40
10005174:	2c00      	cmp	r4, #0
10005176:	db28      	blt.n	100051ca <usbd_control_xfer_cb+0xda>
10005178:	4290      	cmp	r0, r2
1000517a:	f04f 0100 	mov.w	r1, #0
1000517e:	d032      	beq.n	100051e6 <usbd_control_xfer_cb+0xf6>
10005180:	4a1b      	ldr	r2, [pc, #108]	@ (100051f0 <usbd_control_xfer_cb+0x100>)
10005182:	4628      	mov	r0, r5
10005184:	f7ff fee8 	bl	10004f58 <usbd_edpt_xfer>
10005188:	2800      	cmp	r0, #0
1000518a:	d1cf      	bne.n	1000512c <usbd_control_xfer_cb+0x3c>
1000518c:	e7ba      	b.n	10005104 <usbd_control_xfer_cb+0x14>
1000518e:	6923      	ldr	r3, [r4, #16]
10005190:	b123      	cbz	r3, 1000519c <usbd_control_xfer_cb+0xac>
10005192:	2102      	movs	r1, #2
10005194:	4628      	mov	r0, r5
10005196:	4a15      	ldr	r2, [pc, #84]	@ (100051ec <usbd_control_xfer_cb+0xfc>)
10005198:	4798      	blx	r3
1000519a:	b168      	cbz	r0, 100051b8 <usbd_control_xfer_cb+0xc8>
1000519c:	2300      	movs	r3, #0
1000519e:	7821      	ldrb	r1, [r4, #0]
100051a0:	4628      	mov	r0, r5
100051a2:	f081 01ff 	eor.w	r1, r1, #255	@ 0xff
100051a6:	461a      	mov	r2, r3
100051a8:	f001 0180 	and.w	r1, r1, #128	@ 0x80
100051ac:	f7ff fed4 	bl	10004f58 <usbd_edpt_xfer>
100051b0:	2800      	cmp	r0, #0
100051b2:	d0a7      	beq.n	10005104 <usbd_control_xfer_cb+0x14>
100051b4:	2001      	movs	r0, #1
100051b6:	e7ba      	b.n	1000512e <usbd_control_xfer_cb+0x3e>
100051b8:	4601      	mov	r1, r0
100051ba:	4628      	mov	r0, r5
100051bc:	f7ff f91e 	bl	100043fc <dcd_edpt_stall>
100051c0:	2180      	movs	r1, #128	@ 0x80
100051c2:	4628      	mov	r0, r5
100051c4:	f7ff f91a 	bl	100043fc <dcd_edpt_stall>
100051c8:	e7b0      	b.n	1000512c <usbd_control_xfer_cb+0x3c>
100051ca:	4290      	cmp	r0, r2
100051cc:	d008      	beq.n	100051e0 <usbd_control_xfer_cb+0xf0>
100051ce:	461a      	mov	r2, r3
100051d0:	4807      	ldr	r0, [pc, #28]	@ (100051f0 <usbd_control_xfer_cb+0x100>)
100051d2:	9301      	str	r3, [sp, #4]
100051d4:	f000 fe5c 	bl	10005e90 <memcpy>
100051d8:	2180      	movs	r1, #128	@ 0x80
100051da:	4a05      	ldr	r2, [pc, #20]	@ (100051f0 <usbd_control_xfer_cb+0x100>)
100051dc:	9b01      	ldr	r3, [sp, #4]
100051de:	e7d0      	b.n	10005182 <usbd_control_xfer_cb+0x92>
100051e0:	2180      	movs	r1, #128	@ 0x80
100051e2:	2200      	movs	r2, #0
100051e4:	e7cd      	b.n	10005182 <usbd_control_xfer_cb+0x92>
100051e6:	460a      	mov	r2, r1
100051e8:	e7cb      	b.n	10005182 <usbd_control_xfer_cb+0x92>
100051ea:	bf00      	nop
100051ec:	200018e0 	.word	0x200018e0
100051f0:	200018a0 	.word	0x200018a0

100051f4 <_prep_out_transaction.isra.0>:
100051f4:	b570      	push	{r4, r5, r6, lr}
100051f6:	b082      	sub	sp, #8
100051f8:	4604      	mov	r4, r0
100051fa:	f7ff f9bf 	bl	1000457c <tud_mounted>
100051fe:	b908      	cbnz	r0, 10005204 <_prep_out_transaction.isra.0+0x10>
10005200:	b002      	add	sp, #8
10005202:	bd70      	pop	{r4, r5, r6, pc}
10005204:	f7ff f9c2 	bl	1000458c <tud_suspended>
10005208:	4602      	mov	r2, r0
1000520a:	2800      	cmp	r0, #0
1000520c:	d1f8      	bne.n	10005200 <_prep_out_transaction.isra.0+0xc>
1000520e:	23c8      	movs	r3, #200	@ 0xc8
10005210:	fb04 f303 	mul.w	r3, r4, r3
10005214:	4915      	ldr	r1, [pc, #84]	@ (1000526c <_prep_out_transaction.isra.0+0x78>)
10005216:	4625      	mov	r5, r4
10005218:	18cc      	adds	r4, r1, r3
1000521a:	78e0      	ldrb	r0, [r4, #3]
1000521c:	2800      	cmp	r0, #0
1000521e:	d0ef      	beq.n	10005200 <_prep_out_transaction.isra.0+0xc>
10005220:	3310      	adds	r3, #16
10005222:	185e      	adds	r6, r3, r1
10005224:	4630      	mov	r0, r6
10005226:	9201      	str	r2, [sp, #4]
10005228:	f000 fbe8 	bl	100059fc <tu_fifo_remaining>
1000522c:	283f      	cmp	r0, #63	@ 0x3f
1000522e:	d9e7      	bls.n	10005200 <_prep_out_transaction.isra.0+0xc>
10005230:	78e1      	ldrb	r1, [r4, #3]
10005232:	9801      	ldr	r0, [sp, #4]
10005234:	f7ff fe6c 	bl	10004f10 <usbd_edpt_claim>
10005238:	2800      	cmp	r0, #0
1000523a:	d0e1      	beq.n	10005200 <_prep_out_transaction.isra.0+0xc>
1000523c:	4630      	mov	r0, r6
1000523e:	f000 fbdd 	bl	100059fc <tu_fifo_remaining>
10005242:	283f      	cmp	r0, #63	@ 0x3f
10005244:	78e1      	ldrb	r1, [r4, #3]
10005246:	d90a      	bls.n	1000525e <_prep_out_transaction.isra.0+0x6a>
10005248:	2340      	movs	r3, #64	@ 0x40
1000524a:	f8df c024 	ldr.w	ip, [pc, #36]	@ 10005270 <_prep_out_transaction.isra.0+0x7c>
1000524e:	9801      	ldr	r0, [sp, #4]
10005250:	eb0c 12c5 	add.w	r2, ip, r5, lsl #7
10005254:	b002      	add	sp, #8
10005256:	e8bd 4070 	ldmia.w	sp!, {r4, r5, r6, lr}
1000525a:	f7ff be7d 	b.w	10004f58 <usbd_edpt_xfer>
1000525e:	9801      	ldr	r0, [sp, #4]
10005260:	b002      	add	sp, #8
10005262:	e8bd 4070 	ldmia.w	sp!, {r4, r5, r6, lr}
10005266:	f7ff be65 	b.w	10004f34 <usbd_edpt_release>
1000526a:	bf00      	nop
1000526c:	200015c8 	.word	0x200015c8
10005270:	2000181c 	.word	0x2000181c

10005274 <tud_cdc_n_connected>:
10005274:	b510      	push	{r4, lr}
10005276:	4604      	mov	r4, r0
10005278:	f7ff f980 	bl	1000457c <tud_mounted>
1000527c:	b908      	cbnz	r0, 10005282 <tud_cdc_n_connected+0xe>
1000527e:	2000      	movs	r0, #0
10005280:	bd10      	pop	{r4, pc}
10005282:	f7ff f983 	bl	1000458c <tud_suspended>
10005286:	2800      	cmp	r0, #0
10005288:	d1f9      	bne.n	1000527e <tud_cdc_n_connected+0xa>
1000528a:	22c8      	movs	r2, #200	@ 0xc8
1000528c:	4b03      	ldr	r3, [pc, #12]	@ (1000529c <tud_cdc_n_connected+0x28>)
1000528e:	fb02 3304 	mla	r3, r2, r4, r3
10005292:	7918      	ldrb	r0, [r3, #4]
10005294:	f000 0001 	and.w	r0, r0, #1
10005298:	bd10      	pop	{r4, pc}
1000529a:	bf00      	nop
1000529c:	200015c8 	.word	0x200015c8

100052a0 <tud_cdc_n_available>:
100052a0:	22c8      	movs	r2, #200	@ 0xc8
100052a2:	b508      	push	{r3, lr}
100052a4:	4b02      	ldr	r3, [pc, #8]	@ (100052b0 <tud_cdc_n_available+0x10>)
100052a6:	fb02 3000 	mla	r0, r2, r0, r3
100052aa:	f000 fb8d 	bl	100059c8 <tu_fifo_count>
100052ae:	bd08      	pop	{r3, pc}
100052b0:	200015d8 	.word	0x200015d8

100052b4 <tud_cdc_n_read>:
100052b4:	f64f 73ff 	movw	r3, #65535	@ 0xffff
100052b8:	e92d 41f0 	stmdb	sp!, {r4, r5, r6, r7, r8, lr}
100052bc:	24c8      	movs	r4, #200	@ 0xc8
100052be:	429a      	cmp	r2, r3
100052c0:	bf28      	it	cs
100052c2:	461a      	movcs	r2, r3
100052c4:	fb00 f404 	mul.w	r4, r0, r4
100052c8:	4d1b      	ldr	r5, [pc, #108]	@ (10005338 <tud_cdc_n_read+0x84>)
100052ca:	f104 0310 	add.w	r3, r4, #16
100052ce:	b082      	sub	sp, #8
100052d0:	4680      	mov	r8, r0
100052d2:	b292      	uxth	r2, r2
100052d4:	1958      	adds	r0, r3, r5
100052d6:	195f      	adds	r7, r3, r5
100052d8:	f000 fbf0 	bl	10005abc <tu_fifo_read_n>
100052dc:	4606      	mov	r6, r0
100052de:	f7ff f94d 	bl	1000457c <tud_mounted>
100052e2:	b918      	cbnz	r0, 100052ec <tud_cdc_n_read+0x38>
100052e4:	4630      	mov	r0, r6
100052e6:	b002      	add	sp, #8
100052e8:	e8bd 81f0 	ldmia.w	sp!, {r4, r5, r6, r7, r8, pc}
100052ec:	f7ff f94e 	bl	1000458c <tud_suspended>
100052f0:	2800      	cmp	r0, #0
100052f2:	d1f7      	bne.n	100052e4 <tud_cdc_n_read+0x30>
100052f4:	4425      	add	r5, r4
100052f6:	78ea      	ldrb	r2, [r5, #3]
100052f8:	2a00      	cmp	r2, #0
100052fa:	d0f3      	beq.n	100052e4 <tud_cdc_n_read+0x30>
100052fc:	9001      	str	r0, [sp, #4]
100052fe:	4638      	mov	r0, r7
10005300:	f000 fb7c 	bl	100059fc <tu_fifo_remaining>
10005304:	283f      	cmp	r0, #63	@ 0x3f
10005306:	d9ed      	bls.n	100052e4 <tud_cdc_n_read+0x30>
10005308:	9801      	ldr	r0, [sp, #4]
1000530a:	78e9      	ldrb	r1, [r5, #3]
1000530c:	f7ff fe00 	bl	10004f10 <usbd_edpt_claim>
10005310:	2800      	cmp	r0, #0
10005312:	d0e7      	beq.n	100052e4 <tud_cdc_n_read+0x30>
10005314:	4638      	mov	r0, r7
10005316:	f000 fb71 	bl	100059fc <tu_fifo_remaining>
1000531a:	283f      	cmp	r0, #63	@ 0x3f
1000531c:	78e9      	ldrb	r1, [r5, #3]
1000531e:	d907      	bls.n	10005330 <tud_cdc_n_read+0x7c>
10005320:	4a06      	ldr	r2, [pc, #24]	@ (1000533c <tud_cdc_n_read+0x88>)
10005322:	2340      	movs	r3, #64	@ 0x40
10005324:	9801      	ldr	r0, [sp, #4]
10005326:	eb02 12c8 	add.w	r2, r2, r8, lsl #7
1000532a:	f7ff fe15 	bl	10004f58 <usbd_edpt_xfer>
1000532e:	e7d9      	b.n	100052e4 <tud_cdc_n_read+0x30>
10005330:	9801      	ldr	r0, [sp, #4]
10005332:	f7ff fdff 	bl	10004f34 <usbd_edpt_release>
10005336:	e7d5      	b.n	100052e4 <tud_cdc_n_read+0x30>
10005338:	200015c8 	.word	0x200015c8
1000533c:	2000181c 	.word	0x2000181c

10005340 <tud_cdc_n_write_flush>:
10005340:	b5f0      	push	{r4, r5, r6, r7, lr}
10005342:	b083      	sub	sp, #12
10005344:	4605      	mov	r5, r0
10005346:	f7ff f919 	bl	1000457c <tud_mounted>
1000534a:	b910      	cbnz	r0, 10005352 <tud_cdc_n_write_flush+0x12>
1000534c:	2000      	movs	r0, #0
1000534e:	b003      	add	sp, #12
10005350:	bdf0      	pop	{r4, r5, r6, r7, pc}
10005352:	f7ff f91b 	bl	1000458c <tud_suspended>
10005356:	4604      	mov	r4, r0
10005358:	2800      	cmp	r0, #0
1000535a:	d1f7      	bne.n	1000534c <tud_cdc_n_write_flush+0xc>
1000535c:	23c8      	movs	r3, #200	@ 0xc8
1000535e:	fb05 f303 	mul.w	r3, r5, r3
10005362:	4a1a      	ldr	r2, [pc, #104]	@ (100053cc <tud_cdc_n_write_flush+0x8c>)
10005364:	f103 0124 	add.w	r1, r3, #36	@ 0x24
10005368:	188f      	adds	r7, r1, r2
1000536a:	4638      	mov	r0, r7
1000536c:	9300      	str	r3, [sp, #0]
1000536e:	f000 fb2b 	bl	100059c8 <tu_fifo_count>
10005372:	2800      	cmp	r0, #0
10005374:	d0ea      	beq.n	1000534c <tud_cdc_n_write_flush+0xc>
10005376:	4a15      	ldr	r2, [pc, #84]	@ (100053cc <tud_cdc_n_write_flush+0x8c>)
10005378:	9b00      	ldr	r3, [sp, #0]
1000537a:	4620      	mov	r0, r4
1000537c:	18d6      	adds	r6, r2, r3
1000537e:	78b1      	ldrb	r1, [r6, #2]
10005380:	f7ff fdc6 	bl	10004f10 <usbd_edpt_claim>
10005384:	2800      	cmp	r0, #0
10005386:	d0e1      	beq.n	1000534c <tud_cdc_n_write_flush+0xc>
10005388:	4911      	ldr	r1, [pc, #68]	@ (100053d0 <tud_cdc_n_write_flush+0x90>)
1000538a:	4638      	mov	r0, r7
1000538c:	eb01 11c5 	add.w	r1, r1, r5, lsl #7
10005390:	2240      	movs	r2, #64	@ 0x40
10005392:	9100      	str	r1, [sp, #0]
10005394:	f000 fb92 	bl	10005abc <tu_fifo_read_n>
10005398:	f896 c002 	ldrb.w	ip, [r6, #2]
1000539c:	4603      	mov	r3, r0
1000539e:	b170      	cbz	r0, 100053be <tud_cdc_n_write_flush+0x7e>
100053a0:	9001      	str	r0, [sp, #4]
100053a2:	4661      	mov	r1, ip
100053a4:	4620      	mov	r0, r4
100053a6:	9a00      	ldr	r2, [sp, #0]
100053a8:	f7ff fdd6 	bl	10004f58 <usbd_edpt_xfer>
100053ac:	b958      	cbnz	r0, 100053c6 <tud_cdc_n_write_flush+0x86>
100053ae:	f04f 23e0 	mov.w	r3, #3758153728	@ 0xe000e000
100053b2:	f8d3 3df0 	ldr.w	r3, [r3, #3568]	@ 0xdf0
100053b6:	07db      	lsls	r3, r3, #31
100053b8:	d5c8      	bpl.n	1000534c <tud_cdc_n_write_flush+0xc>
100053ba:	be00      	bkpt	0x0000
100053bc:	e7c6      	b.n	1000534c <tud_cdc_n_write_flush+0xc>
100053be:	4661      	mov	r1, ip
100053c0:	f7ff fdb8 	bl	10004f34 <usbd_edpt_release>
100053c4:	e7c2      	b.n	1000534c <tud_cdc_n_write_flush+0xc>
100053c6:	9801      	ldr	r0, [sp, #4]
100053c8:	e7c1      	b.n	1000534e <tud_cdc_n_write_flush+0xe>
100053ca:	bf00      	nop
100053cc:	200015c8 	.word	0x200015c8
100053d0:	2000185c 	.word	0x2000185c

100053d4 <tud_cdc_n_write>:
100053d4:	b570      	push	{r4, r5, r6, lr}
100053d6:	4605      	mov	r5, r0
100053d8:	f64f 70ff 	movw	r0, #65535	@ 0xffff
100053dc:	23c8      	movs	r3, #200	@ 0xc8
100053de:	4282      	cmp	r2, r0
100053e0:	bf28      	it	cs
100053e2:	4602      	movcs	r2, r0
100053e4:	4c09      	ldr	r4, [pc, #36]	@ (1000540c <tud_cdc_n_write+0x38>)
100053e6:	b292      	uxth	r2, r2
100053e8:	fb03 4405 	mla	r4, r3, r5, r4
100053ec:	4620      	mov	r0, r4
100053ee:	f000 fc29 	bl	10005c44 <tu_fifo_write_n>
100053f2:	4606      	mov	r6, r0
100053f4:	4620      	mov	r0, r4
100053f6:	f000 fae7 	bl	100059c8 <tu_fifo_count>
100053fa:	283f      	cmp	r0, #63	@ 0x3f
100053fc:	d801      	bhi.n	10005402 <tud_cdc_n_write+0x2e>
100053fe:	4630      	mov	r0, r6
10005400:	bd70      	pop	{r4, r5, r6, pc}
10005402:	4628      	mov	r0, r5
10005404:	f7ff ff9c 	bl	10005340 <tud_cdc_n_write_flush>
10005408:	4630      	mov	r0, r6
1000540a:	bd70      	pop	{r4, r5, r6, pc}
1000540c:	200015ec 	.word	0x200015ec

10005410 <tud_cdc_n_write_available>:
10005410:	22c8      	movs	r2, #200	@ 0xc8
10005412:	b508      	push	{r3, lr}
10005414:	4b02      	ldr	r3, [pc, #8]	@ (10005420 <tud_cdc_n_write_available+0x10>)
10005416:	fb02 3000 	mla	r0, r2, r0, r3
1000541a:	f000 faef 	bl	100059fc <tu_fifo_remaining>
1000541e:	bd08      	pop	{r3, pc}
10005420:	200015ec 	.word	0x200015ec

10005424 <cdcd_init>:
10005424:	b570      	push	{r4, r5, r6, lr}
10005426:	2400      	movs	r4, #0
10005428:	b082      	sub	sp, #8
1000542a:	22c8      	movs	r2, #200	@ 0xc8
1000542c:	2100      	movs	r1, #0
1000542e:	4818      	ldr	r0, [pc, #96]	@ (10005490 <cdcd_init+0x6c>)
10005430:	f000 fcea 	bl	10005e08 <memset>
10005434:	23ff      	movs	r3, #255	@ 0xff
10005436:	f44f 31e1 	mov.w	r1, #115200	@ 0x1c200
1000543a:	2208      	movs	r2, #8
1000543c:	4815      	ldr	r0, [pc, #84]	@ (10005494 <cdcd_init+0x70>)
1000543e:	7004      	strb	r4, [r0, #0]
10005440:	4813      	ldr	r0, [pc, #76]	@ (10005490 <cdcd_init+0x6c>)
10005442:	9400      	str	r4, [sp, #0]
10005444:	4606      	mov	r6, r0
10005446:	7143      	strb	r3, [r0, #5]
10005448:	6081      	str	r1, [r0, #8]
1000544a:	7382      	strb	r2, [r0, #14]
1000544c:	f100 0138 	add.w	r1, r0, #56	@ 0x38
10005450:	2301      	movs	r3, #1
10005452:	2240      	movs	r2, #64	@ 0x40
10005454:	3010      	adds	r0, #16
10005456:	f000 fa87 	bl	10005968 <tu_fifo_config>
1000545a:	2301      	movs	r3, #1
1000545c:	2240      	movs	r2, #64	@ 0x40
1000545e:	f106 0178 	add.w	r1, r6, #120	@ 0x78
10005462:	9300      	str	r3, [sp, #0]
10005464:	f106 05b8 	add.w	r5, r6, #184	@ 0xb8
10005468:	f106 0024 	add.w	r0, r6, #36	@ 0x24
1000546c:	f000 fa7c 	bl	10005968 <tu_fifo_config>
10005470:	4628      	mov	r0, r5
10005472:	f7fb fb97 	bl	10000ba4 <mutex_init>
10005476:	f106 00c0 	add.w	r0, r6, #192	@ 0xc0
1000547a:	f7fb fb93 	bl	10000ba4 <mutex_init>
1000547e:	f106 00c0 	add.w	r0, r6, #192	@ 0xc0
10005482:	e9c6 4507 	strd	r4, r5, [r6, #28]
10005486:	e9c6 040c 	strd	r0, r4, [r6, #48]	@ 0x30
1000548a:	b002      	add	sp, #8
1000548c:	bd70      	pop	{r4, r5, r6, pc}
1000548e:	bf00      	nop
10005490:	200015c8 	.word	0x200015c8
10005494:	2000189c 	.word	0x2000189c

10005498 <cdcd_deinit>:
10005498:	4b0a      	ldr	r3, [pc, #40]	@ (100054c4 <cdcd_deinit+0x2c>)
1000549a:	6b19      	ldr	r1, [r3, #48]	@ 0x30
1000549c:	6a1a      	ldr	r2, [r3, #32]
1000549e:	b161      	cbz	r1, 100054ba <cdcd_deinit+0x22>
100054a0:	b13a      	cbz	r2, 100054b2 <cdcd_deinit+0x1a>
100054a2:	2200      	movs	r2, #0
100054a4:	e9c3 220c 	strd	r2, r2, [r3, #48]	@ 0x30
100054a8:	61da      	str	r2, [r3, #28]
100054aa:	2200      	movs	r2, #0
100054ac:	621a      	str	r2, [r3, #32]
100054ae:	2001      	movs	r0, #1
100054b0:	4770      	bx	lr
100054b2:	2001      	movs	r0, #1
100054b4:	e9c3 220c 	strd	r2, r2, [r3, #48]	@ 0x30
100054b8:	4770      	bx	lr
100054ba:	2a00      	cmp	r2, #0
100054bc:	d0f7      	beq.n	100054ae <cdcd_deinit+0x16>
100054be:	61d9      	str	r1, [r3, #28]
100054c0:	e7f3      	b.n	100054aa <cdcd_deinit+0x12>
100054c2:	bf00      	nop
100054c4:	200015c8 	.word	0x200015c8

100054c8 <cdcd_reset>:
100054c8:	2200      	movs	r2, #0
100054ca:	4910      	ldr	r1, [pc, #64]	@ (1000550c <cdcd_reset+0x44>)
100054cc:	b508      	push	{r3, lr}
100054ce:	4810      	ldr	r0, [pc, #64]	@ (10005510 <cdcd_reset+0x48>)
100054d0:	780b      	ldrb	r3, [r1, #0]
100054d2:	6002      	str	r2, [r0, #0]
100054d4:	7102      	strb	r2, [r0, #4]
100054d6:	07da      	lsls	r2, r3, #31
100054d8:	d507      	bpl.n	100054ea <cdcd_reset+0x22>
100054da:	079b      	lsls	r3, r3, #30
100054dc:	d50c      	bpl.n	100054f8 <cdcd_reset+0x30>
100054de:	e8bd 4008 	ldmia.w	sp!, {r3, lr}
100054e2:	2101      	movs	r1, #1
100054e4:	480b      	ldr	r0, [pc, #44]	@ (10005514 <cdcd_reset+0x4c>)
100054e6:	f000 bc71 	b.w	10005dcc <tu_fifo_set_overwritable>
100054ea:	3010      	adds	r0, #16
100054ec:	f000 fc52 	bl	10005d94 <tu_fifo_clear>
100054f0:	4906      	ldr	r1, [pc, #24]	@ (1000550c <cdcd_reset+0x44>)
100054f2:	780b      	ldrb	r3, [r1, #0]
100054f4:	079b      	lsls	r3, r3, #30
100054f6:	d4f2      	bmi.n	100054de <cdcd_reset+0x16>
100054f8:	4806      	ldr	r0, [pc, #24]	@ (10005514 <cdcd_reset+0x4c>)
100054fa:	f000 fc4b 	bl	10005d94 <tu_fifo_clear>
100054fe:	e8bd 4008 	ldmia.w	sp!, {r3, lr}
10005502:	2101      	movs	r1, #1
10005504:	4803      	ldr	r0, [pc, #12]	@ (10005514 <cdcd_reset+0x4c>)
10005506:	f000 bc61 	b.w	10005dcc <tu_fifo_set_overwritable>
1000550a:	bf00      	nop
1000550c:	2000189c 	.word	0x2000189c
10005510:	200015c8 	.word	0x200015c8
10005514:	200015ec 	.word	0x200015ec

10005518 <cdcd_open>:
10005518:	b570      	push	{r4, r5, r6, lr}
1000551a:	794b      	ldrb	r3, [r1, #5]
1000551c:	b084      	sub	sp, #16
1000551e:	2b02      	cmp	r3, #2
10005520:	d102      	bne.n	10005528 <cdcd_open+0x10>
10005522:	798b      	ldrb	r3, [r1, #6]
10005524:	2b02      	cmp	r3, #2
10005526:	d003      	beq.n	10005530 <cdcd_open+0x18>
10005528:	2400      	movs	r4, #0
1000552a:	4620      	mov	r0, r4
1000552c:	b004      	add	sp, #16
1000552e:	bd70      	pop	{r4, r5, r6, pc}
10005530:	4b2b      	ldr	r3, [pc, #172]	@ (100055e0 <cdcd_open+0xc8>)
10005532:	789b      	ldrb	r3, [r3, #2]
10005534:	b13b      	cbz	r3, 10005546 <cdcd_open+0x2e>
10005536:	f04f 23e0 	mov.w	r3, #3758153728	@ 0xe000e000
1000553a:	f8d3 3df0 	ldr.w	r3, [r3, #3568]	@ 0xdf0
1000553e:	07db      	lsls	r3, r3, #31
10005540:	d5f2      	bpl.n	10005528 <cdcd_open+0x10>
10005542:	be00      	bkpt	0x0000
10005544:	e7f0      	b.n	10005528 <cdcd_open+0x10>
10005546:	788b      	ldrb	r3, [r1, #2]
10005548:	4605      	mov	r5, r0
1000554a:	4825      	ldr	r0, [pc, #148]	@ (100055e0 <cdcd_open+0xc8>)
1000554c:	7003      	strb	r3, [r0, #0]
1000554e:	780b      	ldrb	r3, [r1, #0]
10005550:	4419      	add	r1, r3
10005552:	f891 c001 	ldrb.w	ip, [r1, #1]
10005556:	f1bc 0f24 	cmp.w	ip, #36	@ 0x24
1000555a:	bf08      	it	eq
1000555c:	2409      	moveq	r4, #9
1000555e:	d009      	beq.n	10005574 <cdcd_open+0x5c>
10005560:	e03b      	b.n	100055da <cdcd_open+0xc2>
10005562:	780b      	ldrb	r3, [r1, #0]
10005564:	4419      	add	r1, r3
10005566:	f891 c001 	ldrb.w	ip, [r1, #1]
1000556a:	4423      	add	r3, r4
1000556c:	f1bc 0f24 	cmp.w	ip, #36	@ 0x24
10005570:	b29c      	uxth	r4, r3
10005572:	d107      	bne.n	10005584 <cdcd_open+0x6c>
10005574:	4294      	cmp	r4, r2
10005576:	d9f4      	bls.n	10005562 <cdcd_open+0x4a>
10005578:	2000      	movs	r0, #0
1000557a:	f7ff fe3b 	bl	100051f4 <_prep_out_transaction.isra.0>
1000557e:	4620      	mov	r0, r4
10005580:	b004      	add	sp, #16
10005582:	bd70      	pop	{r4, r5, r6, pc}
10005584:	4663      	mov	r3, ip
10005586:	f1bc 0f05 	cmp.w	ip, #5
1000558a:	d016      	beq.n	100055ba <cdcd_open+0xa2>
1000558c:	2b04      	cmp	r3, #4
1000558e:	d1f3      	bne.n	10005578 <cdcd_open+0x60>
10005590:	794b      	ldrb	r3, [r1, #5]
10005592:	2b0a      	cmp	r3, #10
10005594:	d1f0      	bne.n	10005578 <cdcd_open+0x60>
10005596:	4b13      	ldr	r3, [pc, #76]	@ (100055e4 <cdcd_open+0xcc>)
10005598:	780a      	ldrb	r2, [r1, #0]
1000559a:	9301      	str	r3, [sp, #4]
1000559c:	3301      	adds	r3, #1
1000559e:	9300      	str	r3, [sp, #0]
100055a0:	2302      	movs	r3, #2
100055a2:	4616      	mov	r6, r2
100055a4:	4411      	add	r1, r2
100055a6:	4628      	mov	r0, r5
100055a8:	461a      	mov	r2, r3
100055aa:	f7ff fc33 	bl	10004e14 <usbd_open_edpt_pair>
100055ae:	2800      	cmp	r0, #0
100055b0:	d0c1      	beq.n	10005536 <cdcd_open+0x1e>
100055b2:	340e      	adds	r4, #14
100055b4:	1933      	adds	r3, r6, r4
100055b6:	b29c      	uxth	r4, r3
100055b8:	e7de      	b.n	10005578 <cdcd_open+0x60>
100055ba:	4628      	mov	r0, r5
100055bc:	9103      	str	r1, [sp, #12]
100055be:	f7ff fc79 	bl	10004eb4 <usbd_edpt_open>
100055c2:	9903      	ldr	r1, [sp, #12]
100055c4:	2800      	cmp	r0, #0
100055c6:	d0b6      	beq.n	10005536 <cdcd_open+0x1e>
100055c8:	788b      	ldrb	r3, [r1, #2]
100055ca:	4a05      	ldr	r2, [pc, #20]	@ (100055e0 <cdcd_open+0xc8>)
100055cc:	7053      	strb	r3, [r2, #1]
100055ce:	780b      	ldrb	r3, [r1, #0]
100055d0:	191a      	adds	r2, r3, r4
100055d2:	4419      	add	r1, r3
100055d4:	784b      	ldrb	r3, [r1, #1]
100055d6:	b294      	uxth	r4, r2
100055d8:	e7d8      	b.n	1000558c <cdcd_open+0x74>
100055da:	4663      	mov	r3, ip
100055dc:	2409      	movs	r4, #9
100055de:	e7d2      	b.n	10005586 <cdcd_open+0x6e>
100055e0:	200015c8 	.word	0x200015c8
100055e4:	200015ca 	.word	0x200015ca

100055e8 <cdcd_control_xfer_cb>:
100055e8:	7813      	ldrb	r3, [r2, #0]
100055ea:	f003 0360 	and.w	r3, r3, #96	@ 0x60
100055ee:	2b20      	cmp	r3, #32
100055f0:	d10b      	bne.n	1000560a <cdcd_control_xfer_cb+0x22>
100055f2:	b500      	push	{lr}
100055f4:	f8df c0bc 	ldr.w	ip, [pc, #188]	@ 100056b4 <cdcd_control_xfer_cb+0xcc>
100055f8:	8893      	ldrh	r3, [r2, #4]
100055fa:	f89c e000 	ldrb.w	lr, [ip]
100055fe:	b083      	sub	sp, #12
10005600:	459e      	cmp	lr, r3
10005602:	d004      	beq.n	1000560e <cdcd_control_xfer_cb+0x26>
10005604:	2000      	movs	r0, #0
10005606:	b003      	add	sp, #12
10005608:	bd00      	pop	{pc}
1000560a:	2000      	movs	r0, #0
1000560c:	4770      	bx	lr
1000560e:	7853      	ldrb	r3, [r2, #1]
10005610:	3b20      	subs	r3, #32
10005612:	2b03      	cmp	r3, #3
10005614:	d8f6      	bhi.n	10005604 <cdcd_control_xfer_cb+0x1c>
10005616:	e8df f003 	tbb	[pc, r3]
1000561a:	272c      	.short	0x272c
1000561c:	020d      	.short	0x020d
1000561e:	2901      	cmp	r1, #1
10005620:	d033      	beq.n	1000568a <cdcd_control_xfer_cb+0xa2>
10005622:	2903      	cmp	r1, #3
10005624:	d122      	bne.n	1000566c <cdcd_control_xfer_cb+0x84>
10005626:	4b1e      	ldr	r3, [pc, #120]	@ (100056a0 <cdcd_control_xfer_cb+0xb8>)
10005628:	b303      	cbz	r3, 1000566c <cdcd_control_xfer_cb+0x84>
1000562a:	2000      	movs	r0, #0
1000562c:	8851      	ldrh	r1, [r2, #2]
1000562e:	f3af 8000 	nop.w
10005632:	e01b      	b.n	1000566c <cdcd_control_xfer_cb+0x84>
10005634:	2901      	cmp	r1, #1
10005636:	d028      	beq.n	1000568a <cdcd_control_xfer_cb+0xa2>
10005638:	2903      	cmp	r1, #3
1000563a:	d117      	bne.n	1000566c <cdcd_control_xfer_cb+0x84>
1000563c:	8852      	ldrh	r2, [r2, #2]
1000563e:	4819      	ldr	r0, [pc, #100]	@ (100056a4 <cdcd_control_xfer_cb+0xbc>)
10005640:	f002 0301 	and.w	r3, r2, #1
10005644:	f083 0101 	eor.w	r1, r3, #1
10005648:	9301      	str	r3, [sp, #4]
1000564a:	f88c 2004 	strb.w	r2, [ip, #4]
1000564e:	9200      	str	r2, [sp, #0]
10005650:	f000 fbbc 	bl	10005dcc <tu_fifo_set_overwritable>
10005654:	4914      	ldr	r1, [pc, #80]	@ (100056a8 <cdcd_control_xfer_cb+0xc0>)
10005656:	b149      	cbz	r1, 1000566c <cdcd_control_xfer_cb+0x84>
10005658:	9a00      	ldr	r2, [sp, #0]
1000565a:	2000      	movs	r0, #0
1000565c:	9901      	ldr	r1, [sp, #4]
1000565e:	f3c2 0240 	ubfx	r2, r2, #1, #1
10005662:	f3af 8000 	nop.w
10005666:	e001      	b.n	1000566c <cdcd_control_xfer_cb+0x84>
10005668:	2901      	cmp	r1, #1
1000566a:	d012      	beq.n	10005692 <cdcd_control_xfer_cb+0xaa>
1000566c:	2001      	movs	r0, #1
1000566e:	b003      	add	sp, #12
10005670:	bd00      	pop	{pc}
10005672:	2901      	cmp	r1, #1
10005674:	d00d      	beq.n	10005692 <cdcd_control_xfer_cb+0xaa>
10005676:	2903      	cmp	r1, #3
10005678:	d1f8      	bne.n	1000566c <cdcd_control_xfer_cb+0x84>
1000567a:	4b0c      	ldr	r3, [pc, #48]	@ (100056ac <cdcd_control_xfer_cb+0xc4>)
1000567c:	2b00      	cmp	r3, #0
1000567e:	d0f5      	beq.n	1000566c <cdcd_control_xfer_cb+0x84>
10005680:	2000      	movs	r0, #0
10005682:	490b      	ldr	r1, [pc, #44]	@ (100056b0 <cdcd_control_xfer_cb+0xc8>)
10005684:	f7fe fda8 	bl	100041d8 <tud_cdc_line_coding_cb>
10005688:	e7f0      	b.n	1000566c <cdcd_control_xfer_cb+0x84>
1000568a:	4611      	mov	r1, r2
1000568c:	f7ff fc9c 	bl	10004fc8 <tud_control_status>
10005690:	e7ec      	b.n	1000566c <cdcd_control_xfer_cb+0x84>
10005692:	4611      	mov	r1, r2
10005694:	2307      	movs	r3, #7
10005696:	4a06      	ldr	r2, [pc, #24]	@ (100056b0 <cdcd_control_xfer_cb+0xc8>)
10005698:	f7ff fcb2 	bl	10005000 <tud_control_xfer>
1000569c:	e7e6      	b.n	1000566c <cdcd_control_xfer_cb+0x84>
1000569e:	bf00      	nop
100056a0:	00000000 	.word	0x00000000
100056a4:	200015ec 	.word	0x200015ec
100056a8:	00000000 	.word	0x00000000
100056ac:	100041d9 	.word	0x100041d9
100056b0:	200015d0 	.word	0x200015d0
100056b4:	200015c8 	.word	0x200015c8

100056b8 <cdcd_xfer_cb>:
100056b8:	e92d 41f0 	stmdb	sp!, {r4, r5, r6, r7, r8, lr}
100056bc:	4c35      	ldr	r4, [pc, #212]	@ (10005794 <cdcd_xfer_cb+0xdc>)
100056be:	460d      	mov	r5, r1
100056c0:	78e2      	ldrb	r2, [r4, #3]
100056c2:	4607      	mov	r7, r0
100056c4:	428a      	cmp	r2, r1
100056c6:	461e      	mov	r6, r3
100056c8:	b082      	sub	sp, #8
100056ca:	d02f      	beq.n	1000572c <cdcd_xfer_cb+0x74>
100056cc:	78a3      	ldrb	r3, [r4, #2]
100056ce:	428b      	cmp	r3, r1
100056d0:	d009      	beq.n	100056e6 <cdcd_xfer_cb+0x2e>
100056d2:	f04f 23e0 	mov.w	r3, #3758153728	@ 0xe000e000
100056d6:	f8d3 3df0 	ldr.w	r3, [r3, #3568]	@ 0xdf0
100056da:	07db      	lsls	r3, r3, #31
100056dc:	d424      	bmi.n	10005728 <cdcd_xfer_cb+0x70>
100056de:	2000      	movs	r0, #0
100056e0:	b002      	add	sp, #8
100056e2:	e8bd 81f0 	ldmia.w	sp!, {r4, r5, r6, r7, r8, pc}
100056e6:	4b2c      	ldr	r3, [pc, #176]	@ (10005798 <cdcd_xfer_cb+0xe0>)
100056e8:	b113      	cbz	r3, 100056f0 <cdcd_xfer_cb+0x38>
100056ea:	2000      	movs	r0, #0
100056ec:	f3af 8000 	nop.w
100056f0:	2000      	movs	r0, #0
100056f2:	f7ff fe25 	bl	10005340 <tud_cdc_n_write_flush>
100056f6:	2800      	cmp	r0, #0
100056f8:	d147      	bne.n	1000578a <cdcd_xfer_cb+0xd2>
100056fa:	4828      	ldr	r0, [pc, #160]	@ (1000579c <cdcd_xfer_cb+0xe4>)
100056fc:	f000 f964 	bl	100059c8 <tu_fifo_count>
10005700:	2800      	cmp	r0, #0
10005702:	d142      	bne.n	1000578a <cdcd_xfer_cb+0xd2>
10005704:	2e00      	cmp	r6, #0
10005706:	d040      	beq.n	1000578a <cdcd_xfer_cb+0xd2>
10005708:	f016 053f 	ands.w	r5, r6, #63	@ 0x3f
1000570c:	d13d      	bne.n	1000578a <cdcd_xfer_cb+0xd2>
1000570e:	4638      	mov	r0, r7
10005710:	78a1      	ldrb	r1, [r4, #2]
10005712:	f7ff fbfd 	bl	10004f10 <usbd_edpt_claim>
10005716:	2800      	cmp	r0, #0
10005718:	d037      	beq.n	1000578a <cdcd_xfer_cb+0xd2>
1000571a:	462b      	mov	r3, r5
1000571c:	462a      	mov	r2, r5
1000571e:	4638      	mov	r0, r7
10005720:	78a1      	ldrb	r1, [r4, #2]
10005722:	f7ff fc19 	bl	10004f58 <usbd_edpt_xfer>
10005726:	e030      	b.n	1000578a <cdcd_xfer_cb+0xd2>
10005728:	be00      	bkpt	0x0000
1000572a:	e7d8      	b.n	100056de <cdcd_xfer_cb+0x26>
1000572c:	b29a      	uxth	r2, r3
1000572e:	491c      	ldr	r1, [pc, #112]	@ (100057a0 <cdcd_xfer_cb+0xe8>)
10005730:	f104 0010 	add.w	r0, r4, #16
10005734:	f000 fa86 	bl	10005c44 <tu_fifo_write_n>
10005738:	4b1a      	ldr	r3, [pc, #104]	@ (100057a4 <cdcd_xfer_cb+0xec>)
1000573a:	b1d3      	cbz	r3, 10005772 <cdcd_xfer_cb+0xba>
1000573c:	7962      	ldrb	r2, [r4, #5]
1000573e:	2aff      	cmp	r2, #255	@ 0xff
10005740:	d017      	beq.n	10005772 <cdcd_xfer_cb+0xba>
10005742:	b1b6      	cbz	r6, 10005772 <cdcd_xfer_cb+0xba>
10005744:	4b16      	ldr	r3, [pc, #88]	@ (100057a0 <cdcd_xfer_cb+0xe8>)
10005746:	eb03 0806 	add.w	r8, r3, r6
1000574a:	e002      	b.n	10005752 <cdcd_xfer_cb+0x9a>
1000574c:	4543      	cmp	r3, r8
1000574e:	d010      	beq.n	10005772 <cdcd_xfer_cb+0xba>
10005750:	7962      	ldrb	r2, [r4, #5]
10005752:	f813 1b01 	ldrb.w	r1, [r3], #1
10005756:	4291      	cmp	r1, r2
10005758:	d1f8      	bne.n	1000574c <cdcd_xfer_cb+0x94>
1000575a:	4813      	ldr	r0, [pc, #76]	@ (100057a8 <cdcd_xfer_cb+0xf0>)
1000575c:	9301      	str	r3, [sp, #4]
1000575e:	f000 f943 	bl	100059e8 <tu_fifo_empty>
10005762:	9b01      	ldr	r3, [sp, #4]
10005764:	2800      	cmp	r0, #0
10005766:	d1f1      	bne.n	1000574c <cdcd_xfer_cb+0x94>
10005768:	7961      	ldrb	r1, [r4, #5]
1000576a:	f3af 8000 	nop.w
1000576e:	9b01      	ldr	r3, [sp, #4]
10005770:	e7ec      	b.n	1000574c <cdcd_xfer_cb+0x94>
10005772:	4b0e      	ldr	r3, [pc, #56]	@ (100057ac <cdcd_xfer_cb+0xf4>)
10005774:	b11b      	cbz	r3, 1000577e <cdcd_xfer_cb+0xc6>
10005776:	480c      	ldr	r0, [pc, #48]	@ (100057a8 <cdcd_xfer_cb+0xf0>)
10005778:	f000 f936 	bl	100059e8 <tu_fifo_empty>
1000577c:	b138      	cbz	r0, 1000578e <cdcd_xfer_cb+0xd6>
1000577e:	2000      	movs	r0, #0
10005780:	f7ff fd38 	bl	100051f4 <_prep_out_transaction.isra.0>
10005784:	78a3      	ldrb	r3, [r4, #2]
10005786:	42ab      	cmp	r3, r5
10005788:	d0ad      	beq.n	100056e6 <cdcd_xfer_cb+0x2e>
1000578a:	2001      	movs	r0, #1
1000578c:	e7a8      	b.n	100056e0 <cdcd_xfer_cb+0x28>
1000578e:	f3af 8000 	nop.w
10005792:	e7f4      	b.n	1000577e <cdcd_xfer_cb+0xc6>
10005794:	200015c8 	.word	0x200015c8
10005798:	00000000 	.word	0x00000000
1000579c:	200015ec 	.word	0x200015ec
100057a0:	2000181c 	.word	0x2000181c
100057a4:	00000000 	.word	0x00000000
100057a8:	200015d8 	.word	0x200015d8
100057ac:	00000000 	.word	0x00000000

100057b0 <tusb_rhport_init>:
100057b0:	b500      	push	{lr}
100057b2:	b083      	sub	sp, #12
100057b4:	b1d9      	cbz	r1, 100057ee <tusb_rhport_init+0x3e>
100057b6:	2801      	cmp	r0, #1
100057b8:	d80e      	bhi.n	100057d8 <tusb_rhport_init+0x28>
100057ba:	780b      	ldrb	r3, [r1, #0]
100057bc:	b163      	cbz	r3, 100057d8 <tusb_rhport_init+0x28>
100057be:	f8df c058 	ldr.w	ip, [pc, #88]	@ 10005818 <tusb_rhport_init+0x68>
100057c2:	2b01      	cmp	r3, #1
100057c4:	f80c 3000 	strb.w	r3, [ip, r0]
100057c8:	d002      	beq.n	100057d0 <tusb_rhport_init+0x20>
100057ca:	2001      	movs	r0, #1
100057cc:	b003      	add	sp, #12
100057ce:	bd00      	pop	{pc}
100057d0:	f7fe fee4 	bl	1000459c <tud_rhport_init>
100057d4:	2800      	cmp	r0, #0
100057d6:	d1f8      	bne.n	100057ca <tusb_rhport_init+0x1a>
100057d8:	f04f 23e0 	mov.w	r3, #3758153728	@ 0xe000e000
100057dc:	f8d3 3df0 	ldr.w	r3, [r3, #3568]	@ 0xdf0
100057e0:	07db      	lsls	r3, r3, #31
100057e2:	d402      	bmi.n	100057ea <tusb_rhport_init+0x3a>
100057e4:	2000      	movs	r0, #0
100057e6:	b003      	add	sp, #12
100057e8:	bd00      	pop	{pc}
100057ea:	be00      	bkpt	0x0000
100057ec:	e7fa      	b.n	100057e4 <tusb_rhport_init+0x34>
100057ee:	2201      	movs	r2, #1
100057f0:	4608      	mov	r0, r1
100057f2:	a901      	add	r1, sp, #4
100057f4:	f8ad 2004 	strh.w	r2, [sp, #4]
100057f8:	f7fe fed0 	bl	1000459c <tud_rhport_init>
100057fc:	2201      	movs	r2, #1
100057fe:	b938      	cbnz	r0, 10005810 <tusb_rhport_init+0x60>
10005800:	f04f 23e0 	mov.w	r3, #3758153728	@ 0xe000e000
10005804:	f8d3 3df0 	ldr.w	r3, [r3, #3568]	@ 0xdf0
10005808:	07da      	lsls	r2, r3, #31
1000580a:	d5ec      	bpl.n	100057e6 <tusb_rhport_init+0x36>
1000580c:	be00      	bkpt	0x0000
1000580e:	e7ea      	b.n	100057e6 <tusb_rhport_init+0x36>
10005810:	4b01      	ldr	r3, [pc, #4]	@ (10005818 <tusb_rhport_init+0x68>)
10005812:	701a      	strb	r2, [r3, #0]
10005814:	e7e7      	b.n	100057e6 <tusb_rhport_init+0x36>
10005816:	bf00      	nop
10005818:	20001914 	.word	0x20001914

1000581c <tu_edpt_claim>:
1000581c:	7803      	ldrb	r3, [r0, #0]
1000581e:	f013 0301 	ands.w	r3, r3, #1
10005822:	d11e      	bne.n	10005862 <tu_edpt_claim+0x46>
10005824:	b530      	push	{r4, r5, lr}
10005826:	4602      	mov	r2, r0
10005828:	7800      	ldrb	r0, [r0, #0]
1000582a:	b083      	sub	sp, #12
1000582c:	4604      	mov	r4, r0
1000582e:	0740      	lsls	r0, r0, #29
10005830:	d502      	bpl.n	10005838 <tu_edpt_claim+0x1c>
10005832:	4618      	mov	r0, r3
10005834:	b003      	add	sp, #12
10005836:	bd30      	pop	{r4, r5, pc}
10005838:	4608      	mov	r0, r1
1000583a:	460d      	mov	r5, r1
1000583c:	f04f 31ff 	mov.w	r1, #4294967295	@ 0xffffffff
10005840:	9201      	str	r2, [sp, #4]
10005842:	f000 fbed 	bl	10006020 <__mutex_enter_timeout_ms_veneer>
10005846:	9a01      	ldr	r2, [sp, #4]
10005848:	7813      	ldrb	r3, [r2, #0]
1000584a:	f013 0301 	ands.w	r3, r3, #1
1000584e:	d10b      	bne.n	10005868 <tu_edpt_claim+0x4c>
10005850:	7811      	ldrb	r1, [r2, #0]
10005852:	0749      	lsls	r1, r1, #29
10005854:	d40a      	bmi.n	1000586c <tu_edpt_claim+0x50>
10005856:	7811      	ldrb	r1, [r2, #0]
10005858:	2301      	movs	r3, #1
1000585a:	f041 0104 	orr.w	r1, r1, #4
1000585e:	7011      	strb	r1, [r2, #0]
10005860:	e004      	b.n	1000586c <tu_edpt_claim+0x50>
10005862:	2300      	movs	r3, #0
10005864:	4618      	mov	r0, r3
10005866:	4770      	bx	lr
10005868:	f3c4 0380 	ubfx	r3, r4, #2, #1
1000586c:	4628      	mov	r0, r5
1000586e:	9301      	str	r3, [sp, #4]
10005870:	f000 fbb6 	bl	10005fe0 <__mutex_exit_veneer>
10005874:	9b01      	ldr	r3, [sp, #4]
10005876:	4618      	mov	r0, r3
10005878:	b003      	add	sp, #12
1000587a:	bd30      	pop	{r4, r5, pc}

1000587c <tu_edpt_release>:
1000587c:	b570      	push	{r4, r5, r6, lr}
1000587e:	460d      	mov	r5, r1
10005880:	4604      	mov	r4, r0
10005882:	f04f 31ff 	mov.w	r1, #4294967295	@ 0xffffffff
10005886:	4628      	mov	r0, r5
10005888:	f000 fbca 	bl	10006020 <__mutex_enter_timeout_ms_veneer>
1000588c:	7823      	ldrb	r3, [r4, #0]
1000588e:	f3c3 0680 	ubfx	r6, r3, #2, #1
10005892:	075b      	lsls	r3, r3, #29
10005894:	d508      	bpl.n	100058a8 <tu_edpt_release+0x2c>
10005896:	7823      	ldrb	r3, [r4, #0]
10005898:	f013 0301 	ands.w	r3, r3, #1
1000589c:	bf11      	iteee	ne
1000589e:	2600      	movne	r6, #0
100058a0:	7822      	ldrbeq	r2, [r4, #0]
100058a2:	f363 0282 	bfieq	r2, r3, #2, #1
100058a6:	7022      	strbeq	r2, [r4, #0]
100058a8:	4628      	mov	r0, r5
100058aa:	f000 fb99 	bl	10005fe0 <__mutex_exit_veneer>
100058ae:	4630      	mov	r0, r6
100058b0:	bd70      	pop	{r4, r5, r6, pc}
100058b2:	bf00      	nop

100058b4 <tu_edpt_validate>:
100058b4:	78c3      	ldrb	r3, [r0, #3]
100058b6:	8882      	ldrh	r2, [r0, #4]
100058b8:	f003 0003 	and.w	r0, r3, #3
100058bc:	2802      	cmp	r0, #2
100058be:	f3c2 020a 	ubfx	r2, r2, #0, #11
100058c2:	d015      	beq.n	100058f0 <tu_edpt_validate+0x3c>
100058c4:	2803      	cmp	r0, #3
100058c6:	d00a      	beq.n	100058de <tu_edpt_validate+0x2a>
100058c8:	2801      	cmp	r0, #1
100058ca:	d11c      	bne.n	10005906 <tu_edpt_validate+0x52>
100058cc:	2902      	cmp	r1, #2
100058ce:	f240 33ff 	movw	r3, #1023	@ 0x3ff
100058d2:	bf08      	it	eq
100058d4:	f44f 6380 	moveq.w	r3, #1024	@ 0x400
100058d8:	4293      	cmp	r3, r2
100058da:	d30d      	bcc.n	100058f8 <tu_edpt_validate+0x44>
100058dc:	4770      	bx	lr
100058de:	2902      	cmp	r1, #2
100058e0:	bf14      	ite	ne
100058e2:	2340      	movne	r3, #64	@ 0x40
100058e4:	f44f 6380 	moveq.w	r3, #1024	@ 0x400
100058e8:	4293      	cmp	r3, r2
100058ea:	d305      	bcc.n	100058f8 <tu_edpt_validate+0x44>
100058ec:	2001      	movs	r0, #1
100058ee:	4770      	bx	lr
100058f0:	2902      	cmp	r1, #2
100058f2:	d00a      	beq.n	1000590a <tu_edpt_validate+0x56>
100058f4:	2a40      	cmp	r2, #64	@ 0x40
100058f6:	d9f9      	bls.n	100058ec <tu_edpt_validate+0x38>
100058f8:	f04f 23e0 	mov.w	r3, #3758153728	@ 0xe000e000
100058fc:	f8d3 3df0 	ldr.w	r3, [r3, #3568]	@ 0xdf0
10005900:	07db      	lsls	r3, r3, #31
10005902:	d500      	bpl.n	10005906 <tu_edpt_validate+0x52>
10005904:	be00      	bkpt	0x0000
10005906:	2000      	movs	r0, #0
10005908:	4770      	bx	lr
1000590a:	f5b2 7f00 	cmp.w	r2, #512	@ 0x200
1000590e:	d0ed      	beq.n	100058ec <tu_edpt_validate+0x38>
10005910:	e7f2      	b.n	100058f8 <tu_edpt_validate+0x44>
10005912:	bf00      	nop

10005914 <tu_edpt_bind_driver>:
10005914:	440a      	add	r2, r1
10005916:	4291      	cmp	r1, r2
10005918:	d225      	bcs.n	10005966 <tu_edpt_bind_driver+0x52>
1000591a:	f891 c001 	ldrb.w	ip, [r1, #1]
1000591e:	f1bc 0f05 	cmp.w	ip, #5
10005922:	d005      	beq.n	10005930 <tu_edpt_bind_driver+0x1c>
10005924:	f891 c000 	ldrb.w	ip, [r1]
10005928:	4461      	add	r1, ip
1000592a:	428a      	cmp	r2, r1
1000592c:	d8f5      	bhi.n	1000591a <tu_edpt_bind_driver+0x6>
1000592e:	4770      	bx	lr
10005930:	b500      	push	{lr}
10005932:	f891 c002 	ldrb.w	ip, [r1, #2]
10005936:	f00c 0e7f 	and.w	lr, ip, #127	@ 0x7f
1000593a:	eb00 0e4e 	add.w	lr, r0, lr, lsl #1
1000593e:	ea4f 1cdc 	mov.w	ip, ip, lsr #7
10005942:	f80e 300c 	strb.w	r3, [lr, ip]
10005946:	f891 c000 	ldrb.w	ip, [r1]
1000594a:	4461      	add	r1, ip
1000594c:	428a      	cmp	r2, r1
1000594e:	d909      	bls.n	10005964 <tu_edpt_bind_driver+0x50>
10005950:	f891 c001 	ldrb.w	ip, [r1, #1]
10005954:	f1bc 0f05 	cmp.w	ip, #5
10005958:	d0eb      	beq.n	10005932 <tu_edpt_bind_driver+0x1e>
1000595a:	f891 c000 	ldrb.w	ip, [r1]
1000595e:	4461      	add	r1, ip
10005960:	428a      	cmp	r2, r1
10005962:	d8f5      	bhi.n	10005950 <tu_edpt_bind_driver+0x3c>
10005964:	bd00      	pop	{pc}
10005966:	4770      	bx	lr

10005968 <tu_fifo_config>:
10005968:	e92d 41f0 	stmdb	sp!, {r4, r5, r6, r7, r8, lr}
1000596c:	f5b2 4f00 	cmp.w	r2, #32768	@ 0x8000
10005970:	f89d 5018 	ldrb.w	r5, [sp, #24]
10005974:	d824      	bhi.n	100059c0 <tu_fifo_config+0x58>
10005976:	4604      	mov	r4, r0
10005978:	68c0      	ldr	r0, [r0, #12]
1000597a:	4698      	mov	r8, r3
1000597c:	460f      	mov	r7, r1
1000597e:	4616      	mov	r6, r2
10005980:	b118      	cbz	r0, 1000598a <tu_fifo_config+0x22>
10005982:	f04f 31ff 	mov.w	r1, #4294967295	@ 0xffffffff
10005986:	f000 fb4b 	bl	10006020 <__mutex_enter_timeout_ms_veneer>
1000598a:	6920      	ldr	r0, [r4, #16]
1000598c:	b118      	cbz	r0, 10005996 <tu_fifo_config+0x2e>
1000598e:	f04f 31ff 	mov.w	r1, #4294967295	@ 0xffffffff
10005992:	f000 fb45 	bl	10006020 <__mutex_enter_timeout_ms_veneer>
10005996:	2200      	movs	r2, #0
10005998:	f3c8 030e 	ubfx	r3, r8, #0, #15
1000599c:	68e0      	ldr	r0, [r4, #12]
1000599e:	ea43 33c5 	orr.w	r3, r3, r5, lsl #15
100059a2:	8162      	strh	r2, [r4, #10]
100059a4:	6027      	str	r7, [r4, #0]
100059a6:	80a6      	strh	r6, [r4, #4]
100059a8:	80e3      	strh	r3, [r4, #6]
100059aa:	8122      	strh	r2, [r4, #8]
100059ac:	b108      	cbz	r0, 100059b2 <tu_fifo_config+0x4a>
100059ae:	f000 fb17 	bl	10005fe0 <__mutex_exit_veneer>
100059b2:	6920      	ldr	r0, [r4, #16]
100059b4:	b108      	cbz	r0, 100059ba <tu_fifo_config+0x52>
100059b6:	f000 fb13 	bl	10005fe0 <__mutex_exit_veneer>
100059ba:	2001      	movs	r0, #1
100059bc:	e8bd 81f0 	ldmia.w	sp!, {r4, r5, r6, r7, r8, pc}
100059c0:	2000      	movs	r0, #0
100059c2:	e8bd 81f0 	ldmia.w	sp!, {r4, r5, r6, r7, r8, pc}
100059c6:	bf00      	nop

100059c8 <tu_fifo_count>:
100059c8:	8903      	ldrh	r3, [r0, #8]
100059ca:	8942      	ldrh	r2, [r0, #10]
100059cc:	b29b      	uxth	r3, r3
100059ce:	b292      	uxth	r2, r2
100059d0:	8880      	ldrh	r0, [r0, #4]
100059d2:	4293      	cmp	r3, r2
100059d4:	bf36      	itet	cc
100059d6:	ebc2 0240 	rsbcc	r2, r2, r0, lsl #1
100059da:	1a9b      	subcs	r3, r3, r2
100059dc:	189b      	addcc	r3, r3, r2
100059de:	b29b      	uxth	r3, r3
100059e0:	4298      	cmp	r0, r3
100059e2:	bf28      	it	cs
100059e4:	4618      	movcs	r0, r3
100059e6:	4770      	bx	lr

100059e8 <tu_fifo_empty>:
100059e8:	8902      	ldrh	r2, [r0, #8]
100059ea:	8943      	ldrh	r3, [r0, #10]
100059ec:	b290      	uxth	r0, r2
100059ee:	b29b      	uxth	r3, r3
100059f0:	1ac0      	subs	r0, r0, r3
100059f2:	fab0 f080 	clz	r0, r0
100059f6:	0940      	lsrs	r0, r0, #5
100059f8:	4770      	bx	lr
100059fa:	bf00      	nop

100059fc <tu_fifo_remaining>:
100059fc:	8903      	ldrh	r3, [r0, #8]
100059fe:	8942      	ldrh	r2, [r0, #10]
10005a00:	b29b      	uxth	r3, r3
10005a02:	8880      	ldrh	r0, [r0, #4]
10005a04:	b292      	uxth	r2, r2
10005a06:	4293      	cmp	r3, r2
10005a08:	bf36      	itet	cc
10005a0a:	ebc2 0240 	rsbcc	r2, r2, r0, lsl #1
10005a0e:	1a9b      	subcs	r3, r3, r2
10005a10:	189b      	addcc	r3, r3, r2
10005a12:	b29b      	uxth	r3, r3
10005a14:	4298      	cmp	r0, r3
10005a16:	bf86      	itte	hi
10005a18:	1ac0      	subhi	r0, r0, r3
10005a1a:	b280      	uxthhi	r0, r0
10005a1c:	2000      	movls	r0, #0
10005a1e:	4770      	bx	lr

10005a20 <tu_fifo_read>:
10005a20:	b530      	push	{r4, r5, lr}
10005a22:	4604      	mov	r4, r0
10005a24:	6900      	ldr	r0, [r0, #16]
10005a26:	460d      	mov	r5, r1
10005a28:	b083      	sub	sp, #12
10005a2a:	b118      	cbz	r0, 10005a34 <tu_fifo_read+0x14>
10005a2c:	f04f 31ff 	mov.w	r1, #4294967295	@ 0xffffffff
10005a30:	f000 faf6 	bl	10006020 <__mutex_enter_timeout_ms_veneer>
10005a34:	8922      	ldrh	r2, [r4, #8]
10005a36:	8961      	ldrh	r1, [r4, #10]
10005a38:	b292      	uxth	r2, r2
10005a3a:	b289      	uxth	r1, r1
10005a3c:	88a3      	ldrh	r3, [r4, #4]
10005a3e:	428a      	cmp	r2, r1
10005a40:	bf36      	itet	cc
10005a42:	ebc1 0043 	rsbcc	r0, r1, r3, lsl #1
10005a46:	1a50      	subcs	r0, r2, r1
10005a48:	1880      	addcc	r0, r0, r2
10005a4a:	b280      	uxth	r0, r0
10005a4c:	b368      	cbz	r0, 10005aaa <tu_fifo_read+0x8a>
10005a4e:	4283      	cmp	r3, r0
10005a50:	d209      	bcs.n	10005a66 <tu_fifo_read+0x46>
10005a52:	429a      	cmp	r2, r3
10005a54:	bf2c      	ite	cs
10005a56:	1ad2      	subcs	r2, r2, r3
10005a58:	18d2      	addcc	r2, r2, r3
10005a5a:	b291      	uxth	r1, r2
10005a5c:	428b      	cmp	r3, r1
10005a5e:	8161      	strh	r1, [r4, #10]
10005a60:	d803      	bhi.n	10005a6a <tu_fifo_read+0x4a>
10005a62:	1ac9      	subs	r1, r1, r3
10005a64:	b289      	uxth	r1, r1
10005a66:	428b      	cmp	r3, r1
10005a68:	d9fb      	bls.n	10005a62 <tu_fifo_read+0x42>
10005a6a:	88e2      	ldrh	r2, [r4, #6]
10005a6c:	6823      	ldr	r3, [r4, #0]
10005a6e:	f3c2 020e 	ubfx	r2, r2, #0, #15
10005a72:	fb02 3101 	mla	r1, r2, r1, r3
10005a76:	4628      	mov	r0, r5
10005a78:	f000 fa0a 	bl	10005e90 <memcpy>
10005a7c:	8962      	ldrh	r2, [r4, #10]
10005a7e:	88a3      	ldrh	r3, [r4, #4]
10005a80:	b292      	uxth	r2, r2
10005a82:	1c51      	adds	r1, r2, #1
10005a84:	b289      	uxth	r1, r1
10005a86:	428a      	cmp	r2, r1
10005a88:	f04f 0201 	mov.w	r2, #1
10005a8c:	d910      	bls.n	10005ab0 <tu_fifo_read+0x90>
10005a8e:	2100      	movs	r1, #0
10005a90:	fa03 f002 	lsl.w	r0, r3, r2
10005a94:	1a09      	subs	r1, r1, r0
10005a96:	6920      	ldr	r0, [r4, #16]
10005a98:	8161      	strh	r1, [r4, #10]
10005a9a:	b118      	cbz	r0, 10005aa4 <tu_fifo_read+0x84>
10005a9c:	9201      	str	r2, [sp, #4]
10005a9e:	f000 fa9f 	bl	10005fe0 <__mutex_exit_veneer>
10005aa2:	9a01      	ldr	r2, [sp, #4]
10005aa4:	4610      	mov	r0, r2
10005aa6:	b003      	add	sp, #12
10005aa8:	bd30      	pop	{r4, r5, pc}
10005aaa:	4602      	mov	r2, r0
10005aac:	8961      	ldrh	r1, [r4, #10]
10005aae:	b289      	uxth	r1, r1
10005ab0:	ebb1 0f43 	cmp.w	r1, r3, lsl #1
10005ab4:	ea4f 0043 	mov.w	r0, r3, lsl #1
10005ab8:	dbed      	blt.n	10005a96 <tu_fifo_read+0x76>
10005aba:	e7eb      	b.n	10005a94 <tu_fifo_read+0x74>

10005abc <tu_fifo_read_n>:
10005abc:	e92d 41f0 	stmdb	sp!, {r4, r5, r6, r7, r8, lr}
10005ac0:	4605      	mov	r5, r0
10005ac2:	6900      	ldr	r0, [r0, #16]
10005ac4:	4688      	mov	r8, r1
10005ac6:	b082      	sub	sp, #8
10005ac8:	b128      	cbz	r0, 10005ad6 <tu_fifo_read_n+0x1a>
10005aca:	f04f 31ff 	mov.w	r1, #4294967295	@ 0xffffffff
10005ace:	9200      	str	r2, [sp, #0]
10005ad0:	f000 faa6 	bl	10006020 <__mutex_enter_timeout_ms_veneer>
10005ad4:	9a00      	ldr	r2, [sp, #0]
10005ad6:	8929      	ldrh	r1, [r5, #8]
10005ad8:	896b      	ldrh	r3, [r5, #10]
10005ada:	b289      	uxth	r1, r1
10005adc:	b29b      	uxth	r3, r3
10005ade:	88ac      	ldrh	r4, [r5, #4]
10005ae0:	4299      	cmp	r1, r3
10005ae2:	bf36      	itet	cc
10005ae4:	ebc3 0644 	rsbcc	r6, r3, r4, lsl #1
10005ae8:	1ace      	subcs	r6, r1, r3
10005aea:	1876      	addcc	r6, r6, r1
10005aec:	b2b6      	uxth	r6, r6
10005aee:	2e00      	cmp	r6, #0
10005af0:	d04b      	beq.n	10005b8a <tu_fifo_read_n+0xce>
10005af2:	42b4      	cmp	r4, r6
10005af4:	d341      	bcc.n	10005b7a <tu_fifo_read_n+0xbe>
10005af6:	42b2      	cmp	r2, r6
10005af8:	bf28      	it	cs
10005afa:	4632      	movcs	r2, r6
10005afc:	429c      	cmp	r4, r3
10005afe:	b296      	uxth	r6, r2
10005b00:	d803      	bhi.n	10005b0a <tu_fifo_read_n+0x4e>
10005b02:	1b1b      	subs	r3, r3, r4
10005b04:	b29b      	uxth	r3, r3
10005b06:	429c      	cmp	r4, r3
10005b08:	d9fb      	bls.n	10005b02 <tu_fifo_read_n+0x46>
10005b0a:	f8b5 c006 	ldrh.w	ip, [r5, #6]
10005b0e:	1ae0      	subs	r0, r4, r3
10005b10:	6829      	ldr	r1, [r5, #0]
10005b12:	b280      	uxth	r0, r0
10005b14:	f3cc 020e 	ubfx	r2, ip, #0, #15
10005b18:	4286      	cmp	r6, r0
10005b1a:	4617      	mov	r7, r2
10005b1c:	fb02 1103 	mla	r1, r2, r3, r1
10005b20:	d925      	bls.n	10005b6e <tu_fifo_read_n+0xb2>
10005b22:	fb10 f202 	smulbb	r2, r0, r2
10005b26:	4640      	mov	r0, r8
10005b28:	b292      	uxth	r2, r2
10005b2a:	9301      	str	r3, [sp, #4]
10005b2c:	9200      	str	r2, [sp, #0]
10005b2e:	f000 f9af 	bl	10005e90 <memcpy>
10005b32:	9b01      	ldr	r3, [sp, #4]
10005b34:	9a00      	ldr	r2, [sp, #0]
10005b36:	1b34      	subs	r4, r6, r4
10005b38:	4423      	add	r3, r4
10005b3a:	eb08 0002 	add.w	r0, r8, r2
10005b3e:	fb13 f207 	smulbb	r2, r3, r7
10005b42:	6829      	ldr	r1, [r5, #0]
10005b44:	b292      	uxth	r2, r2
10005b46:	f000 f9a3 	bl	10005e90 <memcpy>
10005b4a:	896a      	ldrh	r2, [r5, #10]
10005b4c:	88ac      	ldrh	r4, [r5, #4]
10005b4e:	b292      	uxth	r2, r2
10005b50:	1993      	adds	r3, r2, r6
10005b52:	b29b      	uxth	r3, r3
10005b54:	429a      	cmp	r2, r3
10005b56:	d91a      	bls.n	10005b8e <tu_fifo_read_n+0xd2>
10005b58:	0062      	lsls	r2, r4, #1
10005b5a:	1a9b      	subs	r3, r3, r2
10005b5c:	6928      	ldr	r0, [r5, #16]
10005b5e:	816b      	strh	r3, [r5, #10]
10005b60:	b108      	cbz	r0, 10005b66 <tu_fifo_read_n+0xaa>
10005b62:	f000 fa3d 	bl	10005fe0 <__mutex_exit_veneer>
10005b66:	4630      	mov	r0, r6
10005b68:	b002      	add	sp, #8
10005b6a:	e8bd 81f0 	ldmia.w	sp!, {r4, r5, r6, r7, r8, pc}
10005b6e:	4640      	mov	r0, r8
10005b70:	fb06 f202 	mul.w	r2, r6, r2
10005b74:	f000 f98c 	bl	10005e90 <memcpy>
10005b78:	e7e7      	b.n	10005b4a <tu_fifo_read_n+0x8e>
10005b7a:	42a1      	cmp	r1, r4
10005b7c:	bf2c      	ite	cs
10005b7e:	1b09      	subcs	r1, r1, r4
10005b80:	1909      	addcc	r1, r1, r4
10005b82:	b28b      	uxth	r3, r1
10005b84:	4626      	mov	r6, r4
10005b86:	816b      	strh	r3, [r5, #10]
10005b88:	e7b5      	b.n	10005af6 <tu_fifo_read_n+0x3a>
10005b8a:	896b      	ldrh	r3, [r5, #10]
10005b8c:	b29b      	uxth	r3, r3
10005b8e:	ebb3 0f44 	cmp.w	r3, r4, lsl #1
10005b92:	ea4f 0244 	mov.w	r2, r4, lsl #1
10005b96:	dbe1      	blt.n	10005b5c <tu_fifo_read_n+0xa0>
10005b98:	e7df      	b.n	10005b5a <tu_fifo_read_n+0x9e>
10005b9a:	bf00      	nop

10005b9c <tu_fifo_write>:
10005b9c:	b570      	push	{r4, r5, r6, lr}
10005b9e:	4604      	mov	r4, r0
10005ba0:	68c0      	ldr	r0, [r0, #12]
10005ba2:	460e      	mov	r6, r1
10005ba4:	b082      	sub	sp, #8
10005ba6:	b118      	cbz	r0, 10005bb0 <tu_fifo_write+0x14>
10005ba8:	f04f 31ff 	mov.w	r1, #4294967295	@ 0xffffffff
10005bac:	f000 fa38 	bl	10006020 <__mutex_enter_timeout_ms_veneer>
10005bb0:	8925      	ldrh	r5, [r4, #8]
10005bb2:	8923      	ldrh	r3, [r4, #8]
10005bb4:	8961      	ldrh	r1, [r4, #10]
10005bb6:	b29b      	uxth	r3, r3
10005bb8:	b289      	uxth	r1, r1
10005bba:	88a2      	ldrh	r2, [r4, #4]
10005bbc:	428b      	cmp	r3, r1
10005bbe:	bf36      	itet	cc
10005bc0:	ebc1 0142 	rsbcc	r1, r1, r2, lsl #1
10005bc4:	1a5b      	subcs	r3, r3, r1
10005bc6:	185b      	addcc	r3, r3, r1
10005bc8:	b29b      	uxth	r3, r3
10005bca:	429a      	cmp	r2, r3
10005bcc:	b2ad      	uxth	r5, r5
10005bce:	d80b      	bhi.n	10005be8 <tu_fifo_write+0x4c>
10005bd0:	79e1      	ldrb	r1, [r4, #7]
10005bd2:	09c9      	lsrs	r1, r1, #7
10005bd4:	d108      	bne.n	10005be8 <tu_fifo_write+0x4c>
10005bd6:	68e0      	ldr	r0, [r4, #12]
10005bd8:	b118      	cbz	r0, 10005be2 <tu_fifo_write+0x46>
10005bda:	9101      	str	r1, [sp, #4]
10005bdc:	f000 fa00 	bl	10005fe0 <__mutex_exit_veneer>
10005be0:	9901      	ldr	r1, [sp, #4]
10005be2:	4608      	mov	r0, r1
10005be4:	b002      	add	sp, #8
10005be6:	bd70      	pop	{r4, r5, r6, pc}
10005be8:	4295      	cmp	r5, r2
10005bea:	bf28      	it	cs
10005bec:	462b      	movcs	r3, r5
10005bee:	d317      	bcc.n	10005c20 <tu_fifo_write+0x84>
10005bf0:	1a9b      	subs	r3, r3, r2
10005bf2:	b29b      	uxth	r3, r3
10005bf4:	4293      	cmp	r3, r2
10005bf6:	d2fb      	bcs.n	10005bf0 <tu_fifo_write+0x54>
10005bf8:	88e2      	ldrh	r2, [r4, #6]
10005bfa:	6820      	ldr	r0, [r4, #0]
10005bfc:	f3c2 020e 	ubfx	r2, r2, #0, #15
10005c00:	fb02 0003 	mla	r0, r2, r3, r0
10005c04:	4631      	mov	r1, r6
10005c06:	f000 f943 	bl	10005e90 <memcpy>
10005c0a:	1c6b      	adds	r3, r5, #1
10005c0c:	b29b      	uxth	r3, r3
10005c0e:	429d      	cmp	r5, r3
10005c10:	88a2      	ldrh	r2, [r4, #4]
10005c12:	d911      	bls.n	10005c38 <tu_fifo_write+0x9c>
10005c14:	2300      	movs	r3, #0
10005c16:	0051      	lsls	r1, r2, #1
10005c18:	1a5b      	subs	r3, r3, r1
10005c1a:	2101      	movs	r1, #1
10005c1c:	8123      	strh	r3, [r4, #8]
10005c1e:	e7da      	b.n	10005bd6 <tu_fifo_write+0x3a>
10005c20:	88e2      	ldrh	r2, [r4, #6]
10005c22:	6820      	ldr	r0, [r4, #0]
10005c24:	f3c2 020e 	ubfx	r2, r2, #0, #15
10005c28:	fb05 0002 	mla	r0, r5, r2, r0
10005c2c:	4631      	mov	r1, r6
10005c2e:	f000 f92f 	bl	10005e90 <memcpy>
10005c32:	3501      	adds	r5, #1
10005c34:	88a2      	ldrh	r2, [r4, #4]
10005c36:	b2ab      	uxth	r3, r5
10005c38:	ebb3 0f42 	cmp.w	r3, r2, lsl #1
10005c3c:	ea4f 0142 	mov.w	r1, r2, lsl #1
10005c40:	dbeb      	blt.n	10005c1a <tu_fifo_write+0x7e>
10005c42:	e7e9      	b.n	10005c18 <tu_fifo_write+0x7c>

10005c44 <tu_fifo_write_n>:
10005c44:	e92d 47f0 	stmdb	sp!, {r4, r5, r6, r7, r8, r9, sl, lr}
10005c48:	4615      	mov	r5, r2
10005c4a:	b082      	sub	sp, #8
10005c4c:	2a00      	cmp	r2, #0
10005c4e:	d04a      	beq.n	10005ce6 <tu_fifo_write_n+0xa2>
10005c50:	4604      	mov	r4, r0
10005c52:	68c0      	ldr	r0, [r0, #12]
10005c54:	4688      	mov	r8, r1
10005c56:	b118      	cbz	r0, 10005c60 <tu_fifo_write_n+0x1c>
10005c58:	f04f 31ff 	mov.w	r1, #4294967295	@ 0xffffffff
10005c5c:	f000 f9e0 	bl	10006020 <__mutex_enter_timeout_ms_veneer>
10005c60:	79e1      	ldrb	r1, [r4, #7]
10005c62:	8926      	ldrh	r6, [r4, #8]
10005c64:	8963      	ldrh	r3, [r4, #10]
10005c66:	09c9      	lsrs	r1, r1, #7
10005c68:	88a2      	ldrh	r2, [r4, #4]
10005c6a:	b2b6      	uxth	r6, r6
10005c6c:	b29b      	uxth	r3, r3
10005c6e:	d13e      	bne.n	10005cee <tu_fifo_write_n+0xaa>
10005c70:	429e      	cmp	r6, r3
10005c72:	bf36      	itet	cc
10005c74:	ebc3 0342 	rsbcc	r3, r3, r2, lsl #1
10005c78:	1af3      	subcs	r3, r6, r3
10005c7a:	199b      	addcc	r3, r3, r6
10005c7c:	b29b      	uxth	r3, r3
10005c7e:	4293      	cmp	r3, r2
10005c80:	d253      	bcs.n	10005d2a <tu_fifo_write_n+0xe6>
10005c82:	1ad3      	subs	r3, r2, r3
10005c84:	b29b      	uxth	r3, r3
10005c86:	42ab      	cmp	r3, r5
10005c88:	bf28      	it	cs
10005c8a:	462b      	movcs	r3, r5
10005c8c:	b29d      	uxth	r5, r3
10005c8e:	1973      	adds	r3, r6, r5
10005c90:	f8b4 c006 	ldrh.w	ip, [r4, #6]
10005c94:	fa1f f983 	uxth.w	r9, r3
10005c98:	eba5 0a02 	sub.w	sl, r5, r2
10005c9c:	4296      	cmp	r6, r2
10005c9e:	4633      	mov	r3, r6
10005ca0:	d303      	bcc.n	10005caa <tu_fifo_write_n+0x66>
10005ca2:	1a9b      	subs	r3, r3, r2
10005ca4:	b29b      	uxth	r3, r3
10005ca6:	4293      	cmp	r3, r2
10005ca8:	d2fb      	bcs.n	10005ca2 <tu_fifo_write_n+0x5e>
10005caa:	1ad2      	subs	r2, r2, r3
10005cac:	b291      	uxth	r1, r2
10005cae:	6820      	ldr	r0, [r4, #0]
10005cb0:	f3cc 020e 	ubfx	r2, ip, #0, #15
10005cb4:	42a9      	cmp	r1, r5
10005cb6:	4617      	mov	r7, r2
10005cb8:	fb02 0003 	mla	r0, r2, r3, r0
10005cbc:	d352      	bcc.n	10005d64 <tu_fifo_write_n+0x120>
10005cbe:	4641      	mov	r1, r8
10005cc0:	fb05 f202 	mul.w	r2, r5, r2
10005cc4:	f000 f8e4 	bl	10005e90 <memcpy>
10005cc8:	88a3      	ldrh	r3, [r4, #4]
10005cca:	454e      	cmp	r6, r9
10005ccc:	ea4f 0243 	mov.w	r2, r3, lsl #1
10005cd0:	d802      	bhi.n	10005cd8 <tu_fifo_write_n+0x94>
10005cd2:	ebb9 0f43 	cmp.w	r9, r3, lsl #1
10005cd6:	db01      	blt.n	10005cdc <tu_fifo_write_n+0x98>
10005cd8:	eba9 0902 	sub.w	r9, r9, r2
10005cdc:	68e0      	ldr	r0, [r4, #12]
10005cde:	462a      	mov	r2, r5
10005ce0:	f8a4 9008 	strh.w	r9, [r4, #8]
10005ce4:	bb28      	cbnz	r0, 10005d32 <tu_fifo_write_n+0xee>
10005ce6:	4610      	mov	r0, r2
10005ce8:	b002      	add	sp, #8
10005cea:	e8bd 87f0 	ldmia.w	sp!, {r4, r5, r6, r7, r8, r9, sl, pc}
10005cee:	4295      	cmp	r5, r2
10005cf0:	d227      	bcs.n	10005d42 <tu_fifo_write_n+0xfe>
10005cf2:	429e      	cmp	r6, r3
10005cf4:	bf36      	itet	cc
10005cf6:	ebc3 0142 	rsbcc	r1, r3, r2, lsl #1
10005cfa:	1af1      	subcs	r1, r6, r3
10005cfc:	1989      	addcc	r1, r1, r6
10005cfe:	b289      	uxth	r1, r1
10005d00:	0050      	lsls	r0, r2, #1
10005d02:	4429      	add	r1, r5
10005d04:	1aaf      	subs	r7, r5, r2
10005d06:	4281      	cmp	r1, r0
10005d08:	46ba      	mov	sl, r7
10005d0a:	db08      	blt.n	10005d1e <tu_fifo_write_n+0xda>
10005d0c:	1899      	adds	r1, r3, r2
10005d0e:	b289      	uxth	r1, r1
10005d10:	1b4e      	subs	r6, r1, r5
10005d12:	b2b6      	uxth	r6, r6
10005d14:	42b3      	cmp	r3, r6
10005d16:	4689      	mov	r9, r1
10005d18:	d938      	bls.n	10005d8c <tu_fifo_write_n+0x148>
10005d1a:	1a30      	subs	r0, r6, r0
10005d1c:	b286      	uxth	r6, r0
10005d1e:	19ab      	adds	r3, r5, r6
10005d20:	fa1f f983 	uxth.w	r9, r3
10005d24:	f8b4 c006 	ldrh.w	ip, [r4, #6]
10005d28:	e7b8      	b.n	10005c9c <tu_fifo_write_n+0x58>
10005d2a:	2200      	movs	r2, #0
10005d2c:	68e0      	ldr	r0, [r4, #12]
10005d2e:	2800      	cmp	r0, #0
10005d30:	d0d9      	beq.n	10005ce6 <tu_fifo_write_n+0xa2>
10005d32:	9200      	str	r2, [sp, #0]
10005d34:	f000 f954 	bl	10005fe0 <__mutex_exit_veneer>
10005d38:	9a00      	ldr	r2, [sp, #0]
10005d3a:	4610      	mov	r0, r2
10005d3c:	b002      	add	sp, #8
10005d3e:	e8bd 87f0 	ldmia.w	sp!, {r4, r5, r6, r7, r8, r9, sl, pc}
10005d42:	2a00      	cmp	r2, #0
10005d44:	d0f2      	beq.n	10005d2c <tu_fifo_write_n+0xe8>
10005d46:	f8b4 c006 	ldrh.w	ip, [r4, #6]
10005d4a:	1aad      	subs	r5, r5, r2
10005d4c:	1899      	adds	r1, r3, r2
10005d4e:	461e      	mov	r6, r3
10005d50:	f3cc 030e 	ubfx	r3, ip, #0, #15
10005d54:	fb03 8805 	mla	r8, r3, r5, r8
10005d58:	f04f 0a00 	mov.w	sl, #0
10005d5c:	4615      	mov	r5, r2
10005d5e:	fa1f f981 	uxth.w	r9, r1
10005d62:	e79b      	b.n	10005c9c <tu_fifo_write_n+0x58>
10005d64:	fb11 f202 	smulbb	r2, r1, r2
10005d68:	4641      	mov	r1, r8
10005d6a:	b292      	uxth	r2, r2
10005d6c:	9301      	str	r3, [sp, #4]
10005d6e:	9200      	str	r2, [sp, #0]
10005d70:	f000 f88e 	bl	10005e90 <memcpy>
10005d74:	9b01      	ldr	r3, [sp, #4]
10005d76:	9a00      	ldr	r2, [sp, #0]
10005d78:	4453      	add	r3, sl
10005d7a:	fb13 f307 	smulbb	r3, r3, r7
10005d7e:	eb08 0102 	add.w	r1, r8, r2
10005d82:	6820      	ldr	r0, [r4, #0]
10005d84:	b29a      	uxth	r2, r3
10005d86:	f000 f883 	bl	10005e90 <memcpy>
10005d8a:	e79d      	b.n	10005cc8 <tu_fifo_write_n+0x84>
10005d8c:	42b0      	cmp	r0, r6
10005d8e:	ddc4      	ble.n	10005d1a <tu_fifo_write_n+0xd6>
10005d90:	e7c8      	b.n	10005d24 <tu_fifo_write_n+0xe0>
10005d92:	bf00      	nop

10005d94 <tu_fifo_clear>:
10005d94:	b510      	push	{r4, lr}
10005d96:	4604      	mov	r4, r0
10005d98:	68c0      	ldr	r0, [r0, #12]
10005d9a:	b118      	cbz	r0, 10005da4 <tu_fifo_clear+0x10>
10005d9c:	f04f 31ff 	mov.w	r1, #4294967295	@ 0xffffffff
10005da0:	f000 f93e 	bl	10006020 <__mutex_enter_timeout_ms_veneer>
10005da4:	6920      	ldr	r0, [r4, #16]
10005da6:	b118      	cbz	r0, 10005db0 <tu_fifo_clear+0x1c>
10005da8:	f04f 31ff 	mov.w	r1, #4294967295	@ 0xffffffff
10005dac:	f000 f938 	bl	10006020 <__mutex_enter_timeout_ms_veneer>
10005db0:	2300      	movs	r3, #0
10005db2:	68e0      	ldr	r0, [r4, #12]
10005db4:	8163      	strh	r3, [r4, #10]
10005db6:	8123      	strh	r3, [r4, #8]
10005db8:	b108      	cbz	r0, 10005dbe <tu_fifo_clear+0x2a>
10005dba:	f000 f911 	bl	10005fe0 <__mutex_exit_veneer>
10005dbe:	6920      	ldr	r0, [r4, #16]
10005dc0:	b108      	cbz	r0, 10005dc6 <tu_fifo_clear+0x32>
10005dc2:	f000 f90d 	bl	10005fe0 <__mutex_exit_veneer>
10005dc6:	2001      	movs	r0, #1
10005dc8:	bd10      	pop	{r4, pc}
10005dca:	bf00      	nop

10005dcc <tu_fifo_set_overwritable>:
10005dcc:	b538      	push	{r3, r4, r5, lr}
10005dce:	4604      	mov	r4, r0
10005dd0:	68c0      	ldr	r0, [r0, #12]
10005dd2:	460d      	mov	r5, r1
10005dd4:	b118      	cbz	r0, 10005dde <tu_fifo_set_overwritable+0x12>
10005dd6:	f04f 31ff 	mov.w	r1, #4294967295	@ 0xffffffff
10005dda:	f000 f921 	bl	10006020 <__mutex_enter_timeout_ms_veneer>
10005dde:	6920      	ldr	r0, [r4, #16]
10005de0:	b118      	cbz	r0, 10005dea <tu_fifo_set_overwritable+0x1e>
10005de2:	f04f 31ff 	mov.w	r1, #4294967295	@ 0xffffffff
10005de6:	f000 f91b 	bl	10006020 <__mutex_enter_timeout_ms_veneer>
10005dea:	79e3      	ldrb	r3, [r4, #7]
10005dec:	68e0      	ldr	r0, [r4, #12]
10005dee:	f365 13c7 	bfi	r3, r5, #7, #1
10005df2:	71e3      	strb	r3, [r4, #7]
10005df4:	b108      	cbz	r0, 10005dfa <tu_fifo_set_overwritable+0x2e>
10005df6:	f000 f8f3 	bl	10005fe0 <__mutex_exit_veneer>
10005dfa:	6920      	ldr	r0, [r4, #16]
10005dfc:	b108      	cbz	r0, 10005e02 <tu_fifo_set_overwritable+0x36>
10005dfe:	f000 f8ef 	bl	10005fe0 <__mutex_exit_veneer>
10005e02:	2001      	movs	r0, #1
10005e04:	bd38      	pop	{r3, r4, r5, pc}
10005e06:	bf00      	nop

10005e08 <memset>:
10005e08:	b530      	push	{r4, r5, lr}
10005e0a:	0784      	lsls	r4, r0, #30
10005e0c:	4686      	mov	lr, r0
10005e0e:	4603      	mov	r3, r0
10005e10:	d006      	beq.n	10005e20 <memset+0x18>
10005e12:	b3a2      	cbz	r2, 10005e7e <memset+0x76>
10005e14:	f803 1b01 	strb.w	r1, [r3], #1
10005e18:	0798      	lsls	r0, r3, #30
10005e1a:	f102 32ff 	add.w	r2, r2, #4294967295	@ 0xffffffff
10005e1e:	d1f8      	bne.n	10005e12 <memset+0xa>
10005e20:	2a03      	cmp	r2, #3
10005e22:	d926      	bls.n	10005e72 <memset+0x6a>
10005e24:	fa5f fc81 	uxtb.w	ip, r1
10005e28:	2a0f      	cmp	r2, #15
10005e2a:	eb0c 2c0c 	add.w	ip, ip, ip, lsl #8
10005e2e:	eb0c 400c 	add.w	r0, ip, ip, lsl #16
10005e32:	d92a      	bls.n	10005e8a <memset+0x82>
10005e34:	f022 0c0f 	bic.w	ip, r2, #15
10005e38:	449c      	add	ip, r3
10005e3a:	e9c3 0000 	strd	r0, r0, [r3]
10005e3e:	e9c3 0002 	strd	r0, r0, [r3, #8]
10005e42:	3310      	adds	r3, #16
10005e44:	4563      	cmp	r3, ip
10005e46:	d1f8      	bne.n	10005e3a <memset+0x32>
10005e48:	f012 0f0c 	tst.w	r2, #12
10005e4c:	f002 050f 	and.w	r5, r2, #15
10005e50:	d017      	beq.n	10005e82 <memset+0x7a>
10005e52:	ea4f 0c95 	mov.w	ip, r5, lsr #2
10005e56:	461a      	mov	r2, r3
10005e58:	f10c 34ff 	add.w	r4, ip, #4294967295	@ 0xffffffff
10005e5c:	eb03 0c8c 	add.w	ip, r3, ip, lsl #2
10005e60:	f842 0b04 	str.w	r0, [r2], #4
10005e64:	4562      	cmp	r2, ip
10005e66:	d1fb      	bne.n	10005e60 <memset+0x58>
10005e68:	3304      	adds	r3, #4
10005e6a:	f005 0203 	and.w	r2, r5, #3
10005e6e:	eb03 0384 	add.w	r3, r3, r4, lsl #2
10005e72:	b122      	cbz	r2, 10005e7e <memset+0x76>
10005e74:	441a      	add	r2, r3
10005e76:	f803 1b01 	strb.w	r1, [r3], #1
10005e7a:	429a      	cmp	r2, r3
10005e7c:	d1fb      	bne.n	10005e76 <memset+0x6e>
10005e7e:	4670      	mov	r0, lr
10005e80:	bd30      	pop	{r4, r5, pc}
10005e82:	462a      	mov	r2, r5
10005e84:	2a00      	cmp	r2, #0
10005e86:	d1f5      	bne.n	10005e74 <memset+0x6c>
10005e88:	e7f9      	b.n	10005e7e <memset+0x76>
10005e8a:	4615      	mov	r5, r2
10005e8c:	e7e1      	b.n	10005e52 <memset+0x4a>
10005e8e:	bf00      	nop

10005e90 <memcpy>:
10005e90:	4684      	mov	ip, r0
10005e92:	ea41 0300 	orr.w	r3, r1, r0
10005e96:	f013 0303 	ands.w	r3, r3, #3
10005e9a:	d149      	bne.n	10005f30 <memcpy+0xa0>
10005e9c:	3a40      	subs	r2, #64	@ 0x40
10005e9e:	d323      	bcc.n	10005ee8 <memcpy+0x58>
10005ea0:	680b      	ldr	r3, [r1, #0]
10005ea2:	6003      	str	r3, [r0, #0]
10005ea4:	684b      	ldr	r3, [r1, #4]
10005ea6:	6043      	str	r3, [r0, #4]
10005ea8:	688b      	ldr	r3, [r1, #8]
10005eaa:	6083      	str	r3, [r0, #8]
10005eac:	68cb      	ldr	r3, [r1, #12]
10005eae:	60c3      	str	r3, [r0, #12]
10005eb0:	690b      	ldr	r3, [r1, #16]
10005eb2:	6103      	str	r3, [r0, #16]
10005eb4:	694b      	ldr	r3, [r1, #20]
10005eb6:	6143      	str	r3, [r0, #20]
10005eb8:	698b      	ldr	r3, [r1, #24]
10005eba:	6183      	str	r3, [r0, #24]
10005ebc:	69cb      	ldr	r3, [r1, #28]
10005ebe:	61c3      	str	r3, [r0, #28]
10005ec0:	6a0b      	ldr	r3, [r1, #32]
10005ec2:	6203      	str	r3, [r0, #32]
10005ec4:	6a4b      	ldr	r3, [r1, #36]	@ 0x24
10005ec6:	6243      	str	r3, [r0, #36]	@ 0x24
10005ec8:	6a8b      	ldr	r3, [r1, #40]	@ 0x28
10005eca:	6283      	str	r3, [r0, #40]	@ 0x28
10005ecc:	6acb      	ldr	r3, [r1, #44]	@ 0x2c
10005ece:	62c3      	str	r3, [r0, #44]	@ 0x2c
10005ed0:	6b0b      	ldr	r3, [r1, #48]	@ 0x30
10005ed2:	6303      	str	r3, [r0, #48]	@ 0x30
10005ed4:	6b4b      	ldr	r3, [r1, #52]	@ 0x34
10005ed6:	6343      	str	r3, [r0, #52]	@ 0x34
10005ed8:	6b8b      	ldr	r3, [r1, #56]	@ 0x38
10005eda:	6383      	str	r3, [r0, #56]	@ 0x38
10005edc:	6bcb      	ldr	r3, [r1, #60]	@ 0x3c
10005ede:	63c3      	str	r3, [r0, #60]	@ 0x3c
10005ee0:	3040      	adds	r0, #64	@ 0x40
10005ee2:	3140      	adds	r1, #64	@ 0x40
10005ee4:	3a40      	subs	r2, #64	@ 0x40
10005ee6:	d2db      	bcs.n	10005ea0 <memcpy+0x10>
10005ee8:	3230      	adds	r2, #48	@ 0x30
10005eea:	d30b      	bcc.n	10005f04 <memcpy+0x74>
10005eec:	680b      	ldr	r3, [r1, #0]
10005eee:	6003      	str	r3, [r0, #0]
10005ef0:	684b      	ldr	r3, [r1, #4]
10005ef2:	6043      	str	r3, [r0, #4]
10005ef4:	688b      	ldr	r3, [r1, #8]
10005ef6:	6083      	str	r3, [r0, #8]
10005ef8:	68cb      	ldr	r3, [r1, #12]
10005efa:	60c3      	str	r3, [r0, #12]
10005efc:	3010      	adds	r0, #16
10005efe:	3110      	adds	r1, #16
10005f00:	3a10      	subs	r2, #16
10005f02:	d2f3      	bcs.n	10005eec <memcpy+0x5c>
10005f04:	320c      	adds	r2, #12
10005f06:	d305      	bcc.n	10005f14 <memcpy+0x84>
10005f08:	f851 3b04 	ldr.w	r3, [r1], #4
10005f0c:	f840 3b04 	str.w	r3, [r0], #4
10005f10:	3a04      	subs	r2, #4
10005f12:	d2f9      	bcs.n	10005f08 <memcpy+0x78>
10005f14:	3204      	adds	r2, #4
10005f16:	d008      	beq.n	10005f2a <memcpy+0x9a>
10005f18:	07d2      	lsls	r2, r2, #31
10005f1a:	bf1c      	itt	ne
10005f1c:	f811 3b01 	ldrbne.w	r3, [r1], #1
10005f20:	f800 3b01 	strbne.w	r3, [r0], #1
10005f24:	d301      	bcc.n	10005f2a <memcpy+0x9a>
10005f26:	880b      	ldrh	r3, [r1, #0]
10005f28:	8003      	strh	r3, [r0, #0]
10005f2a:	4660      	mov	r0, ip
10005f2c:	4770      	bx	lr
10005f2e:	bf00      	nop
10005f30:	2a08      	cmp	r2, #8
10005f32:	d313      	bcc.n	10005f5c <memcpy+0xcc>
10005f34:	078b      	lsls	r3, r1, #30
10005f36:	d0b1      	beq.n	10005e9c <memcpy+0xc>
10005f38:	f010 0303 	ands.w	r3, r0, #3
10005f3c:	d0ae      	beq.n	10005e9c <memcpy+0xc>
10005f3e:	f1c3 0304 	rsb	r3, r3, #4
10005f42:	1ad2      	subs	r2, r2, r3
10005f44:	07db      	lsls	r3, r3, #31
10005f46:	bf1c      	itt	ne
10005f48:	f811 3b01 	ldrbne.w	r3, [r1], #1
10005f4c:	f800 3b01 	strbne.w	r3, [r0], #1
10005f50:	d3a4      	bcc.n	10005e9c <memcpy+0xc>
10005f52:	f831 3b02 	ldrh.w	r3, [r1], #2
10005f56:	f820 3b02 	strh.w	r3, [r0], #2
10005f5a:	e79f      	b.n	10005e9c <memcpy+0xc>
10005f5c:	3a04      	subs	r2, #4
10005f5e:	d3d9      	bcc.n	10005f14 <memcpy+0x84>
10005f60:	3a01      	subs	r2, #1
10005f62:	f811 3b01 	ldrb.w	r3, [r1], #1
10005f66:	f800 3b01 	strb.w	r3, [r0], #1
10005f6a:	d2f9      	bcs.n	10005f60 <memcpy+0xd0>
10005f6c:	780b      	ldrb	r3, [r1, #0]
10005f6e:	7003      	strb	r3, [r0, #0]
10005f70:	784b      	ldrb	r3, [r1, #1]
10005f72:	7043      	strb	r3, [r0, #1]
10005f74:	788b      	ldrb	r3, [r1, #2]
10005f76:	7083      	strb	r3, [r0, #2]
10005f78:	4660      	mov	r0, ip
10005f7a:	4770      	bx	lr

10005f7c <strlen>:
10005f7c:	f020 0103 	bic.w	r1, r0, #3
10005f80:	f010 0003 	ands.w	r0, r0, #3
10005f84:	f1c0 0000 	rsb	r0, r0, #0
10005f88:	f851 3b04 	ldr.w	r3, [r1], #4
10005f8c:	f100 0c04 	add.w	ip, r0, #4
10005f90:	ea4f 0ccc 	mov.w	ip, ip, lsl #3
10005f94:	f06f 0200 	mvn.w	r2, #0
10005f98:	bf1c      	itt	ne
10005f9a:	fa22 f20c 	lsrne.w	r2, r2, ip
10005f9e:	4313      	orrne	r3, r2
10005fa0:	f04f 0c01 	mov.w	ip, #1
10005fa4:	ea4c 2c0c 	orr.w	ip, ip, ip, lsl #8
10005fa8:	ea4c 4c0c 	orr.w	ip, ip, ip, lsl #16
10005fac:	eba3 020c 	sub.w	r2, r3, ip
10005fb0:	ea22 0203 	bic.w	r2, r2, r3
10005fb4:	ea12 12cc 	ands.w	r2, r2, ip, lsl #7
10005fb8:	bf04      	itt	eq
10005fba:	f851 3b04 	ldreq.w	r3, [r1], #4
10005fbe:	3004      	addeq	r0, #4
10005fc0:	d0f4      	beq.n	10005fac <strlen+0x30>
10005fc2:	f1c2 0100 	rsb	r1, r2, #0
10005fc6:	ea02 0201 	and.w	r2, r2, r1
10005fca:	fab2 f282 	clz	r2, r2
10005fce:	f1c2 021f 	rsb	r2, r2, #31
10005fd2:	eb00 00d2 	add.w	r0, r0, r2, lsr #3
10005fd6:	4770      	bx	lr

10005fd8 <__hw_endpoint_start_next_buffer_veneer>:
10005fd8:	f85f f000 	ldr.w	pc, [pc]	@ 10005fdc <__hw_endpoint_start_next_buffer_veneer+0x4>
10005fdc:	20000b31 	.word	0x20000b31

10005fe0 <__mutex_exit_veneer>:
10005fe0:	f85f f000 	ldr.w	pc, [pc]	@ 10005fe4 <__mutex_exit_veneer+0x4>
10005fe4:	20000299 	.word	0x20000299

10005fe8 <__mutex_try_enter_veneer>:
10005fe8:	f85f f000 	ldr.w	pc, [pc]	@ 10005fec <__mutex_try_enter_veneer+0x4>
10005fec:	20000111 	.word	0x20000111

10005ff0 <___hw_endpoint_buffer_control_update32_veneer>:
10005ff0:	f85f f000 	ldr.w	pc, [pc]	@ 10005ff4 <___hw_endpoint_buffer_control_update32_veneer+0x4>
10005ff4:	20000ae9 	.word	0x20000ae9

10005ff8 <__mutex_try_enter_block_until_veneer>:
10005ff8:	f85f f000 	ldr.w	pc, [pc]	@ 10005ffc <__mutex_try_enter_block_until_veneer+0x4>
10005ffc:	200001f9 	.word	0x200001f9

10006000 <____aeabi_uldivmod_veneer>:
10006000:	f85f f000 	ldr.w	pc, [pc]	@ 10006004 <____aeabi_uldivmod_veneer+0x4>
10006004:	2000115d 	.word	0x2000115d

10006008 <____aeabi_f2d_veneer>:
10006008:	f85f f000 	ldr.w	pc, [pc]	@ 1000600c <____aeabi_f2d_veneer+0x4>
1000600c:	200010ad 	.word	0x200010ad

10006010 <__e15_is_critical_frame_period_veneer>:
10006010:	f85f f000 	ldr.w	pc, [pc]	@ 10006014 <__e15_is_critical_frame_period_veneer+0x4>
10006014:	20000ab5 	.word	0x20000ab5

10006018 <__e15_is_bulkin_ep_veneer>:
10006018:	f85f f000 	ldr.w	pc, [pc]	@ 1000601c <__e15_is_bulkin_ep_veneer+0x4>
1000601c:	20000a8d 	.word	0x20000a8d

10006020 <__mutex_enter_timeout_ms_veneer>:
10006020:	f85f f000 	ldr.w	pc, [pc]	@ 10006024 <__mutex_enter_timeout_ms_veneer+0x4>
10006024:	20000261 	.word	0x20000261

10006028 <__reset_non_control_endpoints_veneer>:
10006028:	f85f f000 	ldr.w	pc, [pc]	@ 1000602c <__reset_non_control_endpoints_veneer+0x4>
1000602c:	200002e1 	.word	0x200002e1

10006030 <__pre_init_runtime_init_bootrom_reset>:
10006030:	10001775                                u...

10006034 <__pre_init_runtime_init_early_resets>:
10006034:	100016ed                                ....

10006038 <__pre_init_runtime_init_usb_power_down>:
10006038:	1000171d                                ....

1000603c <__pre_init_runtime_init_clocks>:
1000603c:	10001805                                ....

10006040 <__pre_init_runtime_init_post_clock_resets>:
10006040:	10001755                                U...

10006044 <__pre_init_runtime_init_boot_locks_reset>:
10006044:	10001675                                u...

10006048 <__pre_init_runtime_init_spin_locks_reset>:
10006048:	1000179d                                ....

1000604c <__pre_init_runtime_init_bootrom_locking_enable>:
1000604c:	10001661                                a...

10006050 <__pre_init_runtime_init_mutex>:
10006050:	10000b59                                Y...

10006054 <__pre_init_runtime_init_install_ram_vector_table>:
10006054:	100017a1                                ....

10006058 <__pre_init_runtime_init_default_alarm_pool>:
10006058:	10000f15                                ....

1000605c <__pre_init_first_per_core_initializer>:
1000605c:	100016bd                                ....

10006060 <__pre_init_runtime_init_per_core_bootrom_reset>:
10006060:	10001789                                ....

10006064 <__pre_init_runtime_init_per_core_enable_coprocessors>:
10006064:	10001739                                9...

10006068 <__pre_init_spinlock_set_extexclall>:
10006068:	10000729                                )...

1000606c <__pre_init_runtime_init_per_core_irq_priorities>:
1000606c:	10000751                                Q...

10006070 <__init_array_start>:
10006070:	10003f51 	.word	0x10003f51

Disassembly of section .data:

20000110 <mutex_try_enter>:
20000110:	4603      	mov	r3, r0
20000112:	b500      	push	{lr}
20000114:	6802      	ldr	r2, [r0, #0]
20000116:	f3ef 8c10 	mrs	ip, PRIMASK
2000011a:	b672      	cpsid	i
2000011c:	e8d2 efcf 	ldaexb	lr, [r2]
20000120:	2001      	movs	r0, #1
20000122:	f1be 0f00 	cmp.w	lr, #0
20000126:	d1f9      	bne.n	2000011c <mutex_try_enter+0xc>
20000128:	e8c2 0f4e 	strexb	lr, r0, [r2]
2000012c:	f1be 0f00 	cmp.w	lr, #0
20000130:	d1f4      	bne.n	2000011c <mutex_try_enter+0xc>
20000132:	f3bf 8f5f 	dmb	sy
20000136:	f993 2004 	ldrsb.w	r2, [r3, #4]
2000013a:	2a00      	cmp	r2, #0
2000013c:	db09      	blt.n	20000152 <mutex_try_enter+0x42>
2000013e:	b101      	cbz	r1, 20000142 <mutex_try_enter+0x32>
20000140:	600a      	str	r2, [r1, #0]
20000142:	2000      	movs	r0, #0
20000144:	2200      	movs	r2, #0
20000146:	681b      	ldr	r3, [r3, #0]
20000148:	e8c3 2f8f 	stlb	r2, [r3]
2000014c:	f38c 8810 	msr	PRIMASK, ip
20000150:	bd00      	pop	{pc}
20000152:	f04f 4250 	mov.w	r2, #3489660928	@ 0xd0000000
20000156:	6812      	ldr	r2, [r2, #0]
20000158:	2001      	movs	r0, #1
2000015a:	711a      	strb	r2, [r3, #4]
2000015c:	e7f2      	b.n	20000144 <mutex_try_enter+0x34>
2000015e:	bf00      	nop

20000160 <mutex_enter_block_until>:
20000160:	f04f 4150 	mov.w	r1, #3489660928	@ 0xd0000000
20000164:	e92d 47f0 	stmdb	sp!, {r4, r5, r6, r7, r8, r9, sl, lr}
20000168:	4699      	mov	r9, r3
2000016a:	680b      	ldr	r3, [r1, #0]
2000016c:	4604      	mov	r4, r0
2000016e:	4617      	mov	r7, r2
20000170:	f04f 0800 	mov.w	r8, #0
20000174:	469a      	mov	sl, r3
20000176:	4d1e      	ldr	r5, [pc, #120]	@ (200001f0 <mutex_enter_block_until+0x90>)
20000178:	4e1e      	ldr	r6, [pc, #120]	@ (200001f4 <mutex_enter_block_until+0x94>)
2000017a:	6820      	ldr	r0, [r4, #0]
2000017c:	f3ef 8c10 	mrs	ip, PRIMASK
20000180:	b672      	cpsid	i
20000182:	e8d0 2fcf 	ldaexb	r2, [r0]
20000186:	2301      	movs	r3, #1
20000188:	2a00      	cmp	r2, #0
2000018a:	d1fa      	bne.n	20000182 <mutex_enter_block_until+0x22>
2000018c:	e8c0 3f42 	strexb	r2, r3, [r0]
20000190:	2a00      	cmp	r2, #0
20000192:	d1f6      	bne.n	20000182 <mutex_enter_block_until+0x22>
20000194:	f3bf 8f5f 	dmb	sy
20000198:	f994 2004 	ldrsb.w	r2, [r4, #4]
2000019c:	6823      	ldr	r3, [r4, #0]
2000019e:	2a00      	cmp	r2, #0
200001a0:	db1b      	blt.n	200001da <mutex_enter_block_until+0x7a>
200001a2:	7828      	ldrb	r0, [r5, #0]
200001a4:	b2c0      	uxtb	r0, r0
200001a6:	e8c3 8f8f 	stlb	r8, [r3]
200001aa:	bf20      	wfe
200001ac:	f38c 8810 	msr	PRIMASK, ip
200001b0:	782b      	ldrb	r3, [r5, #0]
200001b2:	4283      	cmp	r3, r0
200001b4:	d00a      	beq.n	200001cc <mutex_enter_block_until+0x6c>
200001b6:	6a73      	ldr	r3, [r6, #36]	@ 0x24
200001b8:	4599      	cmp	r9, r3
200001ba:	d8de      	bhi.n	2000017a <mutex_enter_block_until+0x1a>
200001bc:	6ab2      	ldr	r2, [r6, #40]	@ 0x28
200001be:	42ba      	cmp	r2, r7
200001c0:	d201      	bcs.n	200001c6 <mutex_enter_block_until+0x66>
200001c2:	4599      	cmp	r9, r3
200001c4:	d0d9      	beq.n	2000017a <mutex_enter_block_until+0x1a>
200001c6:	2000      	movs	r0, #0
200001c8:	e8bd 87f0 	ldmia.w	sp!, {r4, r5, r6, r7, r8, r9, sl, pc}
200001cc:	4638      	mov	r0, r7
200001ce:	4649      	mov	r1, r9
200001d0:	f001 f986 	bl	200014e0 <__best_effort_wfe_or_timeout_veneer>
200001d4:	2800      	cmp	r0, #0
200001d6:	d0d0      	beq.n	2000017a <mutex_enter_block_until+0x1a>
200001d8:	e7f5      	b.n	200001c6 <mutex_enter_block_until+0x66>
200001da:	2200      	movs	r2, #0
200001dc:	f884 a004 	strb.w	sl, [r4, #4]
200001e0:	e8c3 2f8f 	stlb	r2, [r3]
200001e4:	f38c 8810 	msr	PRIMASK, ip
200001e8:	2001      	movs	r0, #1
200001ea:	e8bd 87f0 	ldmia.w	sp!, {r4, r5, r6, r7, r8, r9, sl, pc}
200001ee:	bf00      	nop
200001f0:	20002046 	.word	0x20002046
200001f4:	400b0000 	.word	0x400b0000

200001f8 <mutex_try_enter_block_until>:
200001f8:	b510      	push	{r4, lr}
200001fa:	6801      	ldr	r1, [r0, #0]
200001fc:	f3ef 8e10 	mrs	lr, PRIMASK
20000200:	b672      	cpsid	i
20000202:	e8d1 cfcf 	ldaexb	ip, [r1]
20000206:	2401      	movs	r4, #1
20000208:	f1bc 0f00 	cmp.w	ip, #0
2000020c:	d1f9      	bne.n	20000202 <mutex_try_enter_block_until+0xa>
2000020e:	e8c1 4f4c 	strexb	ip, r4, [r1]
20000212:	f1bc 0f00 	cmp.w	ip, #0
20000216:	d1f4      	bne.n	20000202 <mutex_try_enter_block_until+0xa>
20000218:	f3bf 8f5f 	dmb	sy
2000021c:	f990 c004 	ldrsb.w	ip, [r0, #4]
20000220:	6804      	ldr	r4, [r0, #0]
20000222:	f1bc 0f00 	cmp.w	ip, #0
20000226:	db10      	blt.n	2000024a <mutex_try_enter_block_until+0x52>
20000228:	2100      	movs	r1, #0
2000022a:	e8c4 1f8f 	stlb	r1, [r4]
2000022e:	f38e 8810 	msr	PRIMASK, lr
20000232:	f04f 4450 	mov.w	r4, #3489660928	@ 0xd0000000
20000236:	f994 4000 	ldrsb.w	r4, [r4]
2000023a:	4564      	cmp	r4, ip
2000023c:	d101      	bne.n	20000242 <mutex_try_enter_block_until+0x4a>
2000023e:	4608      	mov	r0, r1
20000240:	bd10      	pop	{r4, pc}
20000242:	e8bd 4010 	ldmia.w	sp!, {r4, lr}
20000246:	f7ff bf8b 	b.w	20000160 <mutex_enter_block_until>
2000024a:	f04f 4250 	mov.w	r2, #3489660928	@ 0xd0000000
2000024e:	6812      	ldr	r2, [r2, #0]
20000250:	2300      	movs	r3, #0
20000252:	7102      	strb	r2, [r0, #4]
20000254:	e8c4 3f8f 	stlb	r3, [r4]
20000258:	f38e 8810 	msr	PRIMASK, lr
2000025c:	2001      	movs	r0, #1
2000025e:	bd10      	pop	{r4, pc}

20000260 <mutex_enter_timeout_ms>:
20000260:	b570      	push	{r4, r5, r6, lr}
20000262:	4605      	mov	r5, r0
20000264:	460c      	mov	r4, r1
20000266:	f001 f947 	bl	200014f8 <__time_us_64_veneer>
2000026a:	4602      	mov	r2, r0
2000026c:	460b      	mov	r3, r1
2000026e:	f44f 707a 	mov.w	r0, #1000	@ 0x3e8
20000272:	f04f 3eff 	mov.w	lr, #4294967295	@ 0xffffffff
20000276:	f06f 4c00 	mvn.w	ip, #2147483648	@ 0x80000000
2000027a:	fbe4 2300 	umlal	r2, r3, r4, r0
2000027e:	4596      	cmp	lr, r2
20000280:	eb7c 0103 	sbcs.w	r1, ip, r3
20000284:	bf38      	it	cc
20000286:	4672      	movcc	r2, lr
20000288:	4628      	mov	r0, r5
2000028a:	e8bd 4070 	ldmia.w	sp!, {r4, r5, r6, lr}
2000028e:	bf38      	it	cc
20000290:	4663      	movcc	r3, ip
20000292:	f7ff bf65 	b.w	20000160 <mutex_enter_block_until>
20000296:	bf00      	nop

20000298 <mutex_exit>:
20000298:	6803      	ldr	r3, [r0, #0]
2000029a:	f3ef 8110 	mrs	r1, PRIMASK
2000029e:	b672      	cpsid	i
200002a0:	e8d3 cfcf 	ldaexb	ip, [r3]
200002a4:	2201      	movs	r2, #1
200002a6:	f1bc 0f00 	cmp.w	ip, #0
200002aa:	d1f9      	bne.n	200002a0 <mutex_exit+0x8>
200002ac:	e8c3 2f4c 	strexb	ip, r2, [r3]
200002b0:	f1bc 0f00 	cmp.w	ip, #0
200002b4:	d1f4      	bne.n	200002a0 <mutex_exit+0x8>
200002b6:	f3bf 8f5f 	dmb	sy
200002ba:	f04f 0cff 	mov.w	ip, #255	@ 0xff
200002be:	4a07      	ldr	r2, [pc, #28]	@ (200002dc <mutex_exit+0x44>)
200002c0:	f880 c004 	strb.w	ip, [r0, #4]
200002c4:	7813      	ldrb	r3, [r2, #0]
200002c6:	3301      	adds	r3, #1
200002c8:	7013      	strb	r3, [r2, #0]
200002ca:	2300      	movs	r3, #0
200002cc:	6802      	ldr	r2, [r0, #0]
200002ce:	e8c2 3f8f 	stlb	r3, [r2]
200002d2:	f381 8810 	msr	PRIMASK, r1
200002d6:	bf40      	sev
200002d8:	4770      	bx	lr
200002da:	bf00      	nop
200002dc:	20002046 	.word	0x20002046

200002e0 <reset_non_control_endpoints>:
200002e0:	2100      	movs	r1, #0
200002e2:	b508      	push	{r3, lr}
200002e4:	4b13      	ldr	r3, [pc, #76]	@ (20000334 <reset_non_control_endpoints+0x54>)
200002e6:	f44f 7270 	mov.w	r2, #960	@ 0x3c0
200002ea:	6099      	str	r1, [r3, #8]
200002ec:	4812      	ldr	r0, [pc, #72]	@ (20000338 <reset_non_control_endpoints+0x58>)
200002ee:	60d9      	str	r1, [r3, #12]
200002f0:	6119      	str	r1, [r3, #16]
200002f2:	6159      	str	r1, [r3, #20]
200002f4:	6199      	str	r1, [r3, #24]
200002f6:	61d9      	str	r1, [r3, #28]
200002f8:	6219      	str	r1, [r3, #32]
200002fa:	6259      	str	r1, [r3, #36]	@ 0x24
200002fc:	6299      	str	r1, [r3, #40]	@ 0x28
200002fe:	62d9      	str	r1, [r3, #44]	@ 0x2c
20000300:	6319      	str	r1, [r3, #48]	@ 0x30
20000302:	6359      	str	r1, [r3, #52]	@ 0x34
20000304:	6399      	str	r1, [r3, #56]	@ 0x38
20000306:	63d9      	str	r1, [r3, #60]	@ 0x3c
20000308:	6419      	str	r1, [r3, #64]	@ 0x40
2000030a:	6459      	str	r1, [r3, #68]	@ 0x44
2000030c:	6499      	str	r1, [r3, #72]	@ 0x48
2000030e:	64d9      	str	r1, [r3, #76]	@ 0x4c
20000310:	6519      	str	r1, [r3, #80]	@ 0x50
20000312:	6559      	str	r1, [r3, #84]	@ 0x54
20000314:	6599      	str	r1, [r3, #88]	@ 0x58
20000316:	65d9      	str	r1, [r3, #92]	@ 0x5c
20000318:	6619      	str	r1, [r3, #96]	@ 0x60
2000031a:	6659      	str	r1, [r3, #100]	@ 0x64
2000031c:	6699      	str	r1, [r3, #104]	@ 0x68
2000031e:	66d9      	str	r1, [r3, #108]	@ 0x6c
20000320:	6719      	str	r1, [r3, #112]	@ 0x70
20000322:	6759      	str	r1, [r3, #116]	@ 0x74
20000324:	6799      	str	r1, [r3, #120]	@ 0x78
20000326:	67d9      	str	r1, [r3, #124]	@ 0x7c
20000328:	f001 f8d6 	bl	200014d8 <__memset_veneer>
2000032c:	4b03      	ldr	r3, [pc, #12]	@ (2000033c <reset_non_control_endpoints+0x5c>)
2000032e:	4a04      	ldr	r2, [pc, #16]	@ (20000340 <reset_non_control_endpoints+0x60>)
20000330:	601a      	str	r2, [r3, #0]
20000332:	bd08      	pop	{r3, pc}
20000334:	50100000 	.word	0x50100000
20000338:	20001b28 	.word	0x20001b28
2000033c:	20001ff0 	.word	0x20001ff0
20000340:	50100180 	.word	0x50100180

20000344 <hw_handle_buff_status>:
20000344:	e92d 47f0 	stmdb	sp!, {r4, r5, r6, r7, r8, r9, sl, lr}
20000348:	4b1e      	ldr	r3, [pc, #120]	@ (200003c4 <hw_handle_buff_status+0x80>)
2000034a:	b084      	sub	sp, #16
2000034c:	f8d3 a058 	ldr.w	sl, [r3, #88]	@ 0x58
20000350:	f1ba 0f00 	cmp.w	sl, #0
20000354:	d021      	beq.n	2000039a <hw_handle_buff_status+0x56>
20000356:	2400      	movs	r4, #0
20000358:	2501      	movs	r5, #1
2000035a:	f44f 69e0 	mov.w	r9, #1792	@ 0x700
2000035e:	f8df 806c 	ldr.w	r8, [pc, #108]	@ 200003cc <hw_handle_buff_status+0x88>
20000362:	4f19      	ldr	r7, [pc, #100]	@ (200003c8 <hw_handle_buff_status+0x84>)
20000364:	e005      	b.n	20000372 <hw_handle_buff_status+0x2e>
20000366:	3401      	adds	r4, #1
20000368:	b2e4      	uxtb	r4, r4
2000036a:	2c20      	cmp	r4, #32
2000036c:	ea4f 0545 	mov.w	r5, r5, lsl #1
20000370:	d013      	beq.n	2000039a <hw_handle_buff_status+0x56>
20000372:	ea1a 0f05 	tst.w	sl, r5
20000376:	d0f6      	beq.n	20000366 <hw_handle_buff_status+0x22>
20000378:	43e3      	mvns	r3, r4
2000037a:	f004 06fe 	and.w	r6, r4, #254	@ 0xfe
2000037e:	f003 0301 	and.w	r3, r3, #1
20000382:	441e      	add	r6, r3
20000384:	eb07 1646 	add.w	r6, r7, r6, lsl #5
20000388:	4630      	mov	r0, r6
2000038a:	f8c8 5058 	str.w	r5, [r8, #88]	@ 0x58
2000038e:	f000 fc01 	bl	20000b94 <hw_endpoint_xfer_continue>
20000392:	b928      	cbnz	r0, 200003a0 <hw_handle_buff_status+0x5c>
20000394:	ea3a 0a05 	bics.w	sl, sl, r5
20000398:	d1e5      	bne.n	20000366 <hw_handle_buff_status+0x22>
2000039a:	b004      	add	sp, #16
2000039c:	e8bd 87f0 	ldmia.w	sp!, {r4, r5, r6, r7, r8, r9, sl, pc}
200003a0:	78b3      	ldrb	r3, [r6, #2]
200003a2:	8af2      	ldrh	r2, [r6, #22]
200003a4:	f88d 3008 	strb.w	r3, [sp, #8]
200003a8:	2300      	movs	r3, #0
200003aa:	a801      	add	r0, sp, #4
200003ac:	2101      	movs	r1, #1
200003ae:	f8ad 9004 	strh.w	r9, [sp, #4]
200003b2:	9203      	str	r2, [sp, #12]
200003b4:	f88d 3009 	strb.w	r3, [sp, #9]
200003b8:	f000 fc0a 	bl	20000bd0 <dcd_event_handler>
200003bc:	4630      	mov	r0, r6
200003be:	f000 fb8d 	bl	20000adc <hw_endpoint_reset_transfer>
200003c2:	e7e7      	b.n	20000394 <hw_handle_buff_status+0x50>
200003c4:	50110000 	.word	0x50110000
200003c8:	20001ae8 	.word	0x20001ae8
200003cc:	50113000 	.word	0x50113000

200003d0 <dcd_rp2040_irq>:
200003d0:	b570      	push	{r4, r5, r6, lr}
200003d2:	4bb2      	ldr	r3, [pc, #712]	@ (2000069c <dcd_rp2040_irq+0x2cc>)
200003d4:	b086      	sub	sp, #24
200003d6:	f8d3 4098 	ldr.w	r4, [r3, #152]	@ 0x98
200003da:	f414 3500 	ands.w	r5, r4, #131072	@ 0x20000
200003de:	d074      	beq.n	200004ca <dcd_rp2040_irq+0xfa>
200003e0:	4aaf      	ldr	r2, [pc, #700]	@ (200006a0 <dcd_rp2040_irq+0x2d0>)
200003e2:	4bb0      	ldr	r3, [pc, #704]	@ (200006a4 <dcd_rp2040_irq+0x2d4>)
200003e4:	6a90      	ldr	r0, [r2, #40]	@ 0x28
200003e6:	f893 203b 	ldrb.w	r2, [r3, #59]	@ 0x3b
200003ea:	49af      	ldr	r1, [pc, #700]	@ (200006a8 <dcd_rp2040_irq+0x2d8>)
200003ec:	2a02      	cmp	r2, #2
200003ee:	6008      	str	r0, [r1, #0]
200003f0:	f000 80e6 	beq.w	200005c0 <dcd_rp2040_irq+0x1f0>
200003f4:	2500      	movs	r5, #0
200003f6:	f893 207b 	ldrb.w	r2, [r3, #123]	@ 0x7b
200003fa:	2a02      	cmp	r2, #2
200003fc:	f000 81b2 	beq.w	20000764 <dcd_rp2040_irq+0x394>
20000400:	f893 20bb 	ldrb.w	r2, [r3, #187]	@ 0xbb
20000404:	2a02      	cmp	r2, #2
20000406:	f000 81a2 	beq.w	2000074e <dcd_rp2040_irq+0x37e>
2000040a:	f893 20fb 	ldrb.w	r2, [r3, #251]	@ 0xfb
2000040e:	2a02      	cmp	r2, #2
20000410:	f000 8192 	beq.w	20000738 <dcd_rp2040_irq+0x368>
20000414:	f893 213b 	ldrb.w	r2, [r3, #315]	@ 0x13b
20000418:	2a02      	cmp	r2, #2
2000041a:	f000 8181 	beq.w	20000720 <dcd_rp2040_irq+0x350>
2000041e:	f893 217b 	ldrb.w	r2, [r3, #379]	@ 0x17b
20000422:	2a02      	cmp	r2, #2
20000424:	f000 8171 	beq.w	2000070a <dcd_rp2040_irq+0x33a>
20000428:	f893 21bb 	ldrb.w	r2, [r3, #443]	@ 0x1bb
2000042c:	2a02      	cmp	r2, #2
2000042e:	f000 8161 	beq.w	200006f4 <dcd_rp2040_irq+0x324>
20000432:	f893 21fb 	ldrb.w	r2, [r3, #507]	@ 0x1fb
20000436:	2a02      	cmp	r2, #2
20000438:	f000 8150 	beq.w	200006dc <dcd_rp2040_irq+0x30c>
2000043c:	f893 223b 	ldrb.w	r2, [r3, #571]	@ 0x23b
20000440:	2a02      	cmp	r2, #2
20000442:	f000 813f 	beq.w	200006c4 <dcd_rp2040_irq+0x2f4>
20000446:	f893 227b 	ldrb.w	r2, [r3, #635]	@ 0x27b
2000044a:	2a02      	cmp	r2, #2
2000044c:	f000 811a 	beq.w	20000684 <dcd_rp2040_irq+0x2b4>
20000450:	f893 22bb 	ldrb.w	r2, [r3, #699]	@ 0x2bb
20000454:	2a02      	cmp	r2, #2
20000456:	f000 8109 	beq.w	2000066c <dcd_rp2040_irq+0x29c>
2000045a:	f893 22fb 	ldrb.w	r2, [r3, #763]	@ 0x2fb
2000045e:	2a02      	cmp	r2, #2
20000460:	f000 80f8 	beq.w	20000654 <dcd_rp2040_irq+0x284>
20000464:	f893 233b 	ldrb.w	r2, [r3, #827]	@ 0x33b
20000468:	2a02      	cmp	r2, #2
2000046a:	f000 80e7 	beq.w	2000063c <dcd_rp2040_irq+0x26c>
2000046e:	f893 237b 	ldrb.w	r2, [r3, #891]	@ 0x37b
20000472:	2a02      	cmp	r2, #2
20000474:	f000 80b7 	beq.w	200005e6 <dcd_rp2040_irq+0x216>
20000478:	f893 23bb 	ldrb.w	r2, [r3, #955]	@ 0x3bb
2000047c:	2a02      	cmp	r2, #2
2000047e:	f000 817c 	beq.w	2000077a <dcd_rp2040_irq+0x3aa>
20000482:	f893 23fb 	ldrb.w	r2, [r3, #1019]	@ 0x3fb
20000486:	2a02      	cmp	r2, #2
20000488:	f000 80c7 	beq.w	2000061a <dcd_rp2040_irq+0x24a>
2000048c:	b93d      	cbnz	r5, 2000049e <dcd_rp2040_irq+0xce>
2000048e:	4b87      	ldr	r3, [pc, #540]	@ (200006ac <dcd_rp2040_irq+0x2dc>)
20000490:	781b      	ldrb	r3, [r3, #0]
20000492:	b923      	cbnz	r3, 2000049e <dcd_rp2040_irq+0xce>
20000494:	f44f 3200 	mov.w	r2, #131072	@ 0x20000
20000498:	4b85      	ldr	r3, [pc, #532]	@ (200006b0 <dcd_rp2040_irq+0x2e0>)
2000049a:	f8c3 2090 	str.w	r2, [r3, #144]	@ 0x90
2000049e:	f44f 7240 	mov.w	r2, #768	@ 0x300
200004a2:	4b7e      	ldr	r3, [pc, #504]	@ (2000069c <dcd_rp2040_irq+0x2cc>)
200004a4:	2101      	movs	r1, #1
200004a6:	6c9b      	ldr	r3, [r3, #72]	@ 0x48
200004a8:	a803      	add	r0, sp, #12
200004aa:	f3c3 030a 	ubfx	r3, r3, #0, #11
200004ae:	9304      	str	r3, [sp, #16]
200004b0:	f8ad 200c 	strh.w	r2, [sp, #12]
200004b4:	f000 fb8c 	bl	20000bd0 <dcd_event_handler>
200004b8:	06e3      	lsls	r3, r4, #27
200004ba:	f44f 3500 	mov.w	r5, #131072	@ 0x20000
200004be:	4e7d      	ldr	r6, [pc, #500]	@ (200006b4 <dcd_rp2040_irq+0x2e4>)
200004c0:	d507      	bpl.n	200004d2 <dcd_rp2040_irq+0x102>
200004c2:	f7ff ff3f 	bl	20000344 <hw_handle_buff_status>
200004c6:	4635      	mov	r5, r6
200004c8:	e003      	b.n	200004d2 <dcd_rp2040_irq+0x102>
200004ca:	06e3      	lsls	r3, r4, #27
200004cc:	f04f 0610 	mov.w	r6, #16
200004d0:	d4f7      	bmi.n	200004c2 <dcd_rp2040_irq+0xf2>
200004d2:	03e0      	lsls	r0, r4, #15
200004d4:	d51d      	bpl.n	20000512 <dcd_rp2040_irq+0x142>
200004d6:	4873      	ldr	r0, [pc, #460]	@ (200006a4 <dcd_rp2040_irq+0x2d4>)
200004d8:	2602      	movs	r6, #2
200004da:	7e83      	ldrb	r3, [r0, #26]
200004dc:	f445 3580 	orr.w	r5, r5, #65536	@ 0x10000
200004e0:	bb33      	cbnz	r3, 20000530 <dcd_rp2040_irq+0x160>
200004e2:	f04f 0301 	mov.w	r3, #1
200004e6:	2e01      	cmp	r6, #1
200004e8:	70c3      	strb	r3, [r0, #3]
200004ea:	f100 0020 	add.w	r0, r0, #32
200004ee:	d11b      	bne.n	20000528 <dcd_rp2040_irq+0x158>
200004f0:	f44f 62c0 	mov.w	r2, #1536	@ 0x600
200004f4:	4b70      	ldr	r3, [pc, #448]	@ (200006b8 <dcd_rp2040_irq+0x2e8>)
200004f6:	f8ad 200c 	strh.w	r2, [sp, #12]
200004fa:	e893 0003 	ldmia.w	r3, {r0, r1}
200004fe:	e9cd 0104 	strd	r0, r1, [sp, #16]
20000502:	4631      	mov	r1, r6
20000504:	a803      	add	r0, sp, #12
20000506:	f000 fb63 	bl	20000bd0 <dcd_event_handler>
2000050a:	f44f 3200 	mov.w	r2, #131072	@ 0x20000
2000050e:	4b68      	ldr	r3, [pc, #416]	@ (200006b0 <dcd_rp2040_irq+0x2e0>)
20000510:	651a      	str	r2, [r3, #80]	@ 0x50
20000512:	04e1      	lsls	r1, r4, #19
20000514:	d43e      	bmi.n	20000594 <dcd_rp2040_irq+0x1c4>
20000516:	0462      	lsls	r2, r4, #17
20000518:	d42e      	bmi.n	20000578 <dcd_rp2040_irq+0x1a8>
2000051a:	0423      	lsls	r3, r4, #16
2000051c:	d41d      	bmi.n	2000055a <dcd_rp2040_irq+0x18a>
2000051e:	42a5      	cmp	r5, r4
20000520:	f040 81bb 	bne.w	2000089a <dcd_rp2040_irq+0x4ca>
20000524:	b006      	add	sp, #24
20000526:	bd70      	pop	{r4, r5, r6, pc}
20000528:	7e83      	ldrb	r3, [r0, #26]
2000052a:	2601      	movs	r6, #1
2000052c:	2b00      	cmp	r3, #0
2000052e:	d0d8      	beq.n	200004e2 <dcd_rp2040_irq+0x112>
20000530:	4b62      	ldr	r3, [pc, #392]	@ (200006bc <dcd_rp2040_irq+0x2ec>)
20000532:	4a5a      	ldr	r2, [pc, #360]	@ (2000069c <dcd_rp2040_irq+0x2cc>)
20000534:	661e      	str	r6, [r3, #96]	@ 0x60
20000536:	6e53      	ldr	r3, [r2, #100]	@ 0x64
20000538:	ea36 0303 	bics.w	r3, r6, r3
2000053c:	d1fb      	bne.n	20000536 <dcd_rp2040_irq+0x166>
2000053e:	f44f 5240 	mov.w	r2, #12288	@ 0x3000
20000542:	2100      	movs	r1, #0
20000544:	9001      	str	r0, [sp, #4]
20000546:	f000 facf 	bl	20000ae8 <_hw_endpoint_buffer_control_update32>
2000054a:	9801      	ldr	r0, [sp, #4]
2000054c:	f000 fac6 	bl	20000adc <hw_endpoint_reset_transfer>
20000550:	4b57      	ldr	r3, [pc, #348]	@ (200006b0 <dcd_rp2040_irq+0x2e0>)
20000552:	9801      	ldr	r0, [sp, #4]
20000554:	665e      	str	r6, [r3, #100]	@ 0x64
20000556:	661e      	str	r6, [r3, #96]	@ 0x60
20000558:	e7c3      	b.n	200004e2 <dcd_rp2040_irq+0x112>
2000055a:	f44f 63a0 	mov.w	r3, #1280	@ 0x500
2000055e:	2101      	movs	r1, #1
20000560:	a803      	add	r0, sp, #12
20000562:	f8ad 300c 	strh.w	r3, [sp, #12]
20000566:	f000 fb33 	bl	20000bd0 <dcd_event_handler>
2000056a:	f44f 6200 	mov.w	r2, #2048	@ 0x800
2000056e:	4b50      	ldr	r3, [pc, #320]	@ (200006b0 <dcd_rp2040_irq+0x2e0>)
20000570:	f445 4500 	orr.w	r5, r5, #32768	@ 0x8000
20000574:	651a      	str	r2, [r3, #80]	@ 0x50
20000576:	e7d2      	b.n	2000051e <dcd_rp2040_irq+0x14e>
20000578:	f44f 6380 	mov.w	r3, #1024	@ 0x400
2000057c:	2101      	movs	r1, #1
2000057e:	a803      	add	r0, sp, #12
20000580:	f8ad 300c 	strh.w	r3, [sp, #12]
20000584:	f000 fb24 	bl	20000bd0 <dcd_event_handler>
20000588:	2210      	movs	r2, #16
2000058a:	4b49      	ldr	r3, [pc, #292]	@ (200006b0 <dcd_rp2040_irq+0x2e0>)
2000058c:	f445 4580 	orr.w	r5, r5, #16384	@ 0x4000
20000590:	651a      	str	r2, [r3, #80]	@ 0x50
20000592:	e7c2      	b.n	2000051a <dcd_rp2040_irq+0x14a>
20000594:	2600      	movs	r6, #0
20000596:	4b41      	ldr	r3, [pc, #260]	@ (2000069c <dcd_rp2040_irq+0x2cc>)
20000598:	f445 5580 	orr.w	r5, r5, #4096	@ 0x1000
2000059c:	601e      	str	r6, [r3, #0]
2000059e:	f7ff fe9f 	bl	200002e0 <reset_non_control_endpoints>
200005a2:	f44f 7380 	mov.w	r3, #256	@ 0x100
200005a6:	2101      	movs	r1, #1
200005a8:	a803      	add	r0, sp, #12
200005aa:	f8ad 300c 	strh.w	r3, [sp, #12]
200005ae:	f88d 6010 	strb.w	r6, [sp, #16]
200005b2:	f000 fb0d 	bl	20000bd0 <dcd_event_handler>
200005b6:	f44f 2200 	mov.w	r2, #524288	@ 0x80000
200005ba:	4b3d      	ldr	r3, [pc, #244]	@ (200006b0 <dcd_rp2040_irq+0x2e0>)
200005bc:	651a      	str	r2, [r3, #80]	@ 0x50
200005be:	e7aa      	b.n	20000516 <dcd_rp2040_irq+0x146>
200005c0:	f893 503a 	ldrb.w	r5, [r3, #58]	@ 0x3a
200005c4:	2d00      	cmp	r5, #0
200005c6:	f43f af16 	beq.w	200003f6 <dcd_rp2040_irq+0x26>
200005ca:	f893 203c 	ldrb.w	r2, [r3, #60]	@ 0x3c
200005ce:	2a00      	cmp	r2, #0
200005d0:	f43f af11 	beq.w	200003f6 <dcd_rp2040_irq+0x26>
200005d4:	2200      	movs	r2, #0
200005d6:	f103 0020 	add.w	r0, r3, #32
200005da:	f883 203c 	strb.w	r2, [r3, #60]	@ 0x3c
200005de:	f000 faa7 	bl	20000b30 <hw_endpoint_start_next_buffer>
200005e2:	4b30      	ldr	r3, [pc, #192]	@ (200006a4 <dcd_rp2040_irq+0x2d4>)
200005e4:	e707      	b.n	200003f6 <dcd_rp2040_irq+0x26>
200005e6:	f893 637a 	ldrb.w	r6, [r3, #890]	@ 0x37a
200005ea:	2e00      	cmp	r6, #0
200005ec:	f43f af44 	beq.w	20000478 <dcd_rp2040_irq+0xa8>
200005f0:	f893 237c 	ldrb.w	r2, [r3, #892]	@ 0x37c
200005f4:	2a00      	cmp	r2, #0
200005f6:	f040 8140 	bne.w	2000087a <dcd_rp2040_irq+0x4aa>
200005fa:	f893 23bb 	ldrb.w	r2, [r3, #955]	@ 0x3bb
200005fe:	2a02      	cmp	r2, #2
20000600:	f040 80c4 	bne.w	2000078c <dcd_rp2040_irq+0x3bc>
20000604:	f893 23ba 	ldrb.w	r2, [r3, #954]	@ 0x3ba
20000608:	2a00      	cmp	r2, #0
2000060a:	f040 80bb 	bne.w	20000784 <dcd_rp2040_irq+0x3b4>
2000060e:	f893 23fb 	ldrb.w	r2, [r3, #1019]	@ 0x3fb
20000612:	2a02      	cmp	r2, #2
20000614:	f47f af43 	bne.w	2000049e <dcd_rp2040_irq+0xce>
20000618:	4635      	mov	r5, r6
2000061a:	f893 23fa 	ldrb.w	r2, [r3, #1018]	@ 0x3fa
2000061e:	2a00      	cmp	r2, #0
20000620:	f43f af34 	beq.w	2000048c <dcd_rp2040_irq+0xbc>
20000624:	f893 23fc 	ldrb.w	r2, [r3, #1020]	@ 0x3fc
20000628:	2a00      	cmp	r2, #0
2000062a:	f43f af38 	beq.w	2000049e <dcd_rp2040_irq+0xce>
2000062e:	2200      	movs	r2, #0
20000630:	4823      	ldr	r0, [pc, #140]	@ (200006c0 <dcd_rp2040_irq+0x2f0>)
20000632:	f883 23fc 	strb.w	r2, [r3, #1020]	@ 0x3fc
20000636:	f000 fa7b 	bl	20000b30 <hw_endpoint_start_next_buffer>
2000063a:	e730      	b.n	2000049e <dcd_rp2040_irq+0xce>
2000063c:	f893 633a 	ldrb.w	r6, [r3, #826]	@ 0x33a
20000640:	2e00      	cmp	r6, #0
20000642:	f43f af14 	beq.w	2000046e <dcd_rp2040_irq+0x9e>
20000646:	f893 233c 	ldrb.w	r2, [r3, #828]	@ 0x33c
2000064a:	2a00      	cmp	r2, #0
2000064c:	f040 80a9 	bne.w	200007a2 <dcd_rp2040_irq+0x3d2>
20000650:	4635      	mov	r5, r6
20000652:	e70c      	b.n	2000046e <dcd_rp2040_irq+0x9e>
20000654:	f893 62fa 	ldrb.w	r6, [r3, #762]	@ 0x2fa
20000658:	2e00      	cmp	r6, #0
2000065a:	f43f af03 	beq.w	20000464 <dcd_rp2040_irq+0x94>
2000065e:	f893 22fc 	ldrb.w	r2, [r3, #764]	@ 0x2fc
20000662:	2a00      	cmp	r2, #0
20000664:	f040 80af 	bne.w	200007c6 <dcd_rp2040_irq+0x3f6>
20000668:	4635      	mov	r5, r6
2000066a:	e6fb      	b.n	20000464 <dcd_rp2040_irq+0x94>
2000066c:	f893 62ba 	ldrb.w	r6, [r3, #698]	@ 0x2ba
20000670:	2e00      	cmp	r6, #0
20000672:	f43f aef2 	beq.w	2000045a <dcd_rp2040_irq+0x8a>
20000676:	f893 22bc 	ldrb.w	r2, [r3, #700]	@ 0x2bc
2000067a:	2a00      	cmp	r2, #0
2000067c:	f040 809a 	bne.w	200007b4 <dcd_rp2040_irq+0x3e4>
20000680:	4635      	mov	r5, r6
20000682:	e6ea      	b.n	2000045a <dcd_rp2040_irq+0x8a>
20000684:	f893 627a 	ldrb.w	r6, [r3, #634]	@ 0x27a
20000688:	2e00      	cmp	r6, #0
2000068a:	f43f aee1 	beq.w	20000450 <dcd_rp2040_irq+0x80>
2000068e:	f893 227c 	ldrb.w	r2, [r3, #636]	@ 0x27c
20000692:	2a00      	cmp	r2, #0
20000694:	f040 80cd 	bne.w	20000832 <dcd_rp2040_irq+0x462>
20000698:	4635      	mov	r5, r6
2000069a:	e6d9      	b.n	20000450 <dcd_rp2040_irq+0x80>
2000069c:	50110000 	.word	0x50110000
200006a0:	400b0000 	.word	0x400b0000
200006a4:	20001ae8 	.word	0x20001ae8
200006a8:	20001ae0 	.word	0x20001ae0
200006ac:	20002042 	.word	0x20002042
200006b0:	50113000 	.word	0x50113000
200006b4:	00020010 	.word	0x00020010
200006b8:	50100000 	.word	0x50100000
200006bc:	50112000 	.word	0x50112000
200006c0:	20001ec8 	.word	0x20001ec8
200006c4:	f893 623a 	ldrb.w	r6, [r3, #570]	@ 0x23a
200006c8:	2e00      	cmp	r6, #0
200006ca:	f43f aebc 	beq.w	20000446 <dcd_rp2040_irq+0x76>
200006ce:	f893 223c 	ldrb.w	r2, [r3, #572]	@ 0x23c
200006d2:	2a00      	cmp	r2, #0
200006d4:	f040 80a4 	bne.w	20000820 <dcd_rp2040_irq+0x450>
200006d8:	4635      	mov	r5, r6
200006da:	e6b4      	b.n	20000446 <dcd_rp2040_irq+0x76>
200006dc:	f893 61fa 	ldrb.w	r6, [r3, #506]	@ 0x1fa
200006e0:	2e00      	cmp	r6, #0
200006e2:	f43f aeab 	beq.w	2000043c <dcd_rp2040_irq+0x6c>
200006e6:	f893 21fc 	ldrb.w	r2, [r3, #508]	@ 0x1fc
200006ea:	2a00      	cmp	r2, #0
200006ec:	f040 808f 	bne.w	2000080e <dcd_rp2040_irq+0x43e>
200006f0:	4635      	mov	r5, r6
200006f2:	e6a3      	b.n	2000043c <dcd_rp2040_irq+0x6c>
200006f4:	f893 61ba 	ldrb.w	r6, [r3, #442]	@ 0x1ba
200006f8:	2e00      	cmp	r6, #0
200006fa:	f43f ae9a 	beq.w	20000432 <dcd_rp2040_irq+0x62>
200006fe:	f893 21bc 	ldrb.w	r2, [r3, #444]	@ 0x1bc
20000702:	2a00      	cmp	r2, #0
20000704:	d17a      	bne.n	200007fc <dcd_rp2040_irq+0x42c>
20000706:	4635      	mov	r5, r6
20000708:	e693      	b.n	20000432 <dcd_rp2040_irq+0x62>
2000070a:	f893 617a 	ldrb.w	r6, [r3, #378]	@ 0x17a
2000070e:	2e00      	cmp	r6, #0
20000710:	f43f ae8a 	beq.w	20000428 <dcd_rp2040_irq+0x58>
20000714:	f893 217c 	ldrb.w	r2, [r3, #380]	@ 0x17c
20000718:	2a00      	cmp	r2, #0
2000071a:	d166      	bne.n	200007ea <dcd_rp2040_irq+0x41a>
2000071c:	4635      	mov	r5, r6
2000071e:	e683      	b.n	20000428 <dcd_rp2040_irq+0x58>
20000720:	f893 613a 	ldrb.w	r6, [r3, #314]	@ 0x13a
20000724:	2e00      	cmp	r6, #0
20000726:	f43f ae7a 	beq.w	2000041e <dcd_rp2040_irq+0x4e>
2000072a:	f893 213c 	ldrb.w	r2, [r3, #316]	@ 0x13c
2000072e:	2a00      	cmp	r2, #0
20000730:	f040 8091 	bne.w	20000856 <dcd_rp2040_irq+0x486>
20000734:	4635      	mov	r5, r6
20000736:	e672      	b.n	2000041e <dcd_rp2040_irq+0x4e>
20000738:	f893 60fa 	ldrb.w	r6, [r3, #250]	@ 0xfa
2000073c:	2e00      	cmp	r6, #0
2000073e:	f43f ae69 	beq.w	20000414 <dcd_rp2040_irq+0x44>
20000742:	f893 20fc 	ldrb.w	r2, [r3, #252]	@ 0xfc
20000746:	2a00      	cmp	r2, #0
20000748:	d17c      	bne.n	20000844 <dcd_rp2040_irq+0x474>
2000074a:	4635      	mov	r5, r6
2000074c:	e662      	b.n	20000414 <dcd_rp2040_irq+0x44>
2000074e:	f893 60ba 	ldrb.w	r6, [r3, #186]	@ 0xba
20000752:	2e00      	cmp	r6, #0
20000754:	f43f ae59 	beq.w	2000040a <dcd_rp2040_irq+0x3a>
20000758:	f893 20bc 	ldrb.w	r2, [r3, #188]	@ 0xbc
2000075c:	2a00      	cmp	r2, #0
2000075e:	d13b      	bne.n	200007d8 <dcd_rp2040_irq+0x408>
20000760:	4635      	mov	r5, r6
20000762:	e652      	b.n	2000040a <dcd_rp2040_irq+0x3a>
20000764:	f893 607a 	ldrb.w	r6, [r3, #122]	@ 0x7a
20000768:	2e00      	cmp	r6, #0
2000076a:	f43f ae49 	beq.w	20000400 <dcd_rp2040_irq+0x30>
2000076e:	f893 207c 	ldrb.w	r2, [r3, #124]	@ 0x7c
20000772:	2a00      	cmp	r2, #0
20000774:	d178      	bne.n	20000868 <dcd_rp2040_irq+0x498>
20000776:	4635      	mov	r5, r6
20000778:	e642      	b.n	20000400 <dcd_rp2040_irq+0x30>
2000077a:	f893 23ba 	ldrb.w	r2, [r3, #954]	@ 0x3ba
2000077e:	2a00      	cmp	r2, #0
20000780:	f43f ae7f 	beq.w	20000482 <dcd_rp2040_irq+0xb2>
20000784:	f893 23bc 	ldrb.w	r2, [r3, #956]	@ 0x3bc
20000788:	2a00      	cmp	r2, #0
2000078a:	d17e      	bne.n	2000088a <dcd_rp2040_irq+0x4ba>
2000078c:	f893 23fb 	ldrb.w	r2, [r3, #1019]	@ 0x3fb
20000790:	2a02      	cmp	r2, #2
20000792:	f47f ae84 	bne.w	2000049e <dcd_rp2040_irq+0xce>
20000796:	f893 23fa 	ldrb.w	r2, [r3, #1018]	@ 0x3fa
2000079a:	2a00      	cmp	r2, #0
2000079c:	f43f ae7f 	beq.w	2000049e <dcd_rp2040_irq+0xce>
200007a0:	e740      	b.n	20000624 <dcd_rp2040_irq+0x254>
200007a2:	2200      	movs	r2, #0
200007a4:	483f      	ldr	r0, [pc, #252]	@ (200008a4 <dcd_rp2040_irq+0x4d4>)
200007a6:	f883 233c 	strb.w	r2, [r3, #828]	@ 0x33c
200007aa:	4635      	mov	r5, r6
200007ac:	f000 f9c0 	bl	20000b30 <hw_endpoint_start_next_buffer>
200007b0:	4b3d      	ldr	r3, [pc, #244]	@ (200008a8 <dcd_rp2040_irq+0x4d8>)
200007b2:	e65c      	b.n	2000046e <dcd_rp2040_irq+0x9e>
200007b4:	2200      	movs	r2, #0
200007b6:	483d      	ldr	r0, [pc, #244]	@ (200008ac <dcd_rp2040_irq+0x4dc>)
200007b8:	f883 22bc 	strb.w	r2, [r3, #700]	@ 0x2bc
200007bc:	4635      	mov	r5, r6
200007be:	f000 f9b7 	bl	20000b30 <hw_endpoint_start_next_buffer>
200007c2:	4b39      	ldr	r3, [pc, #228]	@ (200008a8 <dcd_rp2040_irq+0x4d8>)
200007c4:	e649      	b.n	2000045a <dcd_rp2040_irq+0x8a>
200007c6:	2200      	movs	r2, #0
200007c8:	4839      	ldr	r0, [pc, #228]	@ (200008b0 <dcd_rp2040_irq+0x4e0>)
200007ca:	f883 22fc 	strb.w	r2, [r3, #764]	@ 0x2fc
200007ce:	4635      	mov	r5, r6
200007d0:	f000 f9ae 	bl	20000b30 <hw_endpoint_start_next_buffer>
200007d4:	4b34      	ldr	r3, [pc, #208]	@ (200008a8 <dcd_rp2040_irq+0x4d8>)
200007d6:	e645      	b.n	20000464 <dcd_rp2040_irq+0x94>
200007d8:	2200      	movs	r2, #0
200007da:	4836      	ldr	r0, [pc, #216]	@ (200008b4 <dcd_rp2040_irq+0x4e4>)
200007dc:	f883 20bc 	strb.w	r2, [r3, #188]	@ 0xbc
200007e0:	4635      	mov	r5, r6
200007e2:	f000 f9a5 	bl	20000b30 <hw_endpoint_start_next_buffer>
200007e6:	4b30      	ldr	r3, [pc, #192]	@ (200008a8 <dcd_rp2040_irq+0x4d8>)
200007e8:	e60f      	b.n	2000040a <dcd_rp2040_irq+0x3a>
200007ea:	2200      	movs	r2, #0
200007ec:	4832      	ldr	r0, [pc, #200]	@ (200008b8 <dcd_rp2040_irq+0x4e8>)
200007ee:	f883 217c 	strb.w	r2, [r3, #380]	@ 0x17c
200007f2:	4635      	mov	r5, r6
200007f4:	f000 f99c 	bl	20000b30 <hw_endpoint_start_next_buffer>
200007f8:	4b2b      	ldr	r3, [pc, #172]	@ (200008a8 <dcd_rp2040_irq+0x4d8>)
200007fa:	e615      	b.n	20000428 <dcd_rp2040_irq+0x58>
200007fc:	2200      	movs	r2, #0
200007fe:	482f      	ldr	r0, [pc, #188]	@ (200008bc <dcd_rp2040_irq+0x4ec>)
20000800:	f883 21bc 	strb.w	r2, [r3, #444]	@ 0x1bc
20000804:	4635      	mov	r5, r6
20000806:	f000 f993 	bl	20000b30 <hw_endpoint_start_next_buffer>
2000080a:	4b27      	ldr	r3, [pc, #156]	@ (200008a8 <dcd_rp2040_irq+0x4d8>)
2000080c:	e611      	b.n	20000432 <dcd_rp2040_irq+0x62>
2000080e:	2200      	movs	r2, #0
20000810:	482b      	ldr	r0, [pc, #172]	@ (200008c0 <dcd_rp2040_irq+0x4f0>)
20000812:	f883 21fc 	strb.w	r2, [r3, #508]	@ 0x1fc
20000816:	4635      	mov	r5, r6
20000818:	f000 f98a 	bl	20000b30 <hw_endpoint_start_next_buffer>
2000081c:	4b22      	ldr	r3, [pc, #136]	@ (200008a8 <dcd_rp2040_irq+0x4d8>)
2000081e:	e60d      	b.n	2000043c <dcd_rp2040_irq+0x6c>
20000820:	2200      	movs	r2, #0
20000822:	4828      	ldr	r0, [pc, #160]	@ (200008c4 <dcd_rp2040_irq+0x4f4>)
20000824:	f883 223c 	strb.w	r2, [r3, #572]	@ 0x23c
20000828:	4635      	mov	r5, r6
2000082a:	f000 f981 	bl	20000b30 <hw_endpoint_start_next_buffer>
2000082e:	4b1e      	ldr	r3, [pc, #120]	@ (200008a8 <dcd_rp2040_irq+0x4d8>)
20000830:	e609      	b.n	20000446 <dcd_rp2040_irq+0x76>
20000832:	2200      	movs	r2, #0
20000834:	4824      	ldr	r0, [pc, #144]	@ (200008c8 <dcd_rp2040_irq+0x4f8>)
20000836:	f883 227c 	strb.w	r2, [r3, #636]	@ 0x27c
2000083a:	4635      	mov	r5, r6
2000083c:	f000 f978 	bl	20000b30 <hw_endpoint_start_next_buffer>
20000840:	4b19      	ldr	r3, [pc, #100]	@ (200008a8 <dcd_rp2040_irq+0x4d8>)
20000842:	e605      	b.n	20000450 <dcd_rp2040_irq+0x80>
20000844:	2200      	movs	r2, #0
20000846:	4821      	ldr	r0, [pc, #132]	@ (200008cc <dcd_rp2040_irq+0x4fc>)
20000848:	f883 20fc 	strb.w	r2, [r3, #252]	@ 0xfc
2000084c:	4635      	mov	r5, r6
2000084e:	f000 f96f 	bl	20000b30 <hw_endpoint_start_next_buffer>
20000852:	4b15      	ldr	r3, [pc, #84]	@ (200008a8 <dcd_rp2040_irq+0x4d8>)
20000854:	e5de      	b.n	20000414 <dcd_rp2040_irq+0x44>
20000856:	2200      	movs	r2, #0
20000858:	481d      	ldr	r0, [pc, #116]	@ (200008d0 <dcd_rp2040_irq+0x500>)
2000085a:	f883 213c 	strb.w	r2, [r3, #316]	@ 0x13c
2000085e:	4635      	mov	r5, r6
20000860:	f000 f966 	bl	20000b30 <hw_endpoint_start_next_buffer>
20000864:	4b10      	ldr	r3, [pc, #64]	@ (200008a8 <dcd_rp2040_irq+0x4d8>)
20000866:	e5da      	b.n	2000041e <dcd_rp2040_irq+0x4e>
20000868:	2200      	movs	r2, #0
2000086a:	481a      	ldr	r0, [pc, #104]	@ (200008d4 <dcd_rp2040_irq+0x504>)
2000086c:	f883 207c 	strb.w	r2, [r3, #124]	@ 0x7c
20000870:	4635      	mov	r5, r6
20000872:	f000 f95d 	bl	20000b30 <hw_endpoint_start_next_buffer>
20000876:	4b0c      	ldr	r3, [pc, #48]	@ (200008a8 <dcd_rp2040_irq+0x4d8>)
20000878:	e5c2      	b.n	20000400 <dcd_rp2040_irq+0x30>
2000087a:	2200      	movs	r2, #0
2000087c:	4816      	ldr	r0, [pc, #88]	@ (200008d8 <dcd_rp2040_irq+0x508>)
2000087e:	f883 237c 	strb.w	r2, [r3, #892]	@ 0x37c
20000882:	f000 f955 	bl	20000b30 <hw_endpoint_start_next_buffer>
20000886:	4b08      	ldr	r3, [pc, #32]	@ (200008a8 <dcd_rp2040_irq+0x4d8>)
20000888:	e6b7      	b.n	200005fa <dcd_rp2040_irq+0x22a>
2000088a:	2200      	movs	r2, #0
2000088c:	4813      	ldr	r0, [pc, #76]	@ (200008dc <dcd_rp2040_irq+0x50c>)
2000088e:	f883 23bc 	strb.w	r2, [r3, #956]	@ 0x3bc
20000892:	f000 f94d 	bl	20000b30 <hw_endpoint_start_next_buffer>
20000896:	4b04      	ldr	r3, [pc, #16]	@ (200008a8 <dcd_rp2040_irq+0x4d8>)
20000898:	e778      	b.n	2000078c <dcd_rp2040_irq+0x3bc>
2000089a:	4811      	ldr	r0, [pc, #68]	@ (200008e0 <dcd_rp2040_irq+0x510>)
2000089c:	ea85 0104 	eor.w	r1, r5, r4
200008a0:	f000 fe16 	bl	200014d0 <__panic_veneer>
200008a4:	20001e08 	.word	0x20001e08
200008a8:	20001ae8 	.word	0x20001ae8
200008ac:	20001d88 	.word	0x20001d88
200008b0:	20001dc8 	.word	0x20001dc8
200008b4:	20001b88 	.word	0x20001b88
200008b8:	20001c48 	.word	0x20001c48
200008bc:	20001c88 	.word	0x20001c88
200008c0:	20001cc8 	.word	0x20001cc8
200008c4:	20001d08 	.word	0x20001d08
200008c8:	20001d48 	.word	0x20001d48
200008cc:	20001bc8 	.word	0x20001bc8
200008d0:	20001c08 	.word	0x20001c08
200008d4:	20001b48 	.word	0x20001b48
200008d8:	20001e48 	.word	0x20001e48
200008dc:	20001e88 	.word	0x20001e88
200008e0:	100062ec 	.word	0x100062ec

200008e4 <prepare_ep_buffer>:
200008e4:	e92d 43f0 	stmdb	sp!, {r4, r5, r6, r7, r8, r9, lr}
200008e8:	8a82      	ldrh	r2, [r0, #20]
200008ea:	f8b0 e018 	ldrh.w	lr, [r0, #24]
200008ee:	4603      	mov	r3, r0
200008f0:	4596      	cmp	lr, r2
200008f2:	78c0      	ldrb	r0, [r0, #3]
200008f4:	bf28      	it	cs
200008f6:	4696      	movcs	lr, r2
200008f8:	1e04      	subs	r4, r0, #0
200008fa:	bf18      	it	ne
200008fc:	2401      	movne	r4, #1
200008fe:	f080 0001 	eor.w	r0, r0, #1
20000902:	460d      	mov	r5, r1
20000904:	eba2 020e 	sub.w	r2, r2, lr
20000908:	7859      	ldrb	r1, [r3, #1]
2000090a:	70d8      	strb	r0, [r3, #3]
2000090c:	b292      	uxth	r2, r2
2000090e:	f44e 6080 	orr.w	r0, lr, #1024	@ 0x400
20000912:	829a      	strh	r2, [r3, #20]
20000914:	ea40 3044 	orr.w	r0, r0, r4, lsl #13
20000918:	bba1      	cbnz	r1, 20000984 <prepare_ep_buffer+0xa0>
2000091a:	6919      	ldr	r1, [r3, #16]
2000091c:	f1be 0f00 	cmp.w	lr, #0
20000920:	d02c      	beq.n	2000097c <prepare_ep_buffer+0x98>
20000922:	f10e 34ff 	add.w	r4, lr, #4294967295	@ 0xffffffff
20000926:	68da      	ldr	r2, [r3, #12]
20000928:	2c05      	cmp	r4, #5
2000092a:	46a1      	mov	r9, r4
2000092c:	eb02 1885 	add.w	r8, r2, r5, lsl #6
20000930:	d92f      	bls.n	20000992 <prepare_ep_buffer+0xae>
20000932:	eba8 0401 	sub.w	r4, r8, r1
20000936:	3c01      	subs	r4, #1
20000938:	2c02      	cmp	r4, #2
2000093a:	46c4      	mov	ip, r8
2000093c:	460a      	mov	r2, r1
2000093e:	d928      	bls.n	20000992 <prepare_ep_buffer+0xae>
20000940:	ea4f 079e 	mov.w	r7, lr, lsr #2
20000944:	eb01 0687 	add.w	r6, r1, r7, lsl #2
20000948:	f852 4b04 	ldr.w	r4, [r2], #4
2000094c:	4296      	cmp	r6, r2
2000094e:	f84c 4b04 	str.w	r4, [ip], #4
20000952:	d1f9      	bne.n	20000948 <prepare_ep_buffer+0x64>
20000954:	ebbe 0f87 	cmp.w	lr, r7, lsl #2
20000958:	d00e      	beq.n	20000978 <prepare_ep_buffer+0x94>
2000095a:	f811 2027 	ldrb.w	r2, [r1, r7, lsl #2]
2000095e:	ebb9 0187 	subs.w	r1, r9, r7, lsl #2
20000962:	f808 2027 	strb.w	r2, [r8, r7, lsl #2]
20000966:	eb08 0287 	add.w	r2, r8, r7, lsl #2
2000096a:	d005      	beq.n	20000978 <prepare_ep_buffer+0x94>
2000096c:	7874      	ldrb	r4, [r6, #1]
2000096e:	2901      	cmp	r1, #1
20000970:	7054      	strb	r4, [r2, #1]
20000972:	d001      	beq.n	20000978 <prepare_ep_buffer+0x94>
20000974:	78b1      	ldrb	r1, [r6, #2]
20000976:	7091      	strb	r1, [r2, #2]
20000978:	6919      	ldr	r1, [r3, #16]
2000097a:	8a9a      	ldrh	r2, [r3, #20]
2000097c:	4471      	add	r1, lr
2000097e:	6119      	str	r1, [r3, #16]
20000980:	f440 4000 	orr.w	r0, r0, #32768	@ 0x8000
20000984:	b90a      	cbnz	r2, 2000098a <prepare_ep_buffer+0xa6>
20000986:	f440 4080 	orr.w	r0, r0, #16384	@ 0x4000
2000098a:	b105      	cbz	r5, 2000098e <prepare_ep_buffer+0xaa>
2000098c:	0400      	lsls	r0, r0, #16
2000098e:	e8bd 83f0 	ldmia.w	sp!, {r4, r5, r6, r7, r8, r9, pc}
20000992:	f108 32ff 	add.w	r2, r8, #4294967295	@ 0xffffffff
20000996:	eb01 060e 	add.w	r6, r1, lr
2000099a:	f811 4b01 	ldrb.w	r4, [r1], #1
2000099e:	42b1      	cmp	r1, r6
200009a0:	f802 4f01 	strb.w	r4, [r2, #1]!
200009a4:	d1f9      	bne.n	2000099a <prepare_ep_buffer+0xb6>
200009a6:	e7e7      	b.n	20000978 <prepare_ep_buffer+0x94>

200009a8 <sync_ep_buffer>:
200009a8:	6883      	ldr	r3, [r0, #8]
200009aa:	e92d 41f0 	stmdb	sp!, {r4, r5, r6, r7, r8, lr}
200009ae:	4605      	mov	r5, r0
200009b0:	6818      	ldr	r0, [r3, #0]
200009b2:	b101      	cbz	r1, 200009b6 <sync_ep_buffer+0xe>
200009b4:	0c00      	lsrs	r0, r0, #16
200009b6:	786a      	ldrb	r2, [r5, #1]
200009b8:	f3c0 0009 	ubfx	r0, r0, #0, #10
200009bc:	b94a      	cbnz	r2, 200009d2 <sync_ep_buffer+0x2a>
200009be:	8aeb      	ldrh	r3, [r5, #22]
200009c0:	4403      	add	r3, r0
200009c2:	82eb      	strh	r3, [r5, #22]
200009c4:	8b2b      	ldrh	r3, [r5, #24]
200009c6:	4283      	cmp	r3, r0
200009c8:	bf84      	itt	hi
200009ca:	2300      	movhi	r3, #0
200009cc:	82ab      	strhhi	r3, [r5, #20]
200009ce:	e8bd 81f0 	ldmia.w	sp!, {r4, r5, r6, r7, r8, pc}
200009d2:	f8d5 c010 	ldr.w	ip, [r5, #16]
200009d6:	b388      	cbz	r0, 20000a3c <sync_ep_buffer+0x94>
200009d8:	1e42      	subs	r2, r0, #1
200009da:	68eb      	ldr	r3, [r5, #12]
200009dc:	2a05      	cmp	r2, #5
200009de:	4616      	mov	r6, r2
200009e0:	eb03 1e81 	add.w	lr, r3, r1, lsl #6
200009e4:	d931      	bls.n	20000a4a <sync_ep_buffer+0xa2>
200009e6:	0189      	lsls	r1, r1, #6
200009e8:	1c4c      	adds	r4, r1, #1
200009ea:	441c      	add	r4, r3
200009ec:	ebac 0404 	sub.w	r4, ip, r4
200009f0:	2c02      	cmp	r4, #2
200009f2:	4662      	mov	r2, ip
200009f4:	d929      	bls.n	20000a4a <sync_ep_buffer+0xa2>
200009f6:	f400 717f 	and.w	r1, r0, #1020	@ 0x3fc
200009fa:	4673      	mov	r3, lr
200009fc:	460f      	mov	r7, r1
200009fe:	ea4f 0890 	mov.w	r8, r0, lsr #2
20000a02:	185c      	adds	r4, r3, r1
20000a04:	f853 1b04 	ldr.w	r1, [r3], #4
20000a08:	42a3      	cmp	r3, r4
20000a0a:	f842 1b04 	str.w	r1, [r2], #4
20000a0e:	d1f9      	bne.n	20000a04 <sync_ep_buffer+0x5c>
20000a10:	42b8      	cmp	r0, r7
20000a12:	d011      	beq.n	20000a38 <sync_ep_buffer+0x90>
20000a14:	f81e 3028 	ldrb.w	r3, [lr, r8, lsl #2]
20000a18:	44be      	add	lr, r7
20000a1a:	f80c 3028 	strb.w	r3, [ip, r8, lsl #2]
20000a1e:	1bf3      	subs	r3, r6, r7
20000a20:	44bc      	add	ip, r7
20000a22:	d009      	beq.n	20000a38 <sync_ep_buffer+0x90>
20000a24:	f89e 2001 	ldrb.w	r2, [lr, #1]
20000a28:	2b01      	cmp	r3, #1
20000a2a:	f88c 2001 	strb.w	r2, [ip, #1]
20000a2e:	d003      	beq.n	20000a38 <sync_ep_buffer+0x90>
20000a30:	f89e 3002 	ldrb.w	r3, [lr, #2]
20000a34:	f88c 3002 	strb.w	r3, [ip, #2]
20000a38:	f8d5 c010 	ldr.w	ip, [r5, #16]
20000a3c:	8aea      	ldrh	r2, [r5, #22]
20000a3e:	eb0c 0300 	add.w	r3, ip, r0
20000a42:	4402      	add	r2, r0
20000a44:	82ea      	strh	r2, [r5, #22]
20000a46:	612b      	str	r3, [r5, #16]
20000a48:	e7bc      	b.n	200009c4 <sync_ep_buffer+0x1c>
20000a4a:	f10c 3cff 	add.w	ip, ip, #4294967295	@ 0xffffffff
20000a4e:	eb0e 0200 	add.w	r2, lr, r0
20000a52:	f81e 3b01 	ldrb.w	r3, [lr], #1
20000a56:	4572      	cmp	r2, lr
20000a58:	f80c 3f01 	strb.w	r3, [ip, #1]!
20000a5c:	d1f9      	bne.n	20000a52 <sync_ep_buffer+0xaa>
20000a5e:	e7eb      	b.n	20000a38 <sync_ep_buffer+0x90>

20000a60 <_hw_endpoint_xfer_sync>:
20000a60:	b510      	push	{r4, lr}
20000a62:	4604      	mov	r4, r0
20000a64:	6883      	ldr	r3, [r0, #8]
20000a66:	2100      	movs	r1, #0
20000a68:	681b      	ldr	r3, [r3, #0]
20000a6a:	f7ff ff9d 	bl	200009a8 <sync_ep_buffer>
20000a6e:	6863      	ldr	r3, [r4, #4]
20000a70:	681b      	ldr	r3, [r3, #0]
20000a72:	005b      	lsls	r3, r3, #1
20000a74:	d502      	bpl.n	20000a7c <_hw_endpoint_xfer_sync+0x1c>
20000a76:	8b23      	ldrh	r3, [r4, #24]
20000a78:	4283      	cmp	r3, r0
20000a7a:	d000      	beq.n	20000a7e <_hw_endpoint_xfer_sync+0x1e>
20000a7c:	bd10      	pop	{r4, pc}
20000a7e:	4620      	mov	r0, r4
20000a80:	e8bd 4010 	ldmia.w	sp!, {r4, lr}
20000a84:	2101      	movs	r1, #1
20000a86:	f7ff bf8f 	b.w	200009a8 <sync_ep_buffer>
20000a8a:	bf00      	nop

20000a8c <e15_is_bulkin_ep>:
20000a8c:	4b08      	ldr	r3, [pc, #32]	@ (20000ab0 <e15_is_bulkin_ep+0x24>)
20000a8e:	6c1b      	ldr	r3, [r3, #64]	@ 0x40
20000a90:	f013 0302 	ands.w	r3, r3, #2
20000a94:	d102      	bne.n	20000a9c <e15_is_bulkin_ep+0x10>
20000a96:	7882      	ldrb	r2, [r0, #2]
20000a98:	09d2      	lsrs	r2, r2, #7
20000a9a:	d101      	bne.n	20000aa0 <e15_is_bulkin_ep+0x14>
20000a9c:	2000      	movs	r0, #0
20000a9e:	4770      	bx	lr
20000aa0:	7ec0      	ldrb	r0, [r0, #27]
20000aa2:	f1a0 0002 	sub.w	r0, r0, #2
20000aa6:	fab0 f080 	clz	r0, r0
20000aaa:	0940      	lsrs	r0, r0, #5
20000aac:	4770      	bx	lr
20000aae:	bf00      	nop
20000ab0:	50110000 	.word	0x50110000

20000ab4 <e15_is_critical_frame_period>:
20000ab4:	b508      	push	{r3, lr}
20000ab6:	f7ff ffe9 	bl	20000a8c <e15_is_bulkin_ep>
20000aba:	b150      	cbz	r0, 20000ad2 <e15_is_critical_frame_period+0x1e>
20000abc:	4a05      	ldr	r2, [pc, #20]	@ (20000ad4 <e15_is_critical_frame_period+0x20>)
20000abe:	4b06      	ldr	r3, [pc, #24]	@ (20000ad8 <e15_is_critical_frame_period+0x24>)
20000ac0:	6a90      	ldr	r0, [r2, #40]	@ 0x28
20000ac2:	681b      	ldr	r3, [r3, #0]
20000ac4:	f5a0 7048 	sub.w	r0, r0, #800	@ 0x320
20000ac8:	1ac0      	subs	r0, r0, r3
20000aca:	28c6      	cmp	r0, #198	@ 0xc6
20000acc:	bf8c      	ite	hi
20000ace:	2000      	movhi	r0, #0
20000ad0:	2001      	movls	r0, #1
20000ad2:	bd08      	pop	{r3, pc}
20000ad4:	400b0000 	.word	0x400b0000
20000ad8:	20001ae0 	.word	0x20001ae0

20000adc <hw_endpoint_reset_transfer>:
20000adc:	2300      	movs	r3, #0
20000ade:	e9c0 3304 	strd	r3, r3, [r0, #16]
20000ae2:	7683      	strb	r3, [r0, #26]
20000ae4:	4770      	bx	lr
20000ae6:	bf00      	nop

20000ae8 <_hw_endpoint_buffer_control_update32>:
20000ae8:	b508      	push	{r3, lr}
20000aea:	6883      	ldr	r3, [r0, #8]
20000aec:	b119      	cbz	r1, 20000af6 <_hw_endpoint_buffer_control_update32+0xe>
20000aee:	f8d3 c000 	ldr.w	ip, [r3]
20000af2:	ea01 010c 	and.w	r1, r1, ip
20000af6:	b18a      	cbz	r2, 20000b1c <_hw_endpoint_buffer_control_update32+0x34>
20000af8:	4311      	orrs	r1, r2
20000afa:	0552      	lsls	r2, r2, #21
20000afc:	d50e      	bpl.n	20000b1c <_hw_endpoint_buffer_control_update32+0x34>
20000afe:	681a      	ldr	r2, [r3, #0]
20000b00:	0552      	lsls	r2, r2, #21
20000b02:	d40d      	bmi.n	20000b20 <_hw_endpoint_buffer_control_update32+0x38>
20000b04:	4a08      	ldr	r2, [pc, #32]	@ (20000b28 <_hw_endpoint_buffer_control_update32+0x40>)
20000b06:	f421 6c80 	bic.w	ip, r1, #1024	@ 0x400
20000b0a:	f8c3 c000 	str.w	ip, [r3]
20000b0e:	6c12      	ldr	r2, [r2, #64]	@ 0x40
20000b10:	0792      	lsls	r2, r2, #30
20000b12:	d403      	bmi.n	20000b1c <_hw_endpoint_buffer_control_update32+0x34>
20000b14:	230c      	movs	r3, #12
20000b16:	3b03      	subs	r3, #3
20000b18:	d2fd      	bcs.n	20000b16 <_hw_endpoint_buffer_control_update32+0x2e>
20000b1a:	6883      	ldr	r3, [r0, #8]
20000b1c:	6019      	str	r1, [r3, #0]
20000b1e:	bd08      	pop	{r3, pc}
20000b20:	7881      	ldrb	r1, [r0, #2]
20000b22:	4802      	ldr	r0, [pc, #8]	@ (20000b2c <_hw_endpoint_buffer_control_update32+0x44>)
20000b24:	f000 fcd4 	bl	200014d0 <__panic_veneer>
20000b28:	50110000 	.word	0x50110000
20000b2c:	10006300 	.word	0x10006300

20000b30 <hw_endpoint_start_next_buffer>:
20000b30:	b530      	push	{r4, r5, lr}
20000b32:	6843      	ldr	r3, [r0, #4]
20000b34:	2100      	movs	r1, #0
20000b36:	b083      	sub	sp, #12
20000b38:	4605      	mov	r5, r0
20000b3a:	681c      	ldr	r4, [r3, #0]
20000b3c:	f7ff fed2 	bl	200008e4 <prepare_ep_buffer>
20000b40:	4b13      	ldr	r3, [pc, #76]	@ (20000b90 <hw_endpoint_start_next_buffer+0x60>)
20000b42:	f440 5280 	orr.w	r2, r0, #4096	@ 0x1000
20000b46:	6c19      	ldr	r1, [r3, #64]	@ 0x40
20000b48:	78ab      	ldrb	r3, [r5, #2]
20000b4a:	0789      	lsls	r1, r1, #30
20000b4c:	d50e      	bpl.n	20000b6c <hw_endpoint_start_next_buffer+0x3c>
20000b4e:	065b      	lsls	r3, r3, #25
20000b50:	d00e      	beq.n	20000b70 <hw_endpoint_start_next_buffer+0x40>
20000b52:	f024 44a0 	bic.w	r4, r4, #1342177280	@ 0x50000000
20000b56:	f044 5400 	orr.w	r4, r4, #536870912	@ 0x20000000
20000b5a:	2100      	movs	r1, #0
20000b5c:	4628      	mov	r0, r5
20000b5e:	686b      	ldr	r3, [r5, #4]
20000b60:	601c      	str	r4, [r3, #0]
20000b62:	b003      	add	sp, #12
20000b64:	e8bd 4030 	ldmia.w	sp!, {r4, r5, lr}
20000b68:	f7ff bfbe 	b.w	20000ae8 <_hw_endpoint_buffer_control_update32>
20000b6c:	09db      	lsrs	r3, r3, #7
20000b6e:	d0f0      	beq.n	20000b52 <hw_endpoint_start_next_buffer+0x22>
20000b70:	8aab      	ldrh	r3, [r5, #20]
20000b72:	2b00      	cmp	r3, #0
20000b74:	d0ed      	beq.n	20000b52 <hw_endpoint_start_next_buffer+0x22>
20000b76:	2101      	movs	r1, #1
20000b78:	4628      	mov	r0, r5
20000b7a:	9201      	str	r2, [sp, #4]
20000b7c:	f7ff feb2 	bl	200008e4 <prepare_ep_buffer>
20000b80:	9a01      	ldr	r2, [sp, #4]
20000b82:	f024 5400 	bic.w	r4, r4, #536870912	@ 0x20000000
20000b86:	4302      	orrs	r2, r0
20000b88:	f044 44a0 	orr.w	r4, r4, #1342177280	@ 0x50000000
20000b8c:	e7e5      	b.n	20000b5a <hw_endpoint_start_next_buffer+0x2a>
20000b8e:	bf00      	nop
20000b90:	50110000 	.word	0x50110000

20000b94 <hw_endpoint_xfer_continue>:
20000b94:	b538      	push	{r3, r4, r5, lr}
20000b96:	7e85      	ldrb	r5, [r0, #26]
20000b98:	4604      	mov	r4, r0
20000b9a:	b195      	cbz	r5, 20000bc2 <hw_endpoint_xfer_continue+0x2e>
20000b9c:	f7ff ff60 	bl	20000a60 <_hw_endpoint_xfer_sync>
20000ba0:	8aa3      	ldrh	r3, [r4, #20]
20000ba2:	b90b      	cbnz	r3, 20000ba8 <hw_endpoint_xfer_continue+0x14>
20000ba4:	4628      	mov	r0, r5
20000ba6:	bd38      	pop	{r3, r4, r5, pc}
20000ba8:	4620      	mov	r0, r4
20000baa:	f7ff ff83 	bl	20000ab4 <e15_is_critical_frame_period>
20000bae:	b120      	cbz	r0, 20000bba <hw_endpoint_xfer_continue+0x26>
20000bb0:	2301      	movs	r3, #1
20000bb2:	7723      	strb	r3, [r4, #28]
20000bb4:	2500      	movs	r5, #0
20000bb6:	4628      	mov	r0, r5
20000bb8:	bd38      	pop	{r3, r4, r5, pc}
20000bba:	4620      	mov	r0, r4
20000bbc:	f7ff ffb8 	bl	20000b30 <hw_endpoint_start_next_buffer>
20000bc0:	e7f8      	b.n	20000bb4 <hw_endpoint_xfer_continue+0x20>
20000bc2:	7881      	ldrb	r1, [r0, #2]
20000bc4:	4801      	ldr	r0, [pc, #4]	@ (20000bcc <hw_endpoint_xfer_continue+0x38>)
20000bc6:	f000 fc83 	bl	200014d0 <__panic_veneer>
20000bca:	bf00      	nop
20000bcc:	10006320 	.word	0x10006320

20000bd0 <dcd_event_handler>:
20000bd0:	b570      	push	{r4, r5, r6, lr}
20000bd2:	7843      	ldrb	r3, [r0, #1]
20000bd4:	4604      	mov	r4, r0
20000bd6:	3b02      	subs	r3, #2
20000bd8:	460e      	mov	r6, r1
20000bda:	b086      	sub	sp, #24
20000bdc:	2b04      	cmp	r3, #4
20000bde:	d813      	bhi.n	20000c08 <dcd_event_handler+0x38>
20000be0:	e8df f003 	tbb	[pc, r3]
20000be4:	70674903 	.word	0x70674903
20000be8:	44          	.byte	0x44
20000be9:	00          	.byte	0x00
20000bea:	2100      	movs	r1, #0
20000bec:	4b77      	ldr	r3, [pc, #476]	@ (20000dcc <dcd_event_handler+0x1fc>)
20000bee:	781a      	ldrb	r2, [r3, #0]
20000bf0:	f022 0201 	bic.w	r2, r2, #1
20000bf4:	701a      	strb	r2, [r3, #0]
20000bf6:	781a      	ldrb	r2, [r3, #0]
20000bf8:	f022 0202 	bic.w	r2, r2, #2
20000bfc:	701a      	strb	r2, [r3, #0]
20000bfe:	7059      	strb	r1, [r3, #1]
20000c00:	781a      	ldrb	r2, [r3, #0]
20000c02:	f361 0282 	bfi	r2, r1, #2, #1
20000c06:	701a      	strb	r2, [r3, #0]
20000c08:	4b71      	ldr	r3, [pc, #452]	@ (20000dd0 <dcd_event_handler+0x200>)
20000c0a:	681b      	ldr	r3, [r3, #0]
20000c0c:	695a      	ldr	r2, [r3, #20]
20000c0e:	f3ef 8010 	mrs	r0, PRIMASK
20000c12:	b672      	cpsid	i
20000c14:	e8d2 cfcf 	ldaexb	ip, [r2]
20000c18:	2101      	movs	r1, #1
20000c1a:	f1bc 0f00 	cmp.w	ip, #0
20000c1e:	d1f9      	bne.n	20000c14 <dcd_event_handler+0x44>
20000c20:	e8c2 1f4c 	strexb	ip, r1, [r2]
20000c24:	f1bc 0f00 	cmp.w	ip, #0
20000c28:	d1f4      	bne.n	20000c14 <dcd_event_handler+0x44>
20000c2a:	f3bf 8f5f 	dmb	sy
20000c2e:	4621      	mov	r1, r4
20000c30:	6198      	str	r0, [r3, #24]
20000c32:	4618      	mov	r0, r3
20000c34:	9301      	str	r3, [sp, #4]
20000c36:	f000 fc5b 	bl	200014f0 <__tu_fifo_write_veneer>
20000c3a:	9b01      	ldr	r3, [sp, #4]
20000c3c:	2200      	movs	r2, #0
20000c3e:	6959      	ldr	r1, [r3, #20]
20000c40:	e8c1 2f8f 	stlb	r2, [r1]
20000c44:	699b      	ldr	r3, [r3, #24]
20000c46:	f383 8810 	msr	PRIMASK, r3
20000c4a:	b940      	cbnz	r0, 20000c5e <dcd_event_handler+0x8e>
20000c4c:	f04f 23e0 	mov.w	r3, #3758153728	@ 0xe000e000
20000c50:	f8d3 3df0 	ldr.w	r3, [r3, #3568]	@ 0xdf0
20000c54:	07db      	lsls	r3, r3, #31
20000c56:	d507      	bpl.n	20000c68 <dcd_event_handler+0x98>
20000c58:	be00      	bkpt	0x0000
20000c5a:	b006      	add	sp, #24
20000c5c:	bd70      	pop	{r4, r5, r6, pc}
20000c5e:	4632      	mov	r2, r6
20000c60:	7861      	ldrb	r1, [r4, #1]
20000c62:	7820      	ldrb	r0, [r4, #0]
20000c64:	f000 fc40 	bl	200014e8 <__tud_event_hook_cb_veneer>
20000c68:	b006      	add	sp, #24
20000c6a:	bd70      	pop	{r4, r5, r6, pc}
20000c6c:	4a59      	ldr	r2, [pc, #356]	@ (20000dd4 <dcd_event_handler+0x204>)
20000c6e:	7813      	ldrb	r3, [r2, #0]
20000c70:	3301      	adds	r3, #1
20000c72:	7013      	strb	r3, [r2, #0]
20000c74:	e7c8      	b.n	20000c08 <dcd_event_handler+0x38>
20000c76:	2200      	movs	r2, #0
20000c78:	4b57      	ldr	r3, [pc, #348]	@ (20000dd8 <dcd_event_handler+0x208>)
20000c7a:	7818      	ldrb	r0, [r3, #0]
20000c7c:	4613      	mov	r3, r2
20000c7e:	e011      	b.n	20000ca4 <dcd_event_handler+0xd4>
20000c80:	4956      	ldr	r1, [pc, #344]	@ (20000ddc <dcd_event_handler+0x20c>)
20000c82:	6809      	ldr	r1, [r1, #0]
20000c84:	eb11 1343 	adds.w	r3, r1, r3, lsl #5
20000c88:	d008      	beq.n	20000c9c <dcd_event_handler+0xcc>
20000c8a:	69db      	ldr	r3, [r3, #28]
20000c8c:	b133      	cbz	r3, 20000c9c <dcd_event_handler+0xcc>
20000c8e:	7820      	ldrb	r0, [r4, #0]
20000c90:	6861      	ldr	r1, [r4, #4]
20000c92:	9201      	str	r2, [sp, #4]
20000c94:	4798      	blx	r3
20000c96:	4b50      	ldr	r3, [pc, #320]	@ (20000dd8 <dcd_event_handler+0x208>)
20000c98:	9a01      	ldr	r2, [sp, #4]
20000c9a:	7818      	ldrb	r0, [r3, #0]
20000c9c:	3201      	adds	r2, #1
20000c9e:	b2d3      	uxtb	r3, r2
20000ca0:	4283      	cmp	r3, r0
20000ca2:	d818      	bhi.n	20000cd6 <dcd_event_handler+0x106>
20000ca4:	4298      	cmp	r0, r3
20000ca6:	d8eb      	bhi.n	20000c80 <dcd_event_handler+0xb0>
20000ca8:	494d      	ldr	r1, [pc, #308]	@ (20000de0 <dcd_event_handler+0x210>)
20000caa:	1a1b      	subs	r3, r3, r0
20000cac:	eb01 1343 	add.w	r3, r1, r3, lsl #5
20000cb0:	e7eb      	b.n	20000c8a <dcd_event_handler+0xba>
20000cb2:	4b46      	ldr	r3, [pc, #280]	@ (20000dcc <dcd_event_handler+0x1fc>)
20000cb4:	781a      	ldrb	r2, [r3, #0]
20000cb6:	07d2      	lsls	r2, r2, #31
20000cb8:	d5d6      	bpl.n	20000c68 <dcd_event_handler+0x98>
20000cba:	781a      	ldrb	r2, [r3, #0]
20000cbc:	f042 0204 	orr.w	r2, r2, #4
20000cc0:	701a      	strb	r2, [r3, #0]
20000cc2:	e7a1      	b.n	20000c08 <dcd_event_handler+0x38>
20000cc4:	4b41      	ldr	r3, [pc, #260]	@ (20000dcc <dcd_event_handler+0x1fc>)
20000cc6:	781a      	ldrb	r2, [r3, #0]
20000cc8:	07d5      	lsls	r5, r2, #31
20000cca:	d5cd      	bpl.n	20000c68 <dcd_event_handler+0x98>
20000ccc:	781a      	ldrb	r2, [r3, #0]
20000cce:	f022 0204 	bic.w	r2, r2, #4
20000cd2:	701a      	strb	r2, [r3, #0]
20000cd4:	e798      	b.n	20000c08 <dcd_event_handler+0x38>
20000cd6:	4b3d      	ldr	r3, [pc, #244]	@ (20000dcc <dcd_event_handler+0x1fc>)
20000cd8:	781a      	ldrb	r2, [r3, #0]
20000cda:	0750      	lsls	r0, r2, #29
20000cdc:	d433      	bmi.n	20000d46 <dcd_event_handler+0x176>
20000cde:	78db      	ldrb	r3, [r3, #3]
20000ce0:	07da      	lsls	r2, r3, #31
20000ce2:	d5c1      	bpl.n	20000c68 <dcd_event_handler+0x98>
20000ce4:	2203      	movs	r2, #3
20000ce6:	4b3a      	ldr	r3, [pc, #232]	@ (20000dd0 <dcd_event_handler+0x200>)
20000ce8:	7820      	ldrb	r0, [r4, #0]
20000cea:	6861      	ldr	r1, [r4, #4]
20000cec:	681b      	ldr	r3, [r3, #0]
20000cee:	f88d 000c 	strb.w	r0, [sp, #12]
20000cf2:	f88d 200d 	strb.w	r2, [sp, #13]
20000cf6:	695a      	ldr	r2, [r3, #20]
20000cf8:	9104      	str	r1, [sp, #16]
20000cfa:	f3ef 8110 	mrs	r1, PRIMASK
20000cfe:	b672      	cpsid	i
20000d00:	e8d2 4fcf 	ldaexb	r4, [r2]
20000d04:	2001      	movs	r0, #1
20000d06:	2c00      	cmp	r4, #0
20000d08:	d1fa      	bne.n	20000d00 <dcd_event_handler+0x130>
20000d0a:	e8c2 0f44 	strexb	r4, r0, [r2]
20000d0e:	2c00      	cmp	r4, #0
20000d10:	d1f6      	bne.n	20000d00 <dcd_event_handler+0x130>
20000d12:	f3bf 8f5f 	dmb	sy
20000d16:	6199      	str	r1, [r3, #24]
20000d18:	4618      	mov	r0, r3
20000d1a:	a903      	add	r1, sp, #12
20000d1c:	9301      	str	r3, [sp, #4]
20000d1e:	f000 fbe7 	bl	200014f0 <__tu_fifo_write_veneer>
20000d22:	9b01      	ldr	r3, [sp, #4]
20000d24:	2200      	movs	r2, #0
20000d26:	6959      	ldr	r1, [r3, #20]
20000d28:	e8c1 2f8f 	stlb	r2, [r1]
20000d2c:	699b      	ldr	r3, [r3, #24]
20000d2e:	f383 8810 	msr	PRIMASK, r3
20000d32:	2800      	cmp	r0, #0
20000d34:	d08a      	beq.n	20000c4c <dcd_event_handler+0x7c>
20000d36:	4632      	mov	r2, r6
20000d38:	f89d 100d 	ldrb.w	r1, [sp, #13]
20000d3c:	f89d 000c 	ldrb.w	r0, [sp, #12]
20000d40:	f000 fbd2 	bl	200014e8 <__tud_event_hook_cb_veneer>
20000d44:	e790      	b.n	20000c68 <dcd_event_handler+0x98>
20000d46:	2500      	movs	r5, #0
20000d48:	2005      	movs	r0, #5
20000d4a:	7819      	ldrb	r1, [r3, #0]
20000d4c:	e9cd 5504 	strd	r5, r5, [sp, #16]
20000d50:	f021 0104 	bic.w	r1, r1, #4
20000d54:	9503      	str	r5, [sp, #12]
20000d56:	7019      	strb	r1, [r3, #0]
20000d58:	f88d 000d 	strb.w	r0, [sp, #13]
20000d5c:	4a1c      	ldr	r2, [pc, #112]	@ (20000dd0 <dcd_event_handler+0x200>)
20000d5e:	7821      	ldrb	r1, [r4, #0]
20000d60:	6812      	ldr	r2, [r2, #0]
20000d62:	f88d 100c 	strb.w	r1, [sp, #12]
20000d66:	6951      	ldr	r1, [r2, #20]
20000d68:	f3ef 8010 	mrs	r0, PRIMASK
20000d6c:	b672      	cpsid	i
20000d6e:	e8d1 efcf 	ldaexb	lr, [r1]
20000d72:	f05f 0c01 	movs.w	ip, #1
20000d76:	f1be 0f00 	cmp.w	lr, #0
20000d7a:	d1f8      	bne.n	20000d6e <dcd_event_handler+0x19e>
20000d7c:	e8c1 cf4e 	strexb	lr, ip, [r1]
20000d80:	f1be 0f00 	cmp.w	lr, #0
20000d84:	d1f3      	bne.n	20000d6e <dcd_event_handler+0x19e>
20000d86:	f3bf 8f5f 	dmb	sy
20000d8a:	6190      	str	r0, [r2, #24]
20000d8c:	a903      	add	r1, sp, #12
20000d8e:	4610      	mov	r0, r2
20000d90:	9201      	str	r2, [sp, #4]
20000d92:	f000 fbad 	bl	200014f0 <__tu_fifo_write_veneer>
20000d96:	9a01      	ldr	r2, [sp, #4]
20000d98:	6951      	ldr	r1, [r2, #20]
20000d9a:	e8c1 5f8f 	stlb	r5, [r1]
20000d9e:	6992      	ldr	r2, [r2, #24]
20000da0:	f382 8810 	msr	PRIMASK, r2
20000da4:	4b09      	ldr	r3, [pc, #36]	@ (20000dcc <dcd_event_handler+0x1fc>)
20000da6:	b938      	cbnz	r0, 20000db8 <dcd_event_handler+0x1e8>
20000da8:	f04f 22e0 	mov.w	r2, #3758153728	@ 0xe000e000
20000dac:	f8d2 2df0 	ldr.w	r2, [r2, #3568]	@ 0xdf0
20000db0:	07d1      	lsls	r1, r2, #31
20000db2:	d594      	bpl.n	20000cde <dcd_event_handler+0x10e>
20000db4:	be00      	bkpt	0x0000
20000db6:	e792      	b.n	20000cde <dcd_event_handler+0x10e>
20000db8:	4632      	mov	r2, r6
20000dba:	f89d 100d 	ldrb.w	r1, [sp, #13]
20000dbe:	f89d 000c 	ldrb.w	r0, [sp, #12]
20000dc2:	f000 fb91 	bl	200014e8 <__tud_event_hook_cb_veneer>
20000dc6:	4b01      	ldr	r3, [pc, #4]	@ (20000dcc <dcd_event_handler+0x1fc>)
20000dc8:	e789      	b.n	20000cde <dcd_event_handler+0x10e>
20000dca:	bf00      	nop
20000dcc:	20001920 	.word	0x20001920
20000dd0:	20001978 	.word	0x20001978
20000dd4:	20002043 	.word	0x20002043
20000dd8:	20002041 	.word	0x20002041
20000ddc:	20001818 	.word	0x20001818
20000de0:	1000657c 	.word	0x1000657c

20000de4 <__aeabi_drsub>:
20000de4:	f081 4100 	eor.w	r1, r1, #2147483648	@ 0x80000000
20000de8:	e002      	b.n	20000df0 <__adddf3>
20000dea:	bf00      	nop

20000dec <__aeabi_dsub>:
20000dec:	f083 4300 	eor.w	r3, r3, #2147483648	@ 0x80000000

20000df0 <__adddf3>:
20000df0:	b530      	push	{r4, r5, lr}
20000df2:	ea4f 0441 	mov.w	r4, r1, lsl #1
20000df6:	ea4f 0543 	mov.w	r5, r3, lsl #1
20000dfa:	ea94 0f05 	teq	r4, r5
20000dfe:	bf08      	it	eq
20000e00:	ea90 0f02 	teqeq	r0, r2
20000e04:	bf1f      	itttt	ne
20000e06:	ea54 0c00 	orrsne.w	ip, r4, r0
20000e0a:	ea55 0c02 	orrsne.w	ip, r5, r2
20000e0e:	ea7f 5c64 	mvnsne.w	ip, r4, asr #21
20000e12:	ea7f 5c65 	mvnsne.w	ip, r5, asr #21
20000e16:	f000 80e2 	beq.w	20000fde <__adddf3+0x1ee>
20000e1a:	ea4f 5454 	mov.w	r4, r4, lsr #21
20000e1e:	ebd4 5555 	rsbs	r5, r4, r5, lsr #21
20000e22:	bfb8      	it	lt
20000e24:	426d      	neglt	r5, r5
20000e26:	dd0c      	ble.n	20000e42 <__adddf3+0x52>
20000e28:	442c      	add	r4, r5
20000e2a:	ea80 0202 	eor.w	r2, r0, r2
20000e2e:	ea81 0303 	eor.w	r3, r1, r3
20000e32:	ea82 0000 	eor.w	r0, r2, r0
20000e36:	ea83 0101 	eor.w	r1, r3, r1
20000e3a:	ea80 0202 	eor.w	r2, r0, r2
20000e3e:	ea81 0303 	eor.w	r3, r1, r3
20000e42:	2d36      	cmp	r5, #54	@ 0x36
20000e44:	bf88      	it	hi
20000e46:	bd30      	pophi	{r4, r5, pc}
20000e48:	f011 4f00 	tst.w	r1, #2147483648	@ 0x80000000
20000e4c:	ea4f 3101 	mov.w	r1, r1, lsl #12
20000e50:	f44f 1c80 	mov.w	ip, #1048576	@ 0x100000
20000e54:	ea4c 3111 	orr.w	r1, ip, r1, lsr #12
20000e58:	d002      	beq.n	20000e60 <__adddf3+0x70>
20000e5a:	4240      	negs	r0, r0
20000e5c:	eb61 0141 	sbc.w	r1, r1, r1, lsl #1
20000e60:	f013 4f00 	tst.w	r3, #2147483648	@ 0x80000000
20000e64:	ea4f 3303 	mov.w	r3, r3, lsl #12
20000e68:	ea4c 3313 	orr.w	r3, ip, r3, lsr #12
20000e6c:	d002      	beq.n	20000e74 <__adddf3+0x84>
20000e6e:	4252      	negs	r2, r2
20000e70:	eb63 0343 	sbc.w	r3, r3, r3, lsl #1
20000e74:	ea94 0f05 	teq	r4, r5
20000e78:	f000 80a7 	beq.w	20000fca <__adddf3+0x1da>
20000e7c:	f1a4 0401 	sub.w	r4, r4, #1
20000e80:	f1d5 0e20 	rsbs	lr, r5, #32
20000e84:	db0d      	blt.n	20000ea2 <__adddf3+0xb2>
20000e86:	fa02 fc0e 	lsl.w	ip, r2, lr
20000e8a:	fa22 f205 	lsr.w	r2, r2, r5
20000e8e:	1880      	adds	r0, r0, r2
20000e90:	f141 0100 	adc.w	r1, r1, #0
20000e94:	fa03 f20e 	lsl.w	r2, r3, lr
20000e98:	1880      	adds	r0, r0, r2
20000e9a:	fa43 f305 	asr.w	r3, r3, r5
20000e9e:	4159      	adcs	r1, r3
20000ea0:	e00e      	b.n	20000ec0 <__adddf3+0xd0>
20000ea2:	f1a5 0520 	sub.w	r5, r5, #32
20000ea6:	f10e 0e20 	add.w	lr, lr, #32
20000eaa:	2a01      	cmp	r2, #1
20000eac:	fa03 fc0e 	lsl.w	ip, r3, lr
20000eb0:	bf28      	it	cs
20000eb2:	f04c 0c02 	orrcs.w	ip, ip, #2
20000eb6:	fa43 f305 	asr.w	r3, r3, r5
20000eba:	18c0      	adds	r0, r0, r3
20000ebc:	eb51 71e3 	adcs.w	r1, r1, r3, asr #31
20000ec0:	f001 4500 	and.w	r5, r1, #2147483648	@ 0x80000000
20000ec4:	d507      	bpl.n	20000ed6 <__adddf3+0xe6>
20000ec6:	f04f 0e00 	mov.w	lr, #0
20000eca:	f1dc 0c00 	rsbs	ip, ip, #0
20000ece:	eb7e 0000 	sbcs.w	r0, lr, r0
20000ed2:	eb6e 0101 	sbc.w	r1, lr, r1
20000ed6:	f5b1 1f80 	cmp.w	r1, #1048576	@ 0x100000
20000eda:	d31b      	bcc.n	20000f14 <__adddf3+0x124>
20000edc:	f5b1 1f00 	cmp.w	r1, #2097152	@ 0x200000
20000ee0:	d30c      	bcc.n	20000efc <__adddf3+0x10c>
20000ee2:	0849      	lsrs	r1, r1, #1
20000ee4:	ea5f 0030 	movs.w	r0, r0, rrx
20000ee8:	ea4f 0c3c 	mov.w	ip, ip, rrx
20000eec:	f104 0401 	add.w	r4, r4, #1
20000ef0:	ea4f 5244 	mov.w	r2, r4, lsl #21
20000ef4:	f512 0f80 	cmn.w	r2, #4194304	@ 0x400000
20000ef8:	f080 809a 	bcs.w	20001030 <__adddf3+0x240>
20000efc:	f1bc 4f00 	cmp.w	ip, #2147483648	@ 0x80000000
20000f00:	bf08      	it	eq
20000f02:	ea5f 0c50 	movseq.w	ip, r0, lsr #1
20000f06:	f150 0000 	adcs.w	r0, r0, #0
20000f0a:	eb41 5104 	adc.w	r1, r1, r4, lsl #20
20000f0e:	ea41 0105 	orr.w	r1, r1, r5
20000f12:	bd30      	pop	{r4, r5, pc}
20000f14:	ea5f 0c4c 	movs.w	ip, ip, lsl #1
20000f18:	4140      	adcs	r0, r0
20000f1a:	eb41 0101 	adc.w	r1, r1, r1
20000f1e:	3c01      	subs	r4, #1
20000f20:	bf28      	it	cs
20000f22:	f5b1 1f80 	cmpcs.w	r1, #1048576	@ 0x100000
20000f26:	d2e9      	bcs.n	20000efc <__adddf3+0x10c>
20000f28:	f091 0f00 	teq	r1, #0
20000f2c:	bf04      	itt	eq
20000f2e:	4601      	moveq	r1, r0
20000f30:	2000      	moveq	r0, #0
20000f32:	fab1 f381 	clz	r3, r1
20000f36:	bf08      	it	eq
20000f38:	3320      	addeq	r3, #32
20000f3a:	f1a3 030b 	sub.w	r3, r3, #11
20000f3e:	f1b3 0220 	subs.w	r2, r3, #32
20000f42:	da0c      	bge.n	20000f5e <__adddf3+0x16e>
20000f44:	320c      	adds	r2, #12
20000f46:	dd08      	ble.n	20000f5a <__adddf3+0x16a>
20000f48:	f102 0c14 	add.w	ip, r2, #20
20000f4c:	f1c2 020c 	rsb	r2, r2, #12
20000f50:	fa01 f00c 	lsl.w	r0, r1, ip
20000f54:	fa21 f102 	lsr.w	r1, r1, r2
20000f58:	e00c      	b.n	20000f74 <__adddf3+0x184>
20000f5a:	f102 0214 	add.w	r2, r2, #20
20000f5e:	bfd8      	it	le
20000f60:	f1c2 0c20 	rsble	ip, r2, #32
20000f64:	fa01 f102 	lsl.w	r1, r1, r2
20000f68:	fa20 fc0c 	lsr.w	ip, r0, ip
20000f6c:	bfdc      	itt	le
20000f6e:	ea41 010c 	orrle.w	r1, r1, ip
20000f72:	4090      	lslle	r0, r2
20000f74:	1ae4      	subs	r4, r4, r3
20000f76:	bfa2      	ittt	ge
20000f78:	eb01 5104 	addge.w	r1, r1, r4, lsl #20
20000f7c:	4329      	orrge	r1, r5
20000f7e:	bd30      	popge	{r4, r5, pc}
20000f80:	ea6f 0404 	mvn.w	r4, r4
20000f84:	3c1f      	subs	r4, #31
20000f86:	da1c      	bge.n	20000fc2 <__adddf3+0x1d2>
20000f88:	340c      	adds	r4, #12
20000f8a:	dc0e      	bgt.n	20000faa <__adddf3+0x1ba>
20000f8c:	f104 0414 	add.w	r4, r4, #20
20000f90:	f1c4 0220 	rsb	r2, r4, #32
20000f94:	fa20 f004 	lsr.w	r0, r0, r4
20000f98:	fa01 f302 	lsl.w	r3, r1, r2
20000f9c:	ea40 0003 	orr.w	r0, r0, r3
20000fa0:	fa21 f304 	lsr.w	r3, r1, r4
20000fa4:	ea45 0103 	orr.w	r1, r5, r3
20000fa8:	bd30      	pop	{r4, r5, pc}
20000faa:	f1c4 040c 	rsb	r4, r4, #12
20000fae:	f1c4 0220 	rsb	r2, r4, #32
20000fb2:	fa20 f002 	lsr.w	r0, r0, r2
20000fb6:	fa01 f304 	lsl.w	r3, r1, r4
20000fba:	ea40 0003 	orr.w	r0, r0, r3
20000fbe:	4629      	mov	r1, r5
20000fc0:	bd30      	pop	{r4, r5, pc}
20000fc2:	fa21 f004 	lsr.w	r0, r1, r4
20000fc6:	4629      	mov	r1, r5
20000fc8:	bd30      	pop	{r4, r5, pc}
20000fca:	f094 0f00 	teq	r4, #0
20000fce:	f483 1380 	eor.w	r3, r3, #1048576	@ 0x100000
20000fd2:	bf06      	itte	eq
20000fd4:	f481 1180 	eoreq.w	r1, r1, #1048576	@ 0x100000
20000fd8:	3401      	addeq	r4, #1
20000fda:	3d01      	subne	r5, #1
20000fdc:	e74e      	b.n	20000e7c <__adddf3+0x8c>
20000fde:	ea7f 5c64 	mvns.w	ip, r4, asr #21
20000fe2:	bf18      	it	ne
20000fe4:	ea7f 5c65 	mvnsne.w	ip, r5, asr #21
20000fe8:	d029      	beq.n	2000103e <__adddf3+0x24e>
20000fea:	ea94 0f05 	teq	r4, r5
20000fee:	bf08      	it	eq
20000ff0:	ea90 0f02 	teqeq	r0, r2
20000ff4:	d005      	beq.n	20001002 <__adddf3+0x212>
20000ff6:	ea54 0c00 	orrs.w	ip, r4, r0
20000ffa:	bf04      	itt	eq
20000ffc:	4619      	moveq	r1, r3
20000ffe:	4610      	moveq	r0, r2
20001000:	bd30      	pop	{r4, r5, pc}
20001002:	ea91 0f03 	teq	r1, r3
20001006:	bf1e      	ittt	ne
20001008:	2100      	movne	r1, #0
2000100a:	2000      	movne	r0, #0
2000100c:	bd30      	popne	{r4, r5, pc}
2000100e:	ea5f 5c54 	movs.w	ip, r4, lsr #21
20001012:	d105      	bne.n	20001020 <__adddf3+0x230>
20001014:	0040      	lsls	r0, r0, #1
20001016:	4149      	adcs	r1, r1
20001018:	bf28      	it	cs
2000101a:	f041 4100 	orrcs.w	r1, r1, #2147483648	@ 0x80000000
2000101e:	bd30      	pop	{r4, r5, pc}
20001020:	f514 0480 	adds.w	r4, r4, #4194304	@ 0x400000
20001024:	bf3c      	itt	cc
20001026:	f501 1180 	addcc.w	r1, r1, #1048576	@ 0x100000
2000102a:	bd30      	popcc	{r4, r5, pc}
2000102c:	f001 4500 	and.w	r5, r1, #2147483648	@ 0x80000000
20001030:	f045 41fe 	orr.w	r1, r5, #2130706432	@ 0x7f000000
20001034:	f441 0170 	orr.w	r1, r1, #15728640	@ 0xf00000
20001038:	f04f 0000 	mov.w	r0, #0
2000103c:	bd30      	pop	{r4, r5, pc}
2000103e:	ea7f 5c64 	mvns.w	ip, r4, asr #21
20001042:	bf1a      	itte	ne
20001044:	4619      	movne	r1, r3
20001046:	4610      	movne	r0, r2
20001048:	ea7f 5c65 	mvnseq.w	ip, r5, asr #21
2000104c:	bf1c      	itt	ne
2000104e:	460b      	movne	r3, r1
20001050:	4602      	movne	r2, r0
20001052:	ea50 3401 	orrs.w	r4, r0, r1, lsl #12
20001056:	bf06      	itte	eq
20001058:	ea52 3503 	orrseq.w	r5, r2, r3, lsl #12
2000105c:	ea91 0f03 	teqeq	r1, r3
20001060:	f441 2100 	orrne.w	r1, r1, #524288	@ 0x80000
20001064:	bd30      	pop	{r4, r5, pc}
20001066:	bf00      	nop

20001068 <__aeabi_ui2d>:
20001068:	f090 0f00 	teq	r0, #0
2000106c:	bf04      	itt	eq
2000106e:	2100      	moveq	r1, #0
20001070:	4770      	bxeq	lr
20001072:	b530      	push	{r4, r5, lr}
20001074:	f44f 6480 	mov.w	r4, #1024	@ 0x400
20001078:	f104 0432 	add.w	r4, r4, #50	@ 0x32
2000107c:	f04f 0500 	mov.w	r5, #0
20001080:	f04f 0100 	mov.w	r1, #0
20001084:	e750      	b.n	20000f28 <__adddf3+0x138>
20001086:	bf00      	nop

20001088 <__aeabi_i2d>:
20001088:	f090 0f00 	teq	r0, #0
2000108c:	bf04      	itt	eq
2000108e:	2100      	moveq	r1, #0
20001090:	4770      	bxeq	lr
20001092:	b530      	push	{r4, r5, lr}
20001094:	f44f 6480 	mov.w	r4, #1024	@ 0x400
20001098:	f104 0432 	add.w	r4, r4, #50	@ 0x32
2000109c:	f010 4500 	ands.w	r5, r0, #2147483648	@ 0x80000000
200010a0:	bf48      	it	mi
200010a2:	4240      	negmi	r0, r0
200010a4:	f04f 0100 	mov.w	r1, #0
200010a8:	e73e      	b.n	20000f28 <__adddf3+0x138>
200010aa:	bf00      	nop

200010ac <__aeabi_f2d>:
200010ac:	0042      	lsls	r2, r0, #1
200010ae:	ea4f 01e2 	mov.w	r1, r2, asr #3
200010b2:	ea4f 0131 	mov.w	r1, r1, rrx
200010b6:	ea4f 7002 	mov.w	r0, r2, lsl #28
200010ba:	bf1f      	itttt	ne
200010bc:	f012 437f 	andsne.w	r3, r2, #4278190080	@ 0xff000000
200010c0:	f093 4f7f 	teqne	r3, #4278190080	@ 0xff000000
200010c4:	f081 5160 	eorne.w	r1, r1, #939524096	@ 0x38000000
200010c8:	4770      	bxne	lr
200010ca:	f032 427f 	bics.w	r2, r2, #4278190080	@ 0xff000000
200010ce:	bf08      	it	eq
200010d0:	4770      	bxeq	lr
200010d2:	f093 4f7f 	teq	r3, #4278190080	@ 0xff000000
200010d6:	bf04      	itt	eq
200010d8:	f441 2100 	orreq.w	r1, r1, #524288	@ 0x80000
200010dc:	4770      	bxeq	lr
200010de:	b530      	push	{r4, r5, lr}
200010e0:	f44f 7460 	mov.w	r4, #896	@ 0x380
200010e4:	f001 4500 	and.w	r5, r1, #2147483648	@ 0x80000000
200010e8:	f021 4100 	bic.w	r1, r1, #2147483648	@ 0x80000000
200010ec:	e71c      	b.n	20000f28 <__adddf3+0x138>
200010ee:	bf00      	nop

200010f0 <__aeabi_ul2d>:
200010f0:	ea50 0201 	orrs.w	r2, r0, r1
200010f4:	bf08      	it	eq
200010f6:	4770      	bxeq	lr
200010f8:	b530      	push	{r4, r5, lr}
200010fa:	f04f 0500 	mov.w	r5, #0
200010fe:	e00a      	b.n	20001116 <__aeabi_l2d+0x16>

20001100 <__aeabi_l2d>:
20001100:	ea50 0201 	orrs.w	r2, r0, r1
20001104:	bf08      	it	eq
20001106:	4770      	bxeq	lr
20001108:	b530      	push	{r4, r5, lr}
2000110a:	f011 4500 	ands.w	r5, r1, #2147483648	@ 0x80000000
2000110e:	d502      	bpl.n	20001116 <__aeabi_l2d+0x16>
20001110:	4240      	negs	r0, r0
20001112:	eb61 0141 	sbc.w	r1, r1, r1, lsl #1
20001116:	f44f 6480 	mov.w	r4, #1024	@ 0x400
2000111a:	f104 0432 	add.w	r4, r4, #50	@ 0x32
2000111e:	ea5f 5c91 	movs.w	ip, r1, lsr #22
20001122:	f43f aed8 	beq.w	20000ed6 <__adddf3+0xe6>
20001126:	f04f 0203 	mov.w	r2, #3
2000112a:	ea5f 0cdc 	movs.w	ip, ip, lsr #3
2000112e:	bf18      	it	ne
20001130:	3203      	addne	r2, #3
20001132:	ea5f 0cdc 	movs.w	ip, ip, lsr #3
20001136:	bf18      	it	ne
20001138:	3203      	addne	r2, #3
2000113a:	eb02 02dc 	add.w	r2, r2, ip, lsr #3
2000113e:	f1c2 0320 	rsb	r3, r2, #32
20001142:	fa00 fc03 	lsl.w	ip, r0, r3
20001146:	fa20 f002 	lsr.w	r0, r0, r2
2000114a:	fa01 fe03 	lsl.w	lr, r1, r3
2000114e:	ea40 000e 	orr.w	r0, r0, lr
20001152:	fa21 f102 	lsr.w	r1, r1, r2
20001156:	4414      	add	r4, r2
20001158:	e6bd      	b.n	20000ed6 <__adddf3+0xe6>
2000115a:	bf00      	nop

2000115c <__aeabi_uldivmod>:
2000115c:	b953      	cbnz	r3, 20001174 <__aeabi_uldivmod+0x18>
2000115e:	b94a      	cbnz	r2, 20001174 <__aeabi_uldivmod+0x18>
20001160:	2900      	cmp	r1, #0
20001162:	bf08      	it	eq
20001164:	2800      	cmpeq	r0, #0
20001166:	bf1c      	itt	ne
20001168:	f04f 31ff 	movne.w	r1, #4294967295	@ 0xffffffff
2000116c:	f04f 30ff 	movne.w	r0, #4294967295	@ 0xffffffff
20001170:	f000 b9ac 	b.w	200014cc <__aeabi_idiv0>
20001174:	f1ad 0c08 	sub.w	ip, sp, #8
20001178:	e96d ce04 	strd	ip, lr, [sp, #-16]!
2000117c:	f000 f806 	bl	2000118c <__udivmoddi4>
20001180:	f8dd e004 	ldr.w	lr, [sp, #4]
20001184:	e9dd 2302 	ldrd	r2, r3, [sp, #8]
20001188:	b004      	add	sp, #16
2000118a:	4770      	bx	lr

2000118c <__udivmoddi4>:
2000118c:	e92d 47f0 	stmdb	sp!, {r4, r5, r6, r7, r8, r9, sl, lr}
20001190:	4606      	mov	r6, r0
20001192:	b082      	sub	sp, #8
20001194:	4617      	mov	r7, r2
20001196:	4608      	mov	r0, r1
20001198:	9a0a      	ldr	r2, [sp, #40]	@ 0x28
2000119a:	46b4      	mov	ip, r6
2000119c:	460d      	mov	r5, r1
2000119e:	2b00      	cmp	r3, #0
200011a0:	d14d      	bne.n	2000123e <__udivmoddi4+0xb2>
200011a2:	428f      	cmp	r7, r1
200011a4:	46be      	mov	lr, r7
200011a6:	d965      	bls.n	20001274 <__udivmoddi4+0xe8>
200011a8:	fab7 f187 	clz	r1, r7
200011ac:	b149      	cbz	r1, 200011c2 <__udivmoddi4+0x36>
200011ae:	f1c1 0320 	rsb	r3, r1, #32
200011b2:	408d      	lsls	r5, r1
200011b4:	fa07 fe01 	lsl.w	lr, r7, r1
200011b8:	fa06 fc01 	lsl.w	ip, r6, r1
200011bc:	fa26 f303 	lsr.w	r3, r6, r3
200011c0:	431d      	orrs	r5, r3
200011c2:	ea4f 461e 	mov.w	r6, lr, lsr #16
200011c6:	fa1f f08e 	uxth.w	r0, lr
200011ca:	ea4f 431c 	mov.w	r3, ip, lsr #16
200011ce:	fbb5 f4f6 	udiv	r4, r5, r6
200011d2:	fb06 5514 	mls	r5, r6, r4, r5
200011d6:	ea43 4305 	orr.w	r3, r3, r5, lsl #16
200011da:	fb04 f500 	mul.w	r5, r4, r0
200011de:	429d      	cmp	r5, r3
200011e0:	d906      	bls.n	200011f0 <__udivmoddi4+0x64>
200011e2:	eb1e 0303 	adds.w	r3, lr, r3
200011e6:	d202      	bcs.n	200011ee <__udivmoddi4+0x62>
200011e8:	429d      	cmp	r5, r3
200011ea:	f200 814c 	bhi.w	20001486 <__udivmoddi4+0x2fa>
200011ee:	3c01      	subs	r4, #1
200011f0:	1b5b      	subs	r3, r3, r5
200011f2:	fa1f fc8c 	uxth.w	ip, ip
200011f6:	fbb3 f5f6 	udiv	r5, r3, r6
200011fa:	fb06 3315 	mls	r3, r6, r5, r3
200011fe:	fb05 f000 	mul.w	r0, r5, r0
20001202:	ea4c 4c03 	orr.w	ip, ip, r3, lsl #16
20001206:	4560      	cmp	r0, ip
20001208:	d90a      	bls.n	20001220 <__udivmoddi4+0x94>
2000120a:	eb1e 0c0c 	adds.w	ip, lr, ip
2000120e:	bf2c      	ite	cs
20001210:	2301      	movcs	r3, #1
20001212:	2300      	movcc	r3, #0
20001214:	4560      	cmp	r0, ip
20001216:	d902      	bls.n	2000121e <__udivmoddi4+0x92>
20001218:	2b00      	cmp	r3, #0
2000121a:	f000 8137 	beq.w	2000148c <__udivmoddi4+0x300>
2000121e:	3d01      	subs	r5, #1
20001220:	ebac 0c00 	sub.w	ip, ip, r0
20001224:	ea45 4004 	orr.w	r0, r5, r4, lsl #16
20001228:	2400      	movs	r4, #0
2000122a:	b122      	cbz	r2, 20001236 <__udivmoddi4+0xaa>
2000122c:	fa2c f301 	lsr.w	r3, ip, r1
20001230:	2100      	movs	r1, #0
20001232:	e9c2 3100 	strd	r3, r1, [r2]
20001236:	4621      	mov	r1, r4
20001238:	b002      	add	sp, #8
2000123a:	e8bd 87f0 	ldmia.w	sp!, {r4, r5, r6, r7, r8, r9, sl, pc}
2000123e:	428b      	cmp	r3, r1
20001240:	d908      	bls.n	20001254 <__udivmoddi4+0xc8>
20001242:	b10a      	cbz	r2, 20001248 <__udivmoddi4+0xbc>
20001244:	e9c2 6100 	strd	r6, r1, [r2]
20001248:	2400      	movs	r4, #0
2000124a:	4620      	mov	r0, r4
2000124c:	4621      	mov	r1, r4
2000124e:	b002      	add	sp, #8
20001250:	e8bd 87f0 	ldmia.w	sp!, {r4, r5, r6, r7, r8, r9, sl, pc}
20001254:	fab3 f483 	clz	r4, r3
20001258:	2c00      	cmp	r4, #0
2000125a:	d14d      	bne.n	200012f8 <__udivmoddi4+0x16c>
2000125c:	428b      	cmp	r3, r1
2000125e:	f0c0 8105 	bcc.w	2000146c <__udivmoddi4+0x2e0>
20001262:	42b7      	cmp	r7, r6
20001264:	f240 8102 	bls.w	2000146c <__udivmoddi4+0x2e0>
20001268:	4620      	mov	r0, r4
2000126a:	2a00      	cmp	r2, #0
2000126c:	d0e3      	beq.n	20001236 <__udivmoddi4+0xaa>
2000126e:	e9c2 c500 	strd	ip, r5, [r2]
20001272:	e7e0      	b.n	20001236 <__udivmoddi4+0xaa>
20001274:	2f00      	cmp	r7, #0
20001276:	f000 80a2 	beq.w	200013be <__udivmoddi4+0x232>
2000127a:	4619      	mov	r1, r3
2000127c:	fab7 f387 	clz	r3, r7
20001280:	2b00      	cmp	r3, #0
20001282:	f040 80b4 	bne.w	200013ee <__udivmoddi4+0x262>
20001286:	1bc3      	subs	r3, r0, r7
20001288:	fa1f f88e 	uxth.w	r8, lr
2000128c:	0c3f      	lsrs	r7, r7, #16
2000128e:	2401      	movs	r4, #1
20001290:	ea4f 401c 	mov.w	r0, ip, lsr #16
20001294:	fbb3 f5f7 	udiv	r5, r3, r7
20001298:	fb07 3315 	mls	r3, r7, r5, r3
2000129c:	ea40 4303 	orr.w	r3, r0, r3, lsl #16
200012a0:	fb08 f005 	mul.w	r0, r8, r5
200012a4:	4298      	cmp	r0, r3
200012a6:	d90a      	bls.n	200012be <__udivmoddi4+0x132>
200012a8:	eb1e 0303 	adds.w	r3, lr, r3
200012ac:	bf2c      	ite	cs
200012ae:	2601      	movcs	r6, #1
200012b0:	2600      	movcc	r6, #0
200012b2:	4298      	cmp	r0, r3
200012b4:	d902      	bls.n	200012bc <__udivmoddi4+0x130>
200012b6:	2e00      	cmp	r6, #0
200012b8:	f000 80e2 	beq.w	20001480 <__udivmoddi4+0x2f4>
200012bc:	3d01      	subs	r5, #1
200012be:	1a1b      	subs	r3, r3, r0
200012c0:	fa1f fc8c 	uxth.w	ip, ip
200012c4:	fbb3 f0f7 	udiv	r0, r3, r7
200012c8:	fb07 3310 	mls	r3, r7, r0, r3
200012cc:	ea4c 4c03 	orr.w	ip, ip, r3, lsl #16
200012d0:	fb08 f300 	mul.w	r3, r8, r0
200012d4:	4563      	cmp	r3, ip
200012d6:	d90a      	bls.n	200012ee <__udivmoddi4+0x162>
200012d8:	eb1e 0c0c 	adds.w	ip, lr, ip
200012dc:	bf2c      	ite	cs
200012de:	2601      	movcs	r6, #1
200012e0:	2600      	movcc	r6, #0
200012e2:	4563      	cmp	r3, ip
200012e4:	d902      	bls.n	200012ec <__udivmoddi4+0x160>
200012e6:	2e00      	cmp	r6, #0
200012e8:	f000 80c7 	beq.w	2000147a <__udivmoddi4+0x2ee>
200012ec:	3801      	subs	r0, #1
200012ee:	ebac 0c03 	sub.w	ip, ip, r3
200012f2:	ea40 4005 	orr.w	r0, r0, r5, lsl #16
200012f6:	e798      	b.n	2000122a <__udivmoddi4+0x9e>
200012f8:	f1c4 0820 	rsb	r8, r4, #32
200012fc:	40a3      	lsls	r3, r4
200012fe:	fa06 fa04 	lsl.w	sl, r6, r4
20001302:	40a1      	lsls	r1, r4
20001304:	fa27 fc08 	lsr.w	ip, r7, r8
20001308:	fa20 f008 	lsr.w	r0, r0, r8
2000130c:	fa07 f904 	lsl.w	r9, r7, r4
20001310:	ea4c 0c03 	orr.w	ip, ip, r3
20001314:	fa26 f308 	lsr.w	r3, r6, r8
20001318:	ea4f 461c 	mov.w	r6, ip, lsr #16
2000131c:	430b      	orrs	r3, r1
2000131e:	fa1f fe8c 	uxth.w	lr, ip
20001322:	0c19      	lsrs	r1, r3, #16
20001324:	fbb0 f7f6 	udiv	r7, r0, r6
20001328:	fb06 0017 	mls	r0, r6, r7, r0
2000132c:	ea41 4100 	orr.w	r1, r1, r0, lsl #16
20001330:	fb07 f00e 	mul.w	r0, r7, lr
20001334:	4288      	cmp	r0, r1
20001336:	d90a      	bls.n	2000134e <__udivmoddi4+0x1c2>
20001338:	eb1c 0101 	adds.w	r1, ip, r1
2000133c:	bf2c      	ite	cs
2000133e:	2501      	movcs	r5, #1
20001340:	2500      	movcc	r5, #0
20001342:	4288      	cmp	r0, r1
20001344:	d902      	bls.n	2000134c <__udivmoddi4+0x1c0>
20001346:	2d00      	cmp	r5, #0
20001348:	f000 80b2 	beq.w	200014b0 <__udivmoddi4+0x324>
2000134c:	3f01      	subs	r7, #1
2000134e:	1a09      	subs	r1, r1, r0
20001350:	b29b      	uxth	r3, r3
20001352:	fbb1 f0f6 	udiv	r0, r1, r6
20001356:	fb06 1110 	mls	r1, r6, r0, r1
2000135a:	fb00 fe0e 	mul.w	lr, r0, lr
2000135e:	ea43 4301 	orr.w	r3, r3, r1, lsl #16
20001362:	459e      	cmp	lr, r3
20001364:	d90a      	bls.n	2000137c <__udivmoddi4+0x1f0>
20001366:	eb1c 0303 	adds.w	r3, ip, r3
2000136a:	bf2c      	ite	cs
2000136c:	2101      	movcs	r1, #1
2000136e:	2100      	movcc	r1, #0
20001370:	459e      	cmp	lr, r3
20001372:	d902      	bls.n	2000137a <__udivmoddi4+0x1ee>
20001374:	2900      	cmp	r1, #0
20001376:	f000 809e 	beq.w	200014b6 <__udivmoddi4+0x32a>
2000137a:	3801      	subs	r0, #1
2000137c:	ea40 4007 	orr.w	r0, r0, r7, lsl #16
20001380:	eba3 030e 	sub.w	r3, r3, lr
20001384:	fba0 e109 	umull	lr, r1, r0, r9
20001388:	428b      	cmp	r3, r1
2000138a:	4676      	mov	r6, lr
2000138c:	460f      	mov	r7, r1
2000138e:	d302      	bcc.n	20001396 <__udivmoddi4+0x20a>
20001390:	d107      	bne.n	200013a2 <__udivmoddi4+0x216>
20001392:	45f2      	cmp	sl, lr
20001394:	d205      	bcs.n	200013a2 <__udivmoddi4+0x216>
20001396:	ebbe 0609 	subs.w	r6, lr, r9
2000139a:	eb61 010c 	sbc.w	r1, r1, ip
2000139e:	3801      	subs	r0, #1
200013a0:	460f      	mov	r7, r1
200013a2:	b152      	cbz	r2, 200013ba <__udivmoddi4+0x22e>
200013a4:	ebba 0106 	subs.w	r1, sl, r6
200013a8:	eb63 0307 	sbc.w	r3, r3, r7
200013ac:	fa03 f508 	lsl.w	r5, r3, r8
200013b0:	40e1      	lsrs	r1, r4
200013b2:	40e3      	lsrs	r3, r4
200013b4:	430d      	orrs	r5, r1
200013b6:	e9c2 5300 	strd	r5, r3, [r2]
200013ba:	2400      	movs	r4, #0
200013bc:	e73b      	b.n	20001236 <__udivmoddi4+0xaa>
200013be:	0873      	lsrs	r3, r6, #1
200013c0:	46b8      	mov	r8, r7
200013c2:	0849      	lsrs	r1, r1, #1
200013c4:	9701      	str	r7, [sp, #4]
200013c6:	ea43 73c0 	orr.w	r3, r3, r0, lsl #31
200013ca:	ea4f 7cc6 	mov.w	ip, r6, lsl #31
200013ce:	0c1c      	lsrs	r4, r3, #16
200013d0:	b29b      	uxth	r3, r3
200013d2:	ea44 4401 	orr.w	r4, r4, r1, lsl #16
200013d6:	ea43 4304 	orr.w	r3, r3, r4, lsl #16
200013da:	fbb4 f4f7 	udiv	r4, r4, r7
200013de:	fbb1 f5f7 	udiv	r5, r1, r7
200013e2:	211f      	movs	r1, #31
200013e4:	9801      	ldr	r0, [sp, #4]
200013e6:	ea44 4405 	orr.w	r4, r4, r5, lsl #16
200013ea:	1a1b      	subs	r3, r3, r0
200013ec:	e750      	b.n	20001290 <__udivmoddi4+0x104>
200013ee:	4619      	mov	r1, r3
200013f0:	fa07 fe03 	lsl.w	lr, r7, r3
200013f4:	f1c3 0320 	rsb	r3, r3, #32
200013f8:	fa00 f401 	lsl.w	r4, r0, r1
200013fc:	ea4f 471e 	mov.w	r7, lr, lsr #16
20001400:	40d8      	lsrs	r0, r3
20001402:	fa26 f303 	lsr.w	r3, r6, r3
20001406:	fa1f f88e 	uxth.w	r8, lr
2000140a:	fa06 fc01 	lsl.w	ip, r6, r1
2000140e:	4323      	orrs	r3, r4
20001410:	fbb0 f5f7 	udiv	r5, r0, r7
20001414:	0c1c      	lsrs	r4, r3, #16
20001416:	fb07 0015 	mls	r0, r7, r5, r0
2000141a:	ea44 4000 	orr.w	r0, r4, r0, lsl #16
2000141e:	fb05 f408 	mul.w	r4, r5, r8
20001422:	4284      	cmp	r4, r0
20001424:	d94a      	bls.n	200014bc <__udivmoddi4+0x330>
20001426:	eb1e 0000 	adds.w	r0, lr, r0
2000142a:	bf2c      	ite	cs
2000142c:	2601      	movcs	r6, #1
2000142e:	2600      	movcc	r6, #0
20001430:	4284      	cmp	r4, r0
20001432:	d900      	bls.n	20001436 <__udivmoddi4+0x2aa>
20001434:	b38e      	cbz	r6, 2000149a <__udivmoddi4+0x30e>
20001436:	1b00      	subs	r0, r0, r4
20001438:	3d01      	subs	r5, #1
2000143a:	fbb0 f4f7 	udiv	r4, r0, r7
2000143e:	fb04 f608 	mul.w	r6, r4, r8
20001442:	46a1      	mov	r9, r4
20001444:	9601      	str	r6, [sp, #4]
20001446:	fb07 0019 	mls	r0, r7, r9, r0
2000144a:	b29b      	uxth	r3, r3
2000144c:	9e01      	ldr	r6, [sp, #4]
2000144e:	ea43 4300 	orr.w	r3, r3, r0, lsl #16
20001452:	42b3      	cmp	r3, r6
20001454:	d2c6      	bcs.n	200013e4 <__udivmoddi4+0x258>
20001456:	eb1e 0303 	adds.w	r3, lr, r3
2000145a:	bf2c      	ite	cs
2000145c:	2001      	movcs	r0, #1
2000145e:	2000      	movcc	r0, #0
20001460:	42b3      	cmp	r3, r6
20001462:	d200      	bcs.n	20001466 <__udivmoddi4+0x2da>
20001464:	b1a8      	cbz	r0, 20001492 <__udivmoddi4+0x306>
20001466:	f109 34ff 	add.w	r4, r9, #4294967295	@ 0xffffffff
2000146a:	e7bb      	b.n	200013e4 <__udivmoddi4+0x258>
2000146c:	ebb6 0c07 	subs.w	ip, r6, r7
20001470:	eb60 0303 	sbc.w	r3, r0, r3
20001474:	2001      	movs	r0, #1
20001476:	461d      	mov	r5, r3
20001478:	e6f7      	b.n	2000126a <__udivmoddi4+0xde>
2000147a:	44f4      	add	ip, lr
2000147c:	3802      	subs	r0, #2
2000147e:	e736      	b.n	200012ee <__udivmoddi4+0x162>
20001480:	3d02      	subs	r5, #2
20001482:	4473      	add	r3, lr
20001484:	e71b      	b.n	200012be <__udivmoddi4+0x132>
20001486:	3c02      	subs	r4, #2
20001488:	4473      	add	r3, lr
2000148a:	e6b1      	b.n	200011f0 <__udivmoddi4+0x64>
2000148c:	44f4      	add	ip, lr
2000148e:	3d02      	subs	r5, #2
20001490:	e6c6      	b.n	20001220 <__udivmoddi4+0x94>
20001492:	f1a9 0402 	sub.w	r4, r9, #2
20001496:	4473      	add	r3, lr
20001498:	e7a4      	b.n	200013e4 <__udivmoddi4+0x258>
2000149a:	ebae 0404 	sub.w	r4, lr, r4
2000149e:	3d02      	subs	r5, #2
200014a0:	4420      	add	r0, r4
200014a2:	fbb0 f4f7 	udiv	r4, r0, r7
200014a6:	fb04 f608 	mul.w	r6, r4, r8
200014aa:	46a1      	mov	r9, r4
200014ac:	9601      	str	r6, [sp, #4]
200014ae:	e7ca      	b.n	20001446 <__udivmoddi4+0x2ba>
200014b0:	3f02      	subs	r7, #2
200014b2:	4461      	add	r1, ip
200014b4:	e74b      	b.n	2000134e <__udivmoddi4+0x1c2>
200014b6:	3802      	subs	r0, #2
200014b8:	4463      	add	r3, ip
200014ba:	e75f      	b.n	2000137c <__udivmoddi4+0x1f0>
200014bc:	1b00      	subs	r0, r0, r4
200014be:	fbb0 f4f7 	udiv	r4, r0, r7
200014c2:	fb04 f608 	mul.w	r6, r4, r8
200014c6:	46a1      	mov	r9, r4
200014c8:	9601      	str	r6, [sp, #4]
200014ca:	e7bc      	b.n	20001446 <__udivmoddi4+0x2ba>

200014cc <__aeabi_idiv0>:
200014cc:	4770      	bx	lr
200014ce:	bf00      	nop

200014d0 <__panic_veneer>:
200014d0:	f85f f000 	ldr.w	pc, [pc]	@ 200014d4 <__panic_veneer+0x4>
200014d4:	100005e1 	.word	0x100005e1

200014d8 <__memset_veneer>:
200014d8:	f85f f000 	ldr.w	pc, [pc]	@ 200014dc <__memset_veneer+0x4>
200014dc:	10005e09 	.word	0x10005e09

200014e0 <__best_effort_wfe_or_timeout_veneer>:
200014e0:	f85f f000 	ldr.w	pc, [pc]	@ 200014e4 <__best_effort_wfe_or_timeout_veneer+0x4>
200014e4:	10001241 	.word	0x10001241

200014e8 <__tud_event_hook_cb_veneer>:
200014e8:	f85f f000 	ldr.w	pc, [pc]	@ 200014ec <__tud_event_hook_cb_veneer+0x4>
200014ec:	1000455d 	.word	0x1000455d

200014f0 <__tu_fifo_write_veneer>:
200014f0:	f85f f000 	ldr.w	pc, [pc]	@ 200014f4 <__tu_fifo_write_veneer+0x4>
200014f4:	10005b9d 	.word	0x10005b9d

200014f8 <__time_us_64_veneer>:
200014f8:	f85f f000 	ldr.w	pc, [pc]	@ 200014fc <__time_us_64_veneer+0x4>
200014fc:	10001389 	.word	0x10001389

20001500 <freq_salida_anterior>:
20001500:	bf800000                                ....

20001504 <factor_octava>:
20001504:	3f800000                                ...?

20001508 <striped_spin_lock_num>:
20001508:	00000010                                ....

2000150c <irq_handler_chain_slots>:
2000150c:	00000000 	.word	0x00000000
20001510:	00010000 	.word	0x00010000
	...
2000151c:	00020000 	.word	0x00020000
	...
20001528:	00030000 	.word	0x00030000
	...
20001534:	00040000 	.word	0x00040000
	...
20001540:	00050000 	.word	0x00050000
	...
2000154c:	00ff0000 	.word	0x00ff0000
20001550:	00000000 	.word	0x00000000

20001554 <irq_handler_chain_first_slot>:
20001554:	b501      	push	{r0, lr}
20001556:	6848      	ldr	r0, [r1, #4]
20001558:	3101      	adds	r1, #1
2000155a:	468e      	mov	lr, r1
2000155c:	4700      	bx	r0

2000155e <irq_handler_chain_remove_tail>:
2000155e:	4670      	mov	r0, lr
20001560:	3809      	subs	r0, #9
20001562:	4901      	ldr	r1, [pc, #4]	@ (20001568 <irq_handler_chain_remove_tail+0xa>)
20001564:	4788      	blx	r1
20001566:	bd01      	pop	{r0, pc}
20001568:	10000a3d 	.word	0x10000a3d

2000156c <default_alarm_pool>:
	...
20001580:	20001690                                ... 

20001584 <stdio_usb>:
20001584:	10003bf9 10003ba5 10003b1d 10003a8d     .;...;...;...:..
20001594:	00000000 00000100                       ........

2000159c <_usbd_qdef>:
2000159c:	2000197c 000c0010 00000000 00000000     |.. ............
	...

200015b8 <_usbd_rhport>:
200015b8:	000000ff                                ....

200015bc <print_mutex>:
	...
